k,stop_width,n,clusters,unresolved,excess_gross_R,se_gross_R,t,ci_low_R,ci_high_R,p_signal,p_control,signal_gross_R,control_gross_R,cost_R,signal_net_R,control_net_R,excess_net_R,break_even_cost_R,edge_to_cost,required_multiple,exec_tf,regime,band,stage,signal_real,economics_viable,symbol
0.5,0.0025,82660,1415,10,-0.0007621582385676264,0.002471748328428062,-0.30834783210001404,-0.005606784962286628,0.004082468485151375,0.6569199128962013,0.6574280183885797,-0.014620130655698005,-0.013857972417130493,0.632,-0.646620130655698,-0.6458579724171305,-0.0007621582385676264,-0.0007621582385676264,-0.001205946580012067,,5,ALL,primary,A,False,False,
0.5,0.0025,29566,966,10,0.00778766150307786,0.004519555485548122,1.7231034175772242,-0.0010706672485964598,0.016645990254752177,0.6684367178515863,0.663244943516201,0.002655076777379417,-0.005132584725698441,0.632,-0.6293449232226206,-0.6371325847256984,0.00778766150307786,0.00778766150307786,0.01232224921373079,81.15401520086861,5,LOW,primary,A,False,False,
0.5,0.0025,27992,1207,0,-0.0087078450985996,0.004131077996060052,-2.1078868776877524,-0.016804757970877302,-0.0006109322263218981,0.6549014004001144,0.6607066304658474,-0.01764789939982847,-0.008940054301228795,0.632,-0.6496478993998285,-0.6409400543012288,-0.0087078450985996,-0.0087078450985996,-0.013778235915505695,,5,NORMAL,primary,A,False,False,
0.5,0.0025,25102,1019,0,-0.0019719544259421563,0.0038425820020352554,-0.5131847348729822,-0.009503415149931258,0.005559506298046945,0.6456059278145168,0.6469205640984782,-0.031591108278224866,-0.029619153852282754,0.632,-0.6635911082782249,-0.6616191538522828,-0.0019719544259421563,-0.0019719544259421563,-0.0031201810537059434,,5,HIGH,primary,A,False,False,
0.5,0.0025,20698,353,6,0.0027538892646632525,0.0054435639524022875,0.5058982109410031,-0.00791549608204523,0.013423274611371733,0.6632524881631076,0.6614165619866654,-0.005121267755338721,-0.007875157020001855,0.632,-0.6371212677553387,-0.6398751570200019,0.0027538892646632525,0.0027538892646632525,0.004357419722568438,229.49361403508772,5,ALL,primary,A-symbol,False,False,BTCUSD
0.5,0.0025,20824,354,2,-0.001512677679600461,0.0048070108171702226,-0.31468156347751675,-0.010934418881254097,0.007909063522053176,0.6616404149058779,0.6626488666922782,-0.007539377641183176,-0.006026699961582782,0.632,-0.6395393776411832,-0.6380266999615828,-0.001512677679600461,-0.001512677679600461,-0.0023934773411399698,,5,ALL,primary,A-symbol,False,False,ETHUSD
0.5,0.0025,20237,354,0,0.0026683797005485005,0.004778116775367164,0.5584584525654366,-0.006696729179171142,0.012033488580268144,0.6539012699510797,0.6521223501507141,-0.019148095073380444,-0.021816474773928896,0.632,-0.6511480950733805,-0.6538164747739289,0.0026683797005485005,0.0026683797005485005,0.0042221197793488935,236.84785185185183,5,ALL,primary,A-symbol,False,False,SOLUSD
0.5,0.0025,20901,354,2,-0.006817855604994975,0.004695175596521407,-1.4520981089708835,-0.016020399774176936,0.002384688564186983,0.6488684751925745,0.6534137122625712,-0.026697287211138176,-0.01987943160614325,0.632,-0.6586972872111382,-0.6518794316061433,-0.006817855604994975,-0.006817855604994975,-0.010787746210435087,,5,ALL,primary,A-symbol,False,False,XRPUSD
0.5,0.005,82635,1412,35,0.004919223089489925,0.0026744565994515353,1.8393355459567886,-0.0003227118454350833,0.010161158024414935,0.6657106552913414,0.6624311732316814,-0.0014340170629878468,-0.006353240152477846,0.316,-0.31743401706298785,-0.32235324015247785,0.004919223089489925,0.004919223089489925,0.01556716167560103,64.23778597785979,5,ALL,primary,A,False,False,
0.5,0.005,29549,963,27,0.012411587532573015,0.004503122770286637,2.7562178882773347,0.0035854669028112076,0.021237708162334824,0.671562489424346,0.663288097735964,0.007343734136519009,-0.0050678533960539784,0.316,-0.308656265863481,-0.321067853396054,0.012411587532573015,0.012411587532573015,0.03927717573599055,25.46007907293797,5,LOW,primary,A,True,False,
0.5,0.005,27984,1207,8,0.00013400514579759863,0.0048618139492272155,0.02756278771607431,-0.009395150194687745,0.009663160486282941,0.6625214408233276,0.6624321040594625,-0.0062178387650084765,-0.006351843910806232,0.316,-0.3222178387650085,-0.32235184391080624,0.00013400514579759863,0.00013400514579759863,0.0004240669170810083,2358.1184,5,NORMAL,primary,A,False,False,
0.5,0.005,25102,1019,0,0.001434148673412477,0.004456781710822992,0.32179019895224936,-0.007301143479800587,0.01016944082662554,0.6623774998008127,0.6614214006852044,-0.006433750298780905,-0.007867898972193421,0.316,-0.3224337502987809,-0.3238678989721934,0.001434148673412477,0.001434148673412477,0.004538445169026826,220.3397777777778,5,HIGH,primary,A,False,False,
0.5,0.005,20697,353,7,-0.002681548050442093,0.005092877652754417,-0.5265290535679396,-0.012663588249840752,0.0073004921489565645,0.662849688360632,0.6646373870609267,-0.005725467459052114,-0.0030439194086100407,0.316,-0.3217254674590521,-0.31904391940861004,-0.002681548050442093,-0.002681548050442093,-0.00848591155203194,,5,ALL,primary,A-symbol,False,False,BTCUSD
0.5,0.005,20818,353,8,0.00662887885483716,0.0055863715700164625,1.1866161732628224,-0.004320409422395106,0.017578167132069427,0.6638966279181477,0.6594773753482563,-0.004155058122778388,-0.010783936977615483,0.316,-0.3201550581227784,-0.3267839369776155,0.00662887885483716,0.00662887885483716,0.02097746473049734,47.67020289855073,5,ALL,primary,A-symbol,False,False,ETHUSD
0.5,0.005,20236,353,1,0.013639059102589442,0.005658488043348984,2.4103716395797394,0.0025484225376254345,0.02472969566755345,0.6694504842854319,0.6603577782170389,0.004175726428147897,-0.00946333267444166,0.316,-0.3118242735718521,-0.32546333267444166,0.013639059102589442,0.013639059102589442,0.04316157943857418,23.168753623188408,5,ALL,primary,A-symbol,True,False,SOLUSD
0.5,0.005,20884,353,19,0.0022984102662325224,0.005003183637262174,0.45938954731037035,-0.007507829662801339,0.012104650195266384,0.6667305113962843,0.6651982378854625,9.576709442637998e-05,-0.0022026431718062955,0.316,-0.3159042329055736,-0.3182026431718063,0.0022984102662325224,0.0022984102662325224,0.00727345020959659,137.48633333333333,5,ALL,primary,A-symbol,False,False,XRPUSD
0.5,0.0075,82615,1412,55,0.004439266477032016,0.002665683181181346,1.6653391177059063,-0.0007854725580834217,0.009664005512147453,0.6657749803304485,0.6628154693457604,-0.001337529504327306,-0.005776795981359384,0.21066666666666667,-0.21200419617099397,-0.21644346264802605,0.004439266477032016,0.004439266477032016,0.0210724674542659,47.455287434673934,5,ALL,primary,A,False,False,
0.5,0.0075,29545,962,31,0.0064477915044846845,0.004108278324110185,1.5694631657851992,-0.0016044340107712793,0.014500017019740649,0.668573362667118,0.6642748349974615,0.0028600440006769645,-0.0035877475038077478,0.21066666666666667,-0.2078066226659897,-0.21425441417047442,0.0064477915044846845,0.0064477915044846845,0.030606605242807047,32.67268591426072,5,LOW,primary,A,False,False,
0.5,0.0075,27968,1207,24,0.0013944508009153319,0.004957614449451788,0.2812745555616028,-0.008322473520010172,0.011111375121840837,0.6634010297482837,0.6624713958810069,-0.004898455377574384,-0.0062929061784896545,0.21066666666666667,-0.21556512204424105,-0.21695957284515632,0.0013944508009153319,0.0013944508009153319,0.006619228485357588,151.07500854700854,5,NORMAL,primary,A,False,False,
0.5,0.0075,25102,1019,0,0.00546769181738507,0.004809864115376064,1.1367663797208067,-0.0039596418487520164,0.014895025483522154,0.6651262847581866,0.6614811568799299,-0.002310572862720184,-0.007778264680105118,0.21066666666666667,-0.21297723952938685,-0.2184449313467718,0.00546769181738507,0.00546769181738507,0.025954233310372166,38.52936004857316,5,HIGH,primary,A,False,False,
0.5,0.0075,20691,353,13,0.0011599246049006815,0.0047595886906118936,0.2437026979218999,-0.008168869228698632,0.010488718438499994,0.6678265912715673,0.6670533082016336,0.0017398869073508294,0.0005799623024502765,0.21066666666666667,-0.20892677975931584,-0.2100867043642164,0.0011599246049006815,0.0011599246049006815,0.005505971225794375,181.62099999999998,5,ALL,primary,A-symbol,False,False,BTCUSD
0.5,0.0075,20810,353,16,0.007460355598270062,0.0057641594320367836,1.294266004650382,-0.0038373968885220323,0.018758108085062154,0.6661220567035079,0.6611484863046613,-0.000816914944738123,-0.008277270543008086,0.21066666666666667,-0.2114835816114048,-0.21894393720967475,0.007460355598270062,0.007460355598270062,0.03541308037153511,28.23815351583468,5,ALL,primary,A-symbol,False,False,ETHUSD
0.5,0.0075,20232,353,5,0.009230427046263345,0.0055885598737442175,1.6516646962358037,-0.0017231503062753208,0.02018400439880201,0.666765519968367,0.6606119019375247,0.00014827995255051185,-0.009082147093712911,0.21066666666666667,-0.21051838671411616,-0.21974881376037958,0.009230427046263345,0.009230427046263345,0.043815318257579165,22.82306827309237,5,ALL,primary,A-symbol,False,False,SOLUSD
0.5,0.0075,20882,353,21,3.5916099990422375e-05,0.005151495698030259,0.006971975149693973,-0.010061015468148886,0.010132847668129729,0.6624365482233503,0.66241260415669,-0.006345177664974555,-0.006381093764964985,0.21066666666666667,-0.21701184433164122,-0.21704776043163165,3.5916099990422375e-05,3.5916099990422375e-05,0.0001704878164102328,5865.521777777778,5,ALL,primary,A-symbol,False,False,XRPUSD
0.5,0.01,82609,1412,61,0.004267089542301686,0.0025570456996978114,1.668757638084437,-0.0007447200291060244,0.009278899113709396,0.668619641927635,0.6657749155661006,0.002929462891452461,-0.001337626650849133,0.158,-0.15507053710854754,-0.15933762665084913,0.004267089542301686,0.004267089542301686,0.027006895837352444,37.02758014184397,5,ALL,primary,A,False,False,
0.5,0.01,29545,962,31,0.0029192756811643253,0.00360302738403217,0.8102285578238781,-0.004142657991538727,0.009981209353867378,0.6723980368928753,0.6704518531054324,0.008597055339312876,0.005677779658148641,0.158,-0.14940294466068713,-0.15232222034185136,0.0029192756811643253,0.0029192756811643253,0.018476428361799527,54.12301449275363,5,LOW,primary,A,False,False,
0.5,0.01,27965,1207,27,0.0025478276416949757,0.004827008826446001,0.5278274254929991,-0.006913109658139186,0.012008764941529138,0.6660110852851779,0.664312533524048,-0.0009833720722330908,-0.0035311997139280127,0.158,-0.1589833720722331,-0.16153119971392801,0.0025478276416949757,0.0025478276416949757,0.01612549140313276,62.01361403508773,5,NORMAL,primary,A,False,False,
0.5,0.01,25099,1019,3,0.007769233834017291,0.005189988053941089,1.4969656487200613,-0.002403142751707243,0.017941610419741825,0.6670783696561616,0.6618988804334834,0.0006175544842423886,-0.007151679349774787,0.158,-0.1573824455157576,-0.1651516793497748,0.007769233834017291,0.007769233834017291,0.04917236603808412,20.33662564102564,5,HIGH,primary,A,False,False,
0.5,0.01,20688,353,16,-0.004567865429234338,0.004378913296789874,-1.0431504621438803,-0.01315053549094249,0.004014804632473813,0.6707269914926527,0.6737722351121423,0.006090487238979092,0.010658352668213578,0.158,-0.1519095127610209,-0.14734164733178642,-0.004567865429234338,-0.004567865429234338,-0.02891054069135657,,5,ALL,primary,A-symbol,False,False,BTCUSD
0.5,0.01,20807,353,19,0.008614889219974046,0.005308700681322414,1.6227867678213215,-0.0017901641154178835,0.019019942555365977,0.6673715576488681,0.6616282981688855,0.001057336473302195,-0.007557552746671803,0.158,-0.1569426635266978,-0.1655575527466718,0.008614889219974046,0.008614889219974046,0.054524615316291436,18.340340306834033,5,ALL,primary,A-symbol,False,False,ETHUSD
0.5,0.01,20232,353,5,0.011899466192170818,0.005647617669543715,2.106988625724766,0.0008301355598651383,0.0229687968244765,0.6710162119414789,0.6630832344800316,0.006524317912218303,-0.005375148279952668,0.158,-0.1514756820877817,-0.16337514827995267,0.011899466192170818,0.011899466192170818,0.07531307716563809,13.277906542056074,5,ALL,primary,A-symbol,True,False,SOLUSD
0.5,0.01,20882,353,21,0.0012929795996552054,0.005030805755308845,0.25701242754021386,-0.008567399680750131,0.01115335888006054,0.6654535006225457,0.6645915142227756,-0.0018197490661814308,-0.0031127286658365616,0.158,-0.15981974906618143,-0.16111272866583656,0.0012929795996552054,0.0012929795996552054,0.008183415187691173,122.19837037037038,5,ALL,primary,A-symbol,False,False,XRPUSD
0.5,0.015,82599,1412,71,0.0022972433080303634,0.002529692741041199,0.9081115942503115,-0.002660954464410386,0.007255441080471113,0.665395464836136,0.6638639692974492,-0.0019068027457960213,-0.004204046053826183,0.10533333333333333,-0.10724013607912936,-0.10953737938715952,0.0022972433080303634,0.0022972433080303634,0.021809271911680667,45.852057971014496,5,ALL,primary,A,False,False,
0.5,0.015,29545,962,31,0.0004315451006938569,0.0037323808387698327,0.11562193659639812,-0.006883921343295015,0.007747011544682729,0.666914875613471,0.666627178879675,0.0003723134202064937,-5.923168048749261e-05,0.10533333333333333,-0.10496101991312684,-0.10539256501382083,0.0004315451006938569,0.0004315451006938569,0.004096947158485983,244.08418300653594,5,LOW,primary,A,False,False,
0.5,0.015,27965,1207,27,-0.00045592705167173255,0.004545937045105354,-0.10029330524113456,-0.009365963660078226,0.008454109556734764,0.6619345610584659,0.6622385124262471,-0.007098158412301103,-0.006642231360629358,0.10533333333333333,-0.11243149174563444,-0.11197556469396269,-0.00045592705167173255,-0.00045592705167173255,-0.0043284213766303726,,5,NORMAL,primary,A,False,False,
0.5,0.015,25089,1019,13,0.00756307545139304,0.005406745566087225,1.398822148915418,-0.0030341458581379203,0.018160296760924,0.6674638287695803,0.6624217784686516,0.0011957431543705432,-0.0063673322970225765,0.10533333333333333,-0.10413759017896279,-0.11170066563035591,0.00756307545139304,0.00756307545139304,0.07180134922208582,13.927314888010542,5,HIGH,primary,A,False,False,
0.5,0.015,20685,353,19,0.0025380710659898475,0.004504396839086986,0.5634652444397638,-0.006290546738620643,0.011366688870600338,0.6703408266860044,0.6686487793086778,0.005511240029006492,0.0029731689630168034,0.10533333333333333,-0.09982209330432684,-0.10236016437031653,0.0025380710659898475,0.0025380710659898475,0.024095611385979564,41.501333333333335,5,ALL,primary,A-symbol,False,False,BTCUSD
0.5,0.015,20802,353,24,0.0035693683299682726,0.005243380589790908,0.680737983605079,-0.006707657626021907,0.013846394285958453,0.6618594365926354,0.6594798577059898,-0.007210845111046971,-0.010780213441015318,0.10533333333333333,-0.1125441784443803,-0.11611354677434865,0.0035693683299682726,0.0035693683299682726,0.03388640819590132,29.5103569023569,5,ALL,primary,A-symbol,False,False,ETHUSD
0.5,0.015,20230,353,7,0.005635195254572417,0.005541323980126063,1.0169402248962565,-0.005225799746474665,0.0164961902556195,0.6673257538309442,0.6635689569945625,0.000988630746416197,-0.004646564508156148,0.10533333333333333,-0.10434470258691714,-0.10997989784148948,0.005635195254572417,0.005635195254572417,0.053498689125687504,18.69204678362573,5,ALL,primary,A-symbol,False,False,SOLUSD
0.5,0.015,20882,353,21,-0.002442294799348721,0.00490344599418163,-0.49807723022680767,-0.012053048947944716,0.007168459349247273,0.6621492194234269,0.663777415956326,-0.00677617086485971,-0.004333876065510944,0.10533333333333333,-0.11210950419819304,-0.10966720939884428,-0.002442294799348721,-0.002442294799348721,-0.023186343031791658,,5,ALL,primary,A-symbol,False,False,XRPUSD
0.5,0.02,82569,1412,101,0.0027704102023761944,0.002406803878301918,1.1510743469180433,-0.0019469253990955656,0.007487745803847954,0.6645351160847291,0.6626881759498117,-0.0031973258729063314,-0.005967736075282559,0.079,-0.08219732587290633,-0.08496773607528256,0.0027704102023761944,0.0027704102023761944,0.035068483574382206,28.515632786885245,5,ALL,primary,A,False,False,
0.5,0.02,29544,962,32,0.002767059301380991,0.0035574443944664897,0.7778222213915917,-0.004205531711773329,0.009739650314535312,0.6620972109396155,0.6602525047386948,-0.006854183590576768,-0.00962124289195776,0.079,-0.08585418359057677,-0.08862124289195776,0.002767059301380991,0.002767059301380991,0.03502606710608849,28.55016513761468,5,LOW,primary,A,False,False,
0.5,0.02,27958,1207,34,0.00029508548537091354,0.004385503637245632,0.06728656724048358,-0.008300501643630526,0.008890672614372354,0.6633879390514343,0.6631912153945203,-0.004918091422848492,-0.005213176908219541,0.079,-0.08391809142284849,-0.08421317690821954,0.00029508548537091354,0.00029508548537091354,0.0037352593084925764,267.71903030303025,5,NORMAL,primary,A,False,False,
0.5,0.02,25067,1019,35,0.0055351657557745244,0.0053223302658890696,1.0399891549852744,-0.004896601565368051,0.0159669330769171,0.6686879163840906,0.6649978058802409,0.0030318745761359622,-0.002503291179638545,0.079,-0.07596812542386404,-0.08150329117963855,0.0055351657557745244,0.0055351657557745244,0.07006538931360158,14.272381981981981,5,HIGH,primary,A,False,False,
0.5,0.02,20679,353,25,0.0034817931234585814,0.004322757927546831,0.8054564196784673,-0.004990812414533207,0.01195439866145037,0.6626045746892983,0.6602833792736593,-0.0060931379660524865,-0.009574931089511018,0.079,-0.08509313796605249,-0.08857493108951102,0.0034817931234585814,0.0034817931234585814,0.044073330676690906,22.68945833333333,5,ALL,primary,A-symbol,False,False,BTCUSD
0.5,0.02,20787,353,39,0.00966950497907346,0.004731940217124207,2.0434545948152345,0.0003949021535100141,0.018944107804636904,0.6709000817818829,0.6644537451291672,0.006350122672824199,-0.0033193823062491745,0.079,-0.0726498773271758,-0.08231938230624918,0.00966950497907346,0.00966950497907346,0.12239879720346152,8.170014925373135,5,ALL,primary,A-symbol,True,False,ETHUSD
0.5,0.02,20227,353,10,0.004004548375933159,0.005175203963081135,0.7737952754134526,-0.006138851391705866,0.014147948143572186,0.6640628862411628,0.661393187323874,-0.0039056706382557538,-0.00791021901418909,0.079,-0.08290567063825575,-0.08691021901418909,0.004004548375933159,0.004004548375933159,0.05069048577130581,19.72756790123457,5,ALL,primary,A-symbol,False,False,SOLUSD
0.5,0.02,20876,353,27,-0.005999712588618509,0.00495508133643016,-1.210820202790242,-0.01571167200802162,0.003712246830784603,0.660567158459475,0.6645669668518873,-0.009149262310787498,-0.003149549722168965,0.079,-0.0881492623107875,-0.08214954972216897,-0.005999712588618509,-0.005999712588618509,-0.07594572896985455,,5,ALL,primary,A-symbol,False,False,XRPUSD
0.5,0.03,82486,1412,184,0.00409160342361128,0.0021044435279971535,1.9442685770263226,-3.310589126314127e-05,0.0082163127384857,0.660718182479451,0.6579904468637102,-0.008922726280823468,-0.013014329704434724,0.05266666666666667,-0.061589392947490135,-0.06568099637110139,0.00409160342361128,0.00409160342361128,0.07768867260021417,12.871889382716049,5,ALL,primary,A,False,False,
0.5,0.03,29521,961,55,0.0027184038481081266,0.003365592162498398,0.8077044742373535,-0.0038781567903887343,0.009314964486604987,0.6465228142678093,0.6447105450357373,-0.030215778598285947,-0.03293418244639401,0.05266666666666667,-0.08288244526495261,-0.08560084911306068,0.0027184038481081266,0.0027184038481081266,0.0516152629387619,19.37411422637591,5,LOW,primary,A,False,False,
0.5,0.03,27931,1207,61,0.005934266585514303,0.004040337277400014,1.468755249396666,-0.001984794478189723,0.01385332764921833,0.6676094661845261,0.6636532884608499,0.0014141992767890965,-0.0045200673087251175,0.05266666666666667,-0.05125246738987757,-0.057186733975391785,0.005934266585514303,0.005934266585514303,0.11267594782622095,8.875008547008546,5,NORMAL,primary,A,False,False,
0.5,0.03,25034,1018,68,0.003655029160341935,0.004993505864275808,0.731956517061588,-0.0061322423336386475,0.013442300654322519,0.6697691140049533,0.6673324278980587,0.00465367100742986,0.0009986418470879777,0.05266666666666667,-0.04801299565923681,-0.05166802481957869,0.003655029160341935,0.003655029160341935,0.06939928785459369,14.409369763205829,5,HIGH,primary,A,False,False,
0.5,0.03,20652,353,52,0.003195816385822196,0.003902486936098305,0.8189178947046941,-0.004453058008930482,0.010844690780574876,0.6519465427077281,0.6498159984505133,-0.02208018593840788,-0.025276002324229996,0.05266666666666667,-0.07474685260507455,-0.07794266899089666,0.003195816385822196,0.003195816385822196,0.06068005795864929,16.47987878787879,5,ALL,primary,A-symbol,False,False,BTCUSD
0.5,0.03,20767,353,59,0.007873067848028121,0.004260688899073908,1.8478391721440612,-0.000477882394156737,0.016224018090212976,0.6642268984446478,0.6589781865459623,-0.0036596523330283404,-0.011532720181056555,0.05266666666666667,-0.05632631899969501,-0.06419938684772322,0.007873067848028121,0.007873067848028121,0.1494886300258504,6.689471967380225,5,ALL,primary,A-symbol,False,False,ETHUSD
0.5,0.03,20213,353,24,0.0067159748676594265,0.00458492937547391,1.4647935262831058,-0.0022704867082694374,0.01570243644358829,0.6639291545045268,0.6594518379260872,-0.00410626824320981,-0.010822243110869212,0.05266666666666667,-0.05677293490987648,-0.06348890977753588,0.0067159748676594265,0.0067159748676594265,0.12751851014543214,7.841998772252917,5,ALL,primary,A-symbol,False,False,SOLUSD
0.5,0.03,20854,353,49,-0.0013306799654742496,0.004061672303267714,-0.32761874078410647,-0.009291557679878966,0.006630197748930468,0.662798503884147,0.6636856238611297,-0.005802244173779503,-0.004471564208305412,0.05266666666666667,-0.05846891084044617,-0.05713823087497208,-0.0013306799654742496,-0.0013306799654742496,-0.025266075293814864,,5,ALL,primary,A-symbol,False,False,XRPUSD
0.5,0.05,82356,1411,314,0.0021856331050560977,0.001818308447476834,1.2020144921445972,-0.0013782514519984968,0.005749517662110693,0.6521079217057653,0.6506508329690611,-0.021838117441352112,-0.024023750546408262,0.031599999999999996,-0.05343811744135211,-0.05562375054640826,0.0021856331050560977,0.0021856331050560977,0.06916560459038285,14.458053333333334,5,ALL,primary,A,False,False,
0.5,0.05,29456,959,120,0.0047613389462248775,0.0032369828286468207,1.4709188149185501,-0.0015831473979228902,0.011105825290372646,0.6356599674090169,0.6324857414448669,-0.0465100488864747,-0.05127138783269958,0.031599999999999996,-0.07811004888647469,-0.08287138783269957,0.0047613389462248775,0.0047613389462248775,0.1506752831083822,6.636788591800356,5,LOW,primary,A,False,False,
0.5,0.05,27905,1204,87,-0.0005375380756136893,0.004031451116860895,-0.133336126380281,-0.008439182264661045,0.007364106113433665,0.6536104640745386,0.6539688227916144,-0.0195843038881921,-0.01904676581257836,0.031599999999999996,-0.0511843038881921,-0.050646765812578355,-0.0005375380756136893,-0.0005375380756136893,-0.017010698595369918,,5,NORMAL,primary,A,False,False,
0.5,0.05,24995,1016,107,0.0021904380876175238,0.004370495697485013,0.5011875629755234,-0.006375733479453102,0.010756609654688148,0.6698139627925586,0.6683536707341469,0.004720944188837839,0.002530506101220187,0.031599999999999996,-0.026879055811162157,-0.02906949389877981,0.0021904380876175238,0.0021904380876175238,0.06931766100055456,14.426337899543375,5,HIGH,primary,A,False,False,
0.5,0.05,20539,352,165,-0.0017892789327620625,0.0036168263385670716,-0.49470966125261795,-0.008878258556353522,0.005299700690829398,0.6367885486148304,0.6379814012366717,-0.044817177077754455,-0.04302789814499253,0.031599999999999996,-0.07641717707775444,-0.07462789814499252,-0.0017892789327620625,-0.0017892789327620625,-0.05662275103677414,,5,ALL,primary,A-symbol,False,False,BTCUSD
0.5,0.05,20766,353,60,0.006537127997688529,0.003636160220977769,1.797810767516368,-0.0005897460354278984,0.013664002030804957,0.6724934989887316,0.6681354136569392,0.008740248483097401,0.002203120485408716,0.031599999999999996,-0.022859751516902595,-0.02939687951459128,0.006537127997688529,0.006537127997688529,0.20687113916735855,4.8339270718232035,5,ALL,primary,A-symbol,False,False,ETHUSD
0.5,0.05,20205,353,32,0.0016703786191536747,0.003823799177284199,0.4368374335861535,-0.005824267768323355,0.009165025006630705,0.6580054441969809,0.6568918584508785,-0.01299183370452861,-0.014662212323682255,0.031599999999999996,-0.044591833704528606,-0.04626221232368225,0.0016703786191536747,0.0016703786191536747,0.052860082884609964,18.917866666666665,5,ALL,primary,A-symbol,False,False,SOLUSD
0.5,0.05,20846,353,57,0.0022666218938885156,0.003461066926089545,0.654891090606398,-0.004517069281246993,0.009050313069024023,0.6411781636764847,0.6396670824138924,-0.03823275448527297,-0.040499376379161456,0.031599999999999996,-0.06983275448527296,-0.07209937637916145,0.0022666218938885156,0.0022666218938885156,0.07172854094583911,13.94145185185185,5,ALL,primary,A-symbol,False,False,XRPUSD
0.5,0.075,81752,1402,918,0.0021559105587630883,0.0016947865475299244,1.272083827845596,-0.0011658710743955632,0.00547769219192174,0.6625159017516391,0.6610786280457971,-0.006226147372541346,-0.00838205793130431,0.021066666666666668,-0.027292814039208014,-0.029448724597970977,0.0021559105587630883,0.0021559105587630883,0.10233752652356432,9.77158657210402,5,ALL,diagnostic,A,False,False,
0.5,0.075,29149,950,427,0.007358743010051802,0.0030284364338718705,2.429881944275652,0.001423007599662936,0.01329447842044067,0.668050361933514,0.6631445332601461,0.00207554290027101,-0.0052832001097808945,0.021066666666666668,-0.018991123766395657,-0.026349866776447562,0.007358743010051802,0.007358743010051802,0.34930742136321846,2.8628077700077705,5,LOW,diagnostic,A,True,False,
0.5,0.075,27732,1197,260,-0.0022446992643877107,0.0038984628596277996,-0.5757908553224028,-0.009885686469258198,0.005396287940482775,0.6518823020337516,0.6533787682100101,-0.022176546949372544,-0.019931847684984905,0.021066666666666668,-0.04324321361603921,-0.04099851435165157,-0.0022446992643877107,-0.0022446992643877107,-0.10655218027156854,,5,NORMAL,diagnostic,A,False,False,
0.5,0.075,24871,1010,231,0.0009649792931526679,0.004263973985906493,0.22630984530913353,-0.007392409719224056,0.009322368305529393,0.6678862932732902,0.6672429737445217,0.0018294399099352265,0.0008644606167824698,0.021066666666666668,-0.01923722675673144,-0.020202206049884198,0.0009649792931526679,0.0009649792931526679,0.04580597910534816,21.83121111111111,5,HIGH,diagnostic,A,False,False,
0.5,0.075,20223,346,481,0.000927162142115413,0.003094325063190979,0.2996330777088074,-0.005137714981738905,0.006992039265969733,0.6866933689363596,0.686075260841616,0.030040053404539302,0.02911289126242389,0.021066666666666668,0.008973386737872634,0.008046224595757222,0.000927162142115413,0.000927162142115413,0.04401086117636454,22.721664000000004,5,ALL,diagnostic,A-symbol,False,False,BTCUSD
0.5,0.075,20542,351,284,0.00609726414175835,0.0035423726954605167,1.72123733608603,-0.0008457863413442639,0.013040314624860962,0.6610359263947035,0.6569710836335313,-0.00844611040794474,-0.014543374549703003,0.021066666666666668,-0.029512777074611408,-0.03561004121636967,0.00609726414175835,0.00609726414175835,0.2894270953366305,3.4551015302727874,5,ALL,diagnostic,A-symbol,False,False,ETHUSD
0.5,0.075,20186,353,51,0.001746259784008719,0.0034041743135927046,0.51297601801294,-0.004925921870632982,0.00841844143865042,0.6609035965520658,0.6597394233627266,-0.008644605171901354,-0.010390864955910128,0.021066666666666668,-0.02971127183856802,-0.03145753162257679,0.001746259784008719,0.001746259784008719,0.08289207835484426,12.063878959810873,5,ALL,diagnostic,A-symbol,False,False,SOLUSD
0.5,0.075,20801,352,102,-0.0001442238353925292,0.003478373869426928,-0.04146300564760467,-0.006961836619469308,0.00667338894868425,0.6420364405557425,0.6421325897793375,-0.036945339166386315,-0.03680111533099373,0.021066666666666668,-0.05801200583305298,-0.05786778199766039,-0.0001442238353925292,-0.0001442238353925292,-0.0068460681357213225,,5,ALL,diagnostic,A-symbol,False,False,XRPUSD
0.5,0.1,80513,1386,2157,0.001835107373964453,0.001674176630743313,1.096125307369563,-0.0014462788222924404,0.0051164935702213464,0.6637064821830015,0.6624830772670252,-0.004440276725497627,-0.006275384099462267,0.015799999999999998,-0.020240276725497625,-0.022075384099462265,0.001835107373964453,0.001835107373964453,0.11614603632686413,8.609850423011842,5,ALL,diagnostic,A,False,False,
0.5,0.1,28503,932,1073,0.006130933585938323,0.0029615832639494416,2.0701540492102763,0.00032623038859741775,0.011935636783279227,0.6778233870118935,0.6737360979546013,0.016735080517840117,0.010604146931902036,0.015799999999999998,0.0009350805178401193,-0.005195853068097962,0.006130933585938323,0.006130933585938323,0.38803377126191924,2.5770952789699564,5,LOW,diagnostic,A,True,True,
0.5,0.1,27302,1183,690,0.0032140502527287377,0.003892170963924208,0.8257731437080122,-0.0044146048365627105,0.010842705342020186,0.652443044465607,0.6503003442971211,-0.0213354333015896,-0.024549483554318297,0.015799999999999998,-0.037135433301589596,-0.04034948355431829,0.0032140502527287377,0.0032140502527287377,0.20342090207143912,4.91591566951567,5,NORMAL,diagnostic,A,False,False,
0.5,0.1,24708,997,394,-0.004644244779018941,0.004229084381781937,-1.0981679152644561,-0.012933250167311536,0.0036447606092736553,0.6598672494738547,0.6629634126598672,-0.010199125789218,-0.005554881010199075,0.015799999999999998,-0.025999125789217998,-0.021354881010199073,-0.004644244779018941,-0.004644244779018941,-0.2939395429758824,,5,HIGH,diagnostic,A,False,False,
0.5,0.1,19285,336,1419,-0.0013611615245009074,0.0031513164956139894,-0.4319342491924806,-0.007537741855904327,0.004815418806902512,0.7024112004148302,0.7033186414311641,0.053616800622245275,0.05497796214674611,0.015799999999999998,0.03781680062224528,0.03917796214674611,-0.0013611615245009074,-0.0013611615245009074,-0.08614946357600681,,5,ALL,diagnostic,A-symbol,False,False,BTCUSD
0.5,0.1,20515,349,311,0.004825737265415549,0.0034357860551476643,1.4045511530572143,-0.001908403402673873,0.011559877933504971,0.6622471362417743,0.6590299780648307,-0.006629295637338495,-0.01145503290275407,0.015799999999999998,-0.022429295637338493,-0.027255032902754068,0.004825737265415549,0.004825737265415549,0.30542640920351577,3.274111111111111,5,ALL,diagnostic,A-symbol,False,False,ETHUSD
0.5,0.1,20059,351,178,-0.0017573159180417767,0.0034895117180132676,-0.5035993743681405,-0.00859675888534778,0.005082127049264228,0.6533226980407797,0.6544942419861409,-0.020015952938830406,-0.01825863702078867,0.015799999999999998,-0.0358159529388304,-0.034058637020788665,-0.0017573159180417767,-0.0017573159180417767,-0.11122252645834031,,5,ALL,diagnostic,A-symbol,False,False,SOLUSD
0.5,0.1,20654,350,249,0.0053379490655563085,0.003270498284013901,1.6321516178889455,-0.001072227571110937,0.011748125702223555,0.6391013847196669,0.635542752009296,-0.0413479229204996,-0.046685871986056005,0.015799999999999998,-0.0571479229204996,-0.062485871986056,0.0053379490655563085,0.0053379490655563085,0.337844877566855,2.9599383219954647,5,ALL,diagnostic,A-symbol,False,False,XRPUSD
0.5,0.0025,27187,1412,1,-0.0033655791370875788,0.0039892790629087625,-0.8436559799438006,-0.011184566100388753,0.004453407826213595,0.6567477103027182,0.6589914297274433,-0.014878434545922747,-0.011512855408835065,0.632,-0.6468784345459228,-0.6435128554088351,-0.0033655791370875788,-0.0033655791370875788,-0.005325283444758827,,15,ALL,primary,A,False,False,
0.5,0.0025,10113,777,0,0.0028923168199347375,0.006863861694072274,0.42138331872750034,-0.010560852100446919,0.016345485740316395,0.6667655492929893,0.6648373380796994,0.00014832393948394085,-0.0027439928804509073,0.632,-0.6318516760605161,-0.6347439928804509,0.0028923168199347375,0.0028923168199347375,0.004576450664453699,218.5099487179487,15,LOW,primary,A,False,False,
0.5,0.0025,8989,1008,1,-0.015602402936922905,0.006699808302585828,-2.328783486372449,-0.02873402720999113,-0.002470778663854683,0.6505729224607854,0.660974524418734,-0.024140616308822027,-0.008538213371898973,0.632,-0.656140616308822,-0.640538213371899,-0.015602402936922905,-0.015602402936922905,-0.024687346419181813,,15,NORMAL,primary,A,False,False,
0.5,0.0025,8085,794,0,0.002411873840445269,0.006995184160295943,0.3447906138247017,-0.011298687113734779,0.01612243479462532,0.651082251082251,0.6494743351886209,-0.023376623376623495,-0.025788497217068773,0.632,-0.6553766233766235,-0.6577884972170688,0.002411873840445269,0.002411873840445269,0.003816256076653907,262.0369230769231,15,HIGH,primary,A,False,False,
0.5,0.0025,6923,352,0,-0.010075111945688286,0.008614147735387009,-1.169600551926875,-0.026958841507046825,0.006808617615670252,0.6524628051422794,0.6591795464394049,-0.021305792286580916,-0.011230680340892585,0.632,-0.6533057922865809,-0.6432306803408926,-0.010075111945688286,-0.010075111945688286,-0.01594163282545615,,15,ALL,primary,A-symbol,False,False,BTCUSD
0.5,0.0025,6786,354,0,0.004862953138815207,0.007606975250732595,0.6392755304872166,-0.010046718352620675,0.019772624630251093,0.6706454465075155,0.6674034777483053,0.005968169761273234,0.001105216622458105,0.632,-0.6260318302387268,-0.6308947833775419,0.004862953138815207,0.004862953138815207,0.007694546105720265,129.96218181818182,15,ALL,primary,A-symbol,False,False,ETHUSD
0.5,0.0025,6584,354,1,0.004214763061968408,0.007916402973247527,0.5324088574333143,-0.011301386765596742,0.01973091288953356,0.6562879708383961,0.6534781287970839,-0.015568043742405946,-0.019782806804374164,0.632,-0.647568043742406,-0.6517828068043742,0.004214763061968408,0.004214763061968408,0.006668928895519633,149.94911711711714,15,ALL,primary,A-symbol,False,False,SOLUSD
0.5,0.0025,6894,352,0,-0.011966927763272413,0.007652778854864983,-1.5637362571459728,-0.02696637431880778,0.0030325187922629537,0.6478096895851465,0.6557876414273281,-0.02828546562228018,-0.01631853785900783,0.632,-0.6602854656222802,-0.6483185378590078,-0.011966927763272413,-0.011966927763272413,-0.018935012283658882,,15,ALL,primary,A-symbol,False,False,XRPUSD
0.5,0.005,27181,1410,7,0.0065119016960376724,0.004515542095037421,1.4421085129943205,-0.0023385608102356706,0.015362364202311015,0.6712777307678157,0.6669364629704573,0.006916596151723464,0.00040469445568591667,0.316,-0.30908340384827654,-0.3155953055443141,0.0065119016960376724,0.0065119016960376724,0.02060728384822048,48.526531073446336,15,ALL,primary,A,False,False,
0.5,0.005,10113,777,0,0.005339661821417977,0.007752598120766707,0.6887577220228593,-0.009855430495284766,0.020534754138120722,0.6678532581825374,0.6642934836349254,0.001779887273805958,-0.003559774547611916,0.316,-0.31422011272619405,-0.3195597745476119,0.005339661821417977,0.005339661821417977,0.01689766399182904,59.17977777777778,15,LOW,primary,A,False,False,
0.5,0.005,8983,1006,7,-0.00025047311588556164,0.00771943236014336,-0.032447089915418344,-0.015380560541766546,0.014879614309995425,0.6700434153400868,0.6702103974173439,0.005065123010130179,0.005315596126015842,0.316,-0.3109348769898698,-0.31068440387398416,-0.00025047311588556164,-0.00025047311588556164,-0.000792636442675828,,15,NORMAL,primary,A,False,False,
0.5,0.005,8085,794,0,0.01549165120593692,0.007346026339050552,2.1088477621684056,0.0010934395813978403,0.029889862830476004,0.6769325912183055,0.6666048237476809,0.01539888682745838,-9.276437847860475e-05,0.316,-0.3006011131725416,-0.3160927643784786,0.01549165120593692,0.01549165120593692,0.04902421267701557,20.398083832335328,15,HIGH,primary,A,True,False,
0.5,0.005,6922,352,1,0.0006501011268419532,0.009555629947121953,0.0680333092050887,-0.01807893356951707,0.01937913582320098,0.6703264952325917,0.6698930944813638,0.005489742848887591,0.004839641722045762,0.316,-0.3105102571511124,-0.31116035827795424,0.0006501011268419532,0.0006501011268419532,0.0020572820469682064,486.0782222222222,15,ALL,primary,A-symbol,False,False,BTCUSD
0.5,0.005,6783,353,3,0.017470145953118087,0.009077655846696212,1.9245217320588663,-0.00032205950640648486,0.03526235141264267,0.6780185758513931,0.6663718118826478,0.017027863777089758,-0.0004422821760282636,0.316,-0.29897213622291025,-0.31644228217602827,0.017470145953118087,0.017470145953118087,0.05528527200353825,18.088,15,ALL,primary,A-symbol,False,False,ETHUSD
0.5,0.005,6582,353,3,0.004785779398359161,0.008801989697315696,0.5437156328209131,-0.012466120408379602,0.022037679205097926,0.6713764813126709,0.6681859617137648,0.007064721969006316,0.002278942570647091,0.316,-0.3089352780309937,-0.3137210574293529,0.004785779398359161,0.004785779398359161,0.015144871513794813,66.02895238095239,15,ALL,primary,A-symbol,False,False,SOLUSD
0.5,0.005,6894,352,0,0.0032637075718015664,0.008591877898721489,0.3798596314185541,-0.013576373109692553,0.020103788253295687,0.6655062373078039,0.6633304322599362,-0.0017406440382941035,-0.005004351610095714,0.316,-0.3177406440382941,-0.3210043516100957,0.0032637075718015664,0.0032637075718015664,0.010328188518359387,96.8224,15,ALL,primary,A-symbol,False,False,XRPUSD
0.5,0.0075,27178,1410,10,0.010017293399072778,0.0049710080230347085,2.015143277310063,0.0002741176739247519,0.019760469124220807,0.6703215836338214,0.6636433880344397,0.005482375450732047,-0.004534917948340489,0.21066666666666667,-0.20518429121593462,-0.21520158461500716,0.010017293399072778,0.010017293399072778,0.04755044335002901,21.03029813284359,15,ALL,primary,A,True,False,
0.5,0.0075,10113,777,0,0.0030406407594185704,0.007977333283640715,0.3811600507721141,-0.012594932476517228,0.01867621399535437,0.6646890141402155,0.6626619203006032,-0.0029664787896767075,-0.0060071195490951634,0.21066666666666667,-0.21363314545634338,-0.21667378621576183,0.0030406407594185704,0.0030406407594185704,0.014433421326353973,69.28364227642275,15,LOW,primary,A,False,False,
0.5,0.0075,8980,1006,10,0.008853006681514477,0.008680135217816923,1.0199157569968167,-0.008160058345406694,0.025866071708435648,0.6692650334075724,0.6633630289532294,0.0038975501113585054,-0.004955456570155947,0.21066666666666667,-0.20676911655530816,-0.21562212323682262,0.008853006681514477,0.008853006681514477,0.04202376589326492,23.79605870020964,15,NORMAL,primary,A,False,False,
0.5,0.0075,8085,794,0,0.020037105751391466,0.008042276812803202,2.4914717831513395,0.004274243198297189,0.035799968304485744,0.6785405071119357,0.6651824366110081,0.017810760667903658,-0.002226345083487846,0.21066666666666667,-0.192855905998763,-0.21289301175015451,0.020037105751391466,0.020037105751391466,0.09511284375660506,10.513827160493827,15,HIGH,primary,A,True,False,
0.5,0.0075,6919,352,4,0.004769475357710652,0.010196628681847546,0.4677502247582543,-0.01521591685871054,0.024754867574131846,0.6662812545165486,0.6631016042780749,-0.00057811822517706,-0.005347593582887722,0.21066666666666667,-0.21124478489184373,-0.2160142602495544,0.004769475357710652,0.004769475357710652,0.022639914672677147,44.169777777777774,15,ALL,primary,A-symbol,False,False,BTCUSD
0.5,0.0075,6783,353,3,0.022003538257408226,0.010249491024011455,2.1467932608419864,0.0019145358503457714,0.04209254066447068,0.6743328910511573,0.6596638655462185,0.011499336576735963,-0.010504201680672232,0.21066666666666667,-0.1991673300899307,-0.2211708683473389,0.022003538257408226,0.022003538257408226,0.10444717527250741,9.574217755443886,15,ALL,primary,A-symbol,True,False,ETHUSD
0.5,0.0075,6582,353,3,0.006722880583409298,0.010051831298901845,0.668821469789666,-0.012978708762438316,0.026424469929256914,0.669705256760863,0.6652233363719234,0.004557885141294626,-0.002164995442114792,0.21066666666666667,-0.20610878152537204,-0.21283166210878146,0.006722880583409298,0.006722880583409298,0.03191240783263907,31.335774011299435,15,ALL,primary,A-symbol,False,False,SOLUSD
0.5,0.0075,6894,352,0,0.006636205395996518,0.009210993966722002,0.7204657195490709,-0.011417342778778605,0.02468975357077164,0.6710182767624021,0.6665941398317378,0.006527415143603221,-0.0001087902523932982,0.21066666666666667,-0.20413925152306345,-0.21077545691905997,0.006636205395996518,0.006636205395996518,0.031500974980996126,31.745049180327875,15,ALL,primary,A-symbol,False,False,XRPUSD
0.5,0.01,27174,1410,14,0.011095164495473615,0.004946250677231746,2.2431464192759463,0.0014005131680993937,0.020789815822847835,0.6739530433502613,0.6665562670199455,0.010929565025391996,-0.00016559947008176756,0.158,-0.147070434974608,-0.15816559947008177,0.011095164495473615,0.011095164495473615,0.07022256009793428,14.240437810945274,15,ALL,primary,A,True,False,
0.5,0.01,10113,777,0,-0.0001483239394838327,0.007546172038417201,-0.019655520537926064,-0.014938821134781547,0.014642173255813884,0.6705230890932463,0.6706219717195688,0.005784633639869474,0.005932957579353193,0.158,-0.15221536636013053,-0.1520670424206468,-0.0001483239394838327,-0.0001483239394838327,-0.0009387591106571689,,15,LOW,primary,A,False,False,
0.5,0.01,8979,1006,11,0.013865686602071499,0.008997671588351148,1.5410305283894488,-0.0037697497110967476,0.03150112291523975,0.6704532798752645,0.6612094888072169,0.005679919812896728,-0.008185766789174709,0.158,-0.15232008018710327,-0.1661857667891747,0.013865686602071499,0.013865686602071499,0.08775751013969303,11.395036144578315,15,NORMAL,primary,A,False,False,
0.5,0.01,8082,794,3,0.02208611729769859,0.008567119062821805,2.578009846220574,0.0052945639345678515,0.038877670660829325,0.6821331353625341,0.6674090571640683,0.023199703043801145,0.00111358574610243,0.158,-0.13480029695619886,-0.15688641425389757,0.02208611729769859,0.02208611729769859,0.1397855525170797,7.15381512605042,15,HIGH,primary,A,True,False,
0.5,0.01,6918,352,5,0.008889852558542933,0.009373800463401803,0.9483722843527178,-0.0094827963497246,0.027262501466810467,0.67533969355305,0.6694131251806881,0.013009540329575131,0.00411968777103211,0.158,-0.14499045967042487,-0.1538803122289679,0.008889852558542933,0.008889852558542933,0.05626488961103122,17.773073170731706,15,ALL,primary,A-symbol,False,False,BTCUSD
0.5,0.01,6781,353,5,0.019466155434301725,0.01033762138931916,1.8830400825487934,-0.0007955824887638284,0.039727893357367275,0.6771862557144964,0.6642088187582952,0.015779383571744576,-0.003686771862557281,0.158,-0.14222061642825543,-0.16168677186255728,0.019466155434301725,0.019466155434301725,0.12320351540697294,8.116651515151515,15,ALL,primary,A-symbol,False,False,ETHUSD
0.5,0.01,6581,353,4,0.01173833763865674,0.010361542345062084,1.1328755167661677,-0.008570285357664947,0.03204696063497842,0.673757787570278,0.6659322291445069,0.010636681355417066,-0.0011016562832396604,0.158,-0.14736331864458294,-0.15910165628323966,0.01173833763865674,0.01173833763865674,0.07429327619403,13.460168284789644,15,ALL,primary,A-symbol,False,False,SOLUSD
0.5,0.01,6894,352,0,0.004460400348128808,0.009489005895365724,0.47005981420110554,-0.014138051206788012,0.023058851903045626,0.6695677400638236,0.6665941398317378,0.004351610095735481,-0.0001087902523932982,0.158,-0.15364838990426452,-0.1581087902523933,0.004460400348128808,0.004460400348128808,0.028230381950182327,35.42282926829268,15,ALL,primary,A-symbol,False,False,XRPUSD
0.5,0.015,27170,1410,18,0.01090357011409643,0.005079984645723849,2.146378557123134,0.0009468002084776885,0.020860340019715172,0.6675009201324991,0.6602318733897681,0.0012513801987485973,-0.009652189915347886,0.10533333333333333,-0.10408195313458474,-0.11498552324868122,0.01090357011409643,0.01090357011409643,0.10351490614648509,9.660444444444444,15,ALL,primary,A,True,False,
0.5,0.015,10113,777,0,-0.0020023731830317412,0.007557822122287842,-0.2649405014609684,-0.01681570454271591,0.01281095817665243,0.6655789577771185,0.6669138732324731,-0.001631563334322239,0.0003708098487096301,0.10533333333333333,-0.10696489666765557,-0.1049625234846237,-0.0020023731830317412,-0.0020023731830317412,-0.01900987199080767,,15,LOW,primary,A,False,False,
0.5,0.015,8978,1006,12,0.01770995767431499,0.00916355581985446,1.9326512570527745,-0.00025061173259975124,0.03567052708122973,0.6667409222543996,0.6549342838048563,0.00011138338159932815,-0.017598574292715607,0.10533333333333333,-0.105221949951734,-0.12293190762604894,0.01770995767431499,0.01770995767431499,0.16813250956628156,5.947689727463313,15,NORMAL,primary,A,False,False,
0.5,0.015,8079,794,6,0.019494987003342,0.009582124931417866,2.034516053889242,0.0007140221377629832,0.038275951868921014,0.6707513306102241,0.657754672607996,0.006126995915336053,-0.013367991088006015,0.10533333333333333,-0.09920633741799728,-0.11870132442133935,0.019494987003342,0.019494987003342,0.18507899053805696,5.403098412698412,15,HIGH,primary,A,True,False,
0.5,0.015,6916,352,7,0.005313765182186235,0.009338965593329675,0.5689886239629767,-0.012990607380739927,0.023618137745112393,0.6709080393290919,0.6673655292076345,0.0063620589936379535,0.0010482938114517726,0.10533333333333333,-0.09897127433969538,-0.10428503952188156,0.005313765182186235,0.005313765182186235,0.05044713780556552,19.82273015873016,15,ALL,primary,A-symbol,False,False,BTCUSD
0.5,0.015,6781,353,5,0.022341837487096297,0.010181570776492623,2.194340930053691,0.0023859587651707597,0.04229771620902184,0.673352012977437,0.6584574546527061,0.010028019466155502,-0.012313818020940781,0.10533333333333333,-0.09530531386717783,-0.11764715135427412,0.022341837487096297,0.022341837487096297,0.21210605209268638,4.714622662266227,15,ALL,primary,A-symbol,True,False,ETHUSD
0.5,0.015,6579,353,6,0.014249886000911993,0.011046142921123813,1.290032738365315,-0.007400554124490683,0.03590032612631466,0.6651466788265694,0.6556467548259614,-0.002279981760145877,-0.016529867761057915,0.10533333333333333,-0.10761331509347921,-0.12186320109439125,0.014249886000911993,0.014249886000911993,0.13528372785675943,7.391872,15,ALL,primary,A-symbol,False,False,SOLUSD
0.5,0.015,6894,352,0,0.002067014795474325,0.010047525773019395,0.20572376146820912,-0.01762613571964369,0.02176016531059234,0.660574412532637,0.6591964026689875,-0.009138381201044377,-0.011205395996518819,0.10533333333333333,-0.11447171453437771,-0.11653872932985215,0.002067014795474325,0.002067014795474325,0.019623558184882834,50.959157894736855,15,ALL,primary,A-symbol,False,False,XRPUSD
0.5,0.02,27166,1410,22,0.007012442023117132,0.004888929510522825,1.4343512231100295,-0.0025698598175076044,0.016594743863741865,0.6638445115217552,0.6591695501730104,-0.004233232717367308,-0.011245674740484435,0.079,-0.08323323271736731,-0.09024567474048444,0.007012442023117132,0.007012442023117132,0.08876508890021687,11.26569028871391,15,ALL,primary,A,False,False,
0.5,0.02,10113,777,0,-0.009418570157223376,0.007024521476133652,-1.3408130630995558,-0.02318663225044533,0.004349491935998581,0.6531197468604766,0.6593987936319589,-0.02032037970928513,-0.010901809552061659,0.079,-0.09932037970928513,-0.08990180955206166,-0.009418570157223376,-0.009418570157223376,-0.11922240705346046,,15,LOW,primary,A,False,False,
0.5,0.02,8978,1006,12,0.010442192024949877,0.008837077461976756,1.1816340945159118,-0.006878479800524565,0.02776286385042432,0.6640677210960124,0.6571062597460459,-0.00389841835598137,-0.014340610380931151,0.079,-0.08289841835598137,-0.09334061038093115,0.010442192024949877,0.010442192024949877,0.13217964588544148,7.565461333333334,15,NORMAL,primary,A,False,False,
0.5,0.02,8075,793,10,0.023777089783281732,0.009920300590080589,2.3968114239458322,0.00433330062672378,0.04322087893983968,0.6770278637770898,0.6611764705882353,0.015541795665634739,-0.008235294117647118,0.079,-0.06345820433436526,-0.08723529411764712,0.023777089783281732,0.023777089783281732,0.3009758200415409,3.322526041666667,15,HIGH,primary,A,True,False,
0.5,0.02,6914,352,9,0.003254266705235753,0.00871121197119281,0.3735722096991003,-0.013819708758302154,0.02032824216877366,0.664015041943882,0.6618455308070581,-0.003977437084177082,-0.007231703789412847,0.079,-0.08297743708417708,-0.08623170378941285,0.003254266705235753,0.003254266705235753,0.041193249433363964,24.275822222222224,15,ALL,primary,A-symbol,False,False,BTCUSD
0.5,0.02,6780,353,6,0.013163716814159291,0.009839351345446244,1.3378642912524512,-0.006121411822915345,0.03244884545123393,0.6651917404129793,0.6564159292035399,-0.0022123893805310324,-0.015376106194690209,0.079,-0.08121238938053103,-0.09437610619469021,0.013163716814159291,0.013163716814159291,0.16662932676151002,6.001344537815126,15,ALL,primary,A-symbol,False,False,ETHUSD
0.5,0.02,6578,353,7,0.015050167224080268,0.010723713083313763,1.4034473980377677,-0.005968310419214708,0.03606864486737524,0.6687442991790817,0.6587108543630282,0.003116448768622604,-0.011933718455457654,0.079,-0.0758835512313774,-0.09093371845545765,0.015050167224080268,0.015050167224080268,0.19050844587443377,5.249111111111111,15,ALL,primary,A-symbol,False,False,SOLUSD
0.5,0.02,6894,352,0,-0.00293733681462141,0.009794463994395805,-0.29989765813648345,-0.02213448624363719,0.01625981261439437,0.6576733391354801,0.659631563678561,-0.013489991296779857,-0.010552654482158474,0.079,-0.09248999129677986,-0.08955265448215848,-0.00293733681462141,-0.00293733681462141,-0.037181478666093795,,15,ALL,primary,A-symbol,False,False,XRPUSD
0.5,0.03,27152,1410,36,0.010082130229817325,0.004447042908844836,2.267153800059973,0.0013659261284814463,0.018798334331153202,0.6633028874484385,0.6565814672952268,-0.0050456688273423644,-0.015127799057159774,0.05266666666666667,-0.05771233549400903,-0.06779446572382644,0.010082130229817325,0.010082130229817325,0.19143285246488592,5.223763774733638,15,ALL,primary,A,True,False,
0.5,0.03,10113,777,0,-0.0040047463660634825,0.006699642183167764,-0.5977552616354707,-0.017136045045072303,0.009126552312945336,0.644121427865124,0.6467912587758331,-0.033817858202313866,-0.02981311183625035,0.05266666666666667,-0.08648452486898053,-0.08247977850291702,-0.0040047463660634825,-0.0040047463660634825,-0.07603948796323068,,15,LOW,primary,A,False,False,
0.5,0.03,8972,1005,18,0.016133526526972804,0.008095062443778786,1.9930082861030596,0.00026720413716638334,0.031999848916779226,0.6698617922425323,0.6591061078912172,0.004792688363798536,-0.011340838163174327,0.05266666666666667,-0.04787397830286813,-0.064007504829841,0.016133526526972804,0.016133526526972804,0.3063327821577115,3.2644237190558436,15,NORMAL,primary,A,True,False,
0.5,0.03,8067,793,18,0.021011528449237635,0.009702487614941227,2.1655815789840522,0.0019946527239528278,0.04002840417452244,0.6800545432006941,0.6660468575678691,0.020081814801041098,-0.0009297136481963841,0.05266666666666667,-0.03258485186562557,-0.05359638031486305,0.021011528449237635,0.021011528449237635,0.39895307182096773,2.5065604719764014,15,HIGH,primary,A,True,False,
0.5,0.03,6909,352,14,-0.0003256621797655232,0.00803671329557382,-0.0405218113161857,-0.01607762023909021,0.015426295879559163,0.6526270082501086,0.6528441163699522,-0.021059487624837114,-0.02073382544507174,0.05266666666666667,-0.07372615429150378,-0.07340049211173841,-0.0003256621797655232,-0.0003256621797655232,-0.00618345910947196,,15,ALL,primary,A-symbol,False,False,BTCUSD
0.5,0.03,6778,353,8,0.018921510770138684,0.008467407787326332,2.234628500880709,0.0023253915069790746,0.035517630033298296,0.6645028031867808,0.651888462673355,-0.0032457952198288176,-0.022167305989967523,0.05266666666666667,-0.055912461886495485,-0.07483397265663419,0.018921510770138684,0.018921510770138684,0.35926919183807626,2.7834282001299546,15,ALL,primary,A-symbol,True,False,ETHUSD
0.5,0.03,6572,353,13,0.009928484479610469,0.009904332469753273,1.002438529798041,-0.009484007161105944,0.02934097612032688,0.6643335362142423,0.6577145465611686,-0.0034996956786366162,-0.013428180158247205,0.05266666666666667,-0.05616636234530328,-0.06609484682491387,0.009928484479610469,0.009928484479610469,0.18851552809386965,5.304602809706258,15,ALL,primary,A-symbol,False,False,SOLUSD
0.5,0.03,6893,352,1,0.011968663861888874,0.009132101148472058,1.310614465093985,-0.00593025438911636,0.029867582112894107,0.6718409981140288,0.6638618888727694,0.00776149717104313,-0.004207166690845865,0.05266666666666667,-0.04490516949562354,-0.05687383335751253,0.011968663861888874,0.011968663861888874,0.22725311130168746,4.400379797979798,15,ALL,primary,A-symbol,False,False,XRPUSD
0.5,0.05,27116,1408,72,0.006250921964891578,0.004081714381077522,1.531445216713427,-0.0017492382220203658,0.01425108215180352,0.6502065201357132,0.6460392388257855,-0.024690219796430157,-0.030941141761321678,0.031599999999999996,-0.05629021979643015,-0.06254114176132167,0.006250921964891578,0.006250921964891578,0.19781398623074614,5.055254277286134,15,ALL,primary,A,False,False,
0.5,0.05,10102,777,11,-0.0034151653137992474,0.0065172268948094185,-0.5240212392358508,-0.016188930027625708,0.009358599400027211,0.6269055632548011,0.6291823401306672,-0.0596416551177984,-0.05622648980399925,0.031599999999999996,-0.09124165511779839,-0.08782648980399924,-0.0034151653137992474,-0.0034151653137992474,-0.10807485170250784,,15,LOW,primary,A,False,False,
0.5,0.05,8963,1004,27,0.00928818475956711,0.007699938241774314,1.2062674359095655,-0.005803694194310547,0.02438006371344477,0.6543568001785116,0.6481646770054669,-0.018464799732232584,-0.027752984491799637,0.031599999999999996,-0.05006479973223258,-0.05935298449179963,0.00928818475956711,0.00928818475956711,0.2939298974546554,3.402171771771771,15,NORMAL,primary,A,False,False,
0.5,0.05,8051,792,34,0.014998136877406533,0.009279073804256995,1.6163398625545777,-0.003188847778937174,0.03318512153375024,0.6748230033536207,0.6648242454353497,0.012234505030431109,-0.0027636318469754784,0.031599999999999996,-0.019365494969568887,-0.034363631846975475,0.014998136877406533,0.014998136877406533,0.4746245847280549,2.106928364389234,15,HIGH,primary,A,False,False,
0.5,0.05,6882,351,41,-0.0011987794245858763,0.007613785621803712,-0.15744853928549205,-0.016121799243321154,0.013724240394149398,0.6315024702121477,0.6323016564952049,-0.052746294681778494,-0.0515475152571927,0.031599999999999996,-0.08434629468177848,-0.08314751525719269,-0.0011987794245858763,-0.0011987794245858763,-0.037936057740059384,,15,ALL,primary,A-symbol,False,False,BTCUSD
0.5,0.05,6777,353,9,0.01416555998229305,0.007917421179562022,1.789163372899743,-0.001352585529648515,0.02968370549423462,0.673601888741331,0.6641581820864689,0.010402833111996523,-0.003762726870296662,0.031599999999999996,-0.021197166888003473,-0.03536272687029666,0.01416555998229305,0.01416555998229305,0.44827721462952697,2.2307624999999995,15,ALL,primary,A-symbol,False,False,ETHUSD
0.5,0.05,6569,353,16,0.0006850357740904248,0.00865165298355318,0.07917975621452684,-0.01627220407367381,0.01764227562185466,0.6544375095143857,0.6539808189983255,-0.018343735728421406,-0.0190287715025117,0.031599999999999996,-0.0499437357284214,-0.050628771502511695,0.0006850357740904248,0.0006850357740904248,0.021678347281342557,46.12897777777777,15,ALL,primary,A-symbol,False,False,SOLUSD
0.5,0.05,6888,351,6,0.011215156794425087,0.008443290341359178,1.328292210856236,-0.005333692274638903,0.02776400586348908,0.6418408826945412,0.6343641114982579,-0.037238675958188194,-0.04845383275261317,0.031599999999999996,-0.06883867595818818,-0.08005383275261316,0.011215156794425087,0.011215156794425087,0.35491002514003445,2.8176155339805824,15,ALL,primary,A-symbol,False,False,XRPUSD
0.5,0.075,26954,1399,234,0.006427617422274988,0.0038496701814858736,1.6696540532711541,-0.0011177361334373244,0.013972970977987298,0.6658751947762855,0.6615901164947688,-0.0011872078355716909,-0.007614825257846736,0.021066666666666668,-0.02225387450223836,-0.028681491924513403,0.006427617422274988,0.006427617422274988,0.30510842194343296,3.2775234247234244,15,ALL,diagnostic,A,False,False,
0.5,0.075,10032,769,81,7.476076555023923e-05,0.006541127530973485,0.011429339237957489,-0.012745849195157791,0.012895370726258269,0.6647727272727273,0.6647228867623605,-0.0028409090909090606,-0.002915669856459302,0.021066666666666668,-0.023907575757575728,-0.02398233652312597,7.476076555023923e-05,7.476076555023923e-05,0.00354877051662528,281.78773333333334,15,LOW,diagnostic,A,False,False,
0.5,0.075,8917,999,73,0.011354715711562186,0.00759276248024995,1.4954656807845244,-0.003527098749727717,0.026236530172852088,0.6623303801727038,0.6547605696983291,-0.006504429740944229,-0.01785914545250633,0.021066666666666668,-0.027571096407610896,-0.038925812119172995,0.011354715711562186,0.011354715711562186,0.5389896698526354,1.8553231275720163,15,NORMAL,diagnostic,A,False,False,
0.5,0.075,8005,785,80,0.008900687070580887,0.008679289387080956,1.025508733909654,-0.008110720128097786,0.025912094269259563,0.6712054965646471,0.6652717051842598,0.006808244846970624,-0.002092442223610269,0.021066666666666668,-0.014258421819696044,-0.023159108890276937,0.008900687070580887,0.008900687070580887,0.422500968540232,2.366858479532164,15,HIGH,diagnostic,A,False,False,
0.5,0.075,6807,345,116,-0.0012119876597620097,0.0075182813207199705,-0.16120541491601786,-0.01594781904837315,0.013523843728849134,0.6850301160570001,0.6858381078301748,0.027545174085500168,0.028757161745262216,0.021066666666666668,0.0064785074188335005,0.007690495078595549,-0.0012119876597620097,-0.0012119876597620097,-0.05753105979882957,,15,ALL,diagnostic,A-symbol,False,False,BTCUSD
0.5,0.075,6707,351,79,0.007492172357238706,0.007960784855455247,0.9411348872347158,-0.008110965959453575,0.023095310673930988,0.6615476367973758,0.6565528552258834,-0.00767854480393626,-0.015170717161175018,0.021066666666666668,-0.028745211470602928,-0.03623738382784168,0.007492172357238706,0.007492172357238706,0.35564109290690055,2.8118235489220567,15,ALL,diagnostic,A-symbol,False,False,ETHUSD
0.5,0.075,6565,352,20,0.007425742574257425,0.00748096725344545,0.9926179760828936,-0.007236953242495656,0.02208843839101051,0.6661081492764661,0.6611576542269612,-0.0008377760853008898,-0.008263518659558322,0.021066666666666668,-0.021904442751967557,-0.02933018532622499,0.007425742574257425,0.007425742574257425,0.35248778042361195,2.836977777777778,15,ALL,diagnostic,A-symbol,False,False,SOLUSD
0.5,0.075,6875,351,19,0.012,0.007802881335328838,1.5378934376033648,-0.0032936474172445213,0.027293647417244524,0.6509090909090909,0.6429090909090909,-0.023636363636363678,-0.03563636363636369,0.021066666666666668,-0.04470303030303034,-0.05670303030303035,0.012,0.012,0.569620253164557,1.7555555555555555,15,ALL,diagnostic,A-symbol,False,False,XRPUSD
0.5,0.1,26536,1382,652,0.0031655110039192046,0.003929678574741277,0.805539421026977,-0.004536659002573698,0.010867681010412106,0.6653225806451613,0.6632122399758819,-0.0020161290322581182,-0.005181640036177271,0.015799999999999998,-0.017816129032258116,-0.02098164003617727,0.0031655110039192046,0.0031655110039192046,0.20034879771640537,4.991295238095237,15,ALL,diagnostic,A,False,False,
0.5,0.1,9797,754,316,0.004669796876594876,0.006170383720840144,0.756808180473912,-0.007424155216251805,0.016763748969441557,0.6765336327447178,0.6734204348269879,0.014800449117076564,0.010130652240481819,0.015799999999999998,-0.0009995508829234341,-0.005669347759518179,0.004669796876594876,0.004669796876594876,0.2955567643414479,3.3834448087431688,15,LOW,diagnostic,A,False,False,
0.5,0.1,8773,984,217,0.0023082183973555225,0.007960311324382133,0.28996584471332637,-0.01329399179843346,0.0179104285931445,0.6529123446939473,0.6513735324290436,-0.020631482959079017,-0.022939701356434528,0.015799999999999998,-0.03643148295907901,-0.03873970135643452,0.0023082183973555225,0.0023082183973555225,0.14608977198452677,6.845106172839506,15,NORMAL,diagnostic,A,False,False,
0.5,0.1,7966,776,119,0.0022596033140848608,0.008714126192286223,0.2593034877191783,-0.014820084022796137,0.01933929065096586,0.6652021089630932,0.6636957067537033,-0.002196836555360182,-0.004456439869445106,0.015799999999999998,-0.01799683655536018,-0.020256439869445104,0.0022596033140848608,0.0022596033140848608,0.1430128679800545,6.992377777777777,15,HIGH,diagnostic,A,False,False,
0.5,0.1,6478,333,445,0.0009262117937635073,0.0071518181908111,0.12950717832194555,-0.013091351860226249,0.014943775447753264,0.7042297005248533,0.7036122259956776,0.05634455078727996,0.055418338993516336,0.015799999999999998,0.04054455078727996,0.03961833899351634,0.0009262117937635073,0.0009262117937635073,0.05862099960528528,17.05873333333333,15,ALL,diagnostic,A-symbol,False,False,BTCUSD
0.5,0.1,6698,349,88,0.0073902657509704395,0.007939956830143542,0.930769009085007,-0.008172049636110904,0.02295258113805178,0.6600477754553599,0.6551209316213795,-0.00992833681696026,-0.01731860256793072,0.015799999999999998,-0.025728336816960257,-0.03311860256793071,0.0073902657509704395,0.0073902657509704395,0.4677383386690152,2.1379474747474743,15,ALL,diagnostic,A-symbol,False,False,ETHUSD
0.5,0.1,6518,351,67,-0.004487572875115066,0.008302884720465933,-0.5404835820559528,-0.02076122692722829,0.011786081176998161,0.6548020865296104,0.657793801779687,-0.017796870205584403,-0.013309297330469372,0.015799999999999998,-0.0335968702055844,-0.02910929733046937,-0.004487572875115066,-0.004487572875115066,-0.28402359969082697,,15,ALL,diagnostic,A-symbol,False,False,SOLUSD
0.5,0.1,6842,349,52,0.008440514469453377,0.007940922319193527,1.0629136176099236,-0.007123693276165934,0.024004722215072688,0.6436714410990938,0.6380444314527915,-0.0344928383513593,-0.042933352820812676,0.015799999999999998,-0.050292838351359295,-0.05873335282081267,0.008440514469453377,0.008440514469453377,0.5342097765476821,1.871923809523809,15,ALL,diagnostic,A-symbol,False,False,XRPUSD
0.5,0.0025,6810,1243,0,0.001762114537444934,0.007653405378505094,0.23023927915721093,-0.013238560004425052,0.01676278907931492,0.6599118942731278,0.6587371512481645,-0.010132158590308249,-0.011894273127753374,0.632,-0.6421321585903083,-0.6438942731277534,0.001762114537444934,0.001762114537444934,0.002788155913678693,358.65999999999997,60,ALL,primary,A,False,False,
0.5,0.0025,2422,507,0,-0.01486374896779521,0.012426869178684179,-1.1960976456798156,-0.0392204125580162,0.009492914622425781,0.6589595375722543,0.6688687035507844,-0.011560693641618491,0.003303055326176585,0.632,-0.6435606936416185,-0.6286969446738234,-0.01486374896779521,-0.01486374896779521,-0.02351859013891647,,60,LOW,primary,A,False,False,
0.5,0.0025,2293,616,0,0.009485390318360227,0.013111481488773044,0.7234415368303173,-0.016213113399634937,0.03518389403635539,0.6641953772350633,0.6578717836894897,-0.003706934147405083,-0.01319232446576546,0.632,-0.6357069341474051,-0.6451923244657655,0.009485390318360227,0.009485390318360227,0.015008528984747194,66.6287816091954,60,NORMAL,primary,A,False,False,
0.5,0.0025,2095,510,0,0.012529832935560859,0.013542014378001309,0.9252562126883637,-0.014012515245321705,0.03907218111644342,0.6563245823389021,0.6479713603818615,-0.015513126491646823,-0.028042959427207692,0.632,-0.6475131264916468,-0.6600429594272077,0.012529832935560859,0.012529832935560859,0.019825685024621613,50.43961904761905,60,HIGH,primary,A,False,False,
0.5,0.0025,1691,309,0,-0.01020106445890006,0.015416083363889629,-0.6617157041842975,-0.040416587852123737,0.020014458934323614,0.6599645180366647,0.6667652276759314,-0.010053222945002993,0.00014784151389712896,0.632,-0.642053222945003,-0.6318521584861029,-0.01020106445890006,-0.01020106445890006,-0.0161409247767406,,60,ALL,primary,A-symbol,False,False,BTCUSD
0.5,0.0025,1787,314,0,0.002518186905428092,0.014723273849880161,0.171034440512603,-0.026339429840337027,0.031375803651193204,0.6698377168438724,0.668158925573587,0.004756575265808527,0.0022383883603804833,0.632,-0.6272434247341915,-0.6297616116396195,0.002518186905428092,0.002518186905428092,0.003984472951626727,250.9742222222222,60,ALL,primary,A-symbol,False,False,ETHUSD
0.5,0.0025,1618,308,0,0.013906056860321384,0.015819270420432366,0.8790580406514922,-0.017099713163726056,0.04491182688436882,0.6520395550061805,0.6427688504326329,-0.021940667490729204,-0.03584672435105074,0.632,-0.6539406674907292,-0.6678467243510507,0.013906056860321384,0.013906056860321384,0.022003254525824974,45.44782222222223,60,ALL,primary,A-symbol,False,False,SOLUSD
0.5,0.0025,1714,312,0,0.0013127187864644108,0.015192508404864335,0.0864056646527248,-0.028464597687069687,0.031090035259998504,0.6569428238039673,0.6560676779463244,-0.014585764294049008,-0.015898483080513448,0.632,-0.646585764294049,-0.6478984830805135,0.0013127187864644108,0.0013127187864644108,0.002077086687443688,481.4435555555555,60,ALL,primary,A-symbol,False,False,XRPUSD
0.5,0.005,6810,1243,0,0.00870044052863436,0.007911766660122933,1.0996836613605556,-0.006806622125206585,0.024207503182475304,0.6698972099853158,0.6640969162995595,0.004845814977973539,-0.0038546255506608507,0.316,-0.31115418502202646,-0.31985462555066085,0.00870044052863436,0.00870044052863436,0.02753303964757709,36.32,60,ALL,primary,A,False,False,
0.5,0.005,2422,507,0,-0.009289843104872006,0.014268518699470422,-0.6510727077238089,-0.037256139755834035,0.01867645354609002,0.652353426919901,0.6585466556564823,-0.02146985962014858,-0.01218001651527656,0.316,-0.3374698596201486,-0.32818001651527656,-0.009289843104872006,-0.009289843104872006,-0.029398237673645588,,60,LOW,primary,A,False,False,
0.5,0.005,2293,616,0,0.022241604884430877,0.013018630398883903,1.7084442988978061,-0.0032749106973815707,0.04775812046624332,0.6864369821194941,0.6716092455298736,0.02965547317924111,0.0074138682948103884,0.316,-0.2863445268207589,-0.3085861317051896,0.022241604884430877,0.022241604884430877,0.07038482558364202,14.207607843137254,60,NORMAL,primary,A,False,False,
0.5,0.005,2095,510,0,0.014677804295942721,0.013241882815509367,1.1084378634397483,-0.011276286022455641,0.04063189461434108,0.6720763723150358,0.662291169451074,0.008114558472553712,-0.0065632458233889635,0.316,-0.3078854415274463,-0.32256324582338897,0.014677804295942721,0.014677804295942721,0.04644874777197063,21.52910569105691,60,HIGH,primary,A,False,False,
0.5,0.005,1691,309,0,0.000443524541691307,0.017165315038890232,0.025838415472506333,-0.033200492934533546,0.03408754201791616,0.667652276759314,0.6673565937315198,0.0014784151389710676,0.0010348905972796807,0.316,-0.31452158486102894,-0.3149651094027203,0.000443524541691307,0.000443524541691307,0.0014035586762383132,712.4746666666666,60,ALL,primary,A-symbol,False,False,BTCUSD
0.5,0.005,1787,314,0,0.0008393956351426973,0.015639587331473446,0.05367121378282657,-0.029814195534545257,0.03149298680483065,0.6608841634023503,0.6603245663122552,-0.008673754896474484,-0.009513150531617165,0.316,-0.3246737548964745,-0.32551315053161717,0.0008393956351426973,0.0008393956351426973,0.002656315301084485,376.46133333333336,60,ALL,primary,A-symbol,False,False,ETHUSD
0.5,0.005,1618,308,0,0.030593325092707048,0.015112585903991366,2.024360707496596,0.0009726567208839694,0.06021399346453013,0.6835599505562423,0.6631644004944376,0.025339925834363397,-0.005253399258343672,0.316,-0.2906600741656366,-0.3212533992583437,0.030593325092707048,0.030593325092707048,0.0968143199136299,10.329050505050505,60,ALL,primary,A-symbol,True,False,SOLUSD
0.5,0.005,1714,312,0,0.004375729288214702,0.015046076472665832,0.29082194924132404,-0.025114580598210333,0.033866039174639734,0.6686114352392065,0.6656942823803967,0.0029171528588096685,-0.0014585764294048342,0.316,-0.31308284714119033,-0.31745857642940484,0.004375729288214702,0.004375729288214702,0.013847244582957918,72.21653333333335,60,ALL,primary,A-symbol,False,False,XRPUSD
0.5,0.0075,6810,1243,0,0.006497797356828193,0.008760507505001867,0.7417147183674273,-0.01067279735297547,0.023668392066631853,0.6666666666666666,0.6623348017621146,0.0,-0.0064977973568280945,0.21066666666666667,-0.21066666666666667,-0.21716446402349476,0.006497797356828193,0.006497797356828193,0.030843974795070537,32.42124293785311,60,ALL,primary,A,False,False,
0.5,0.0075,2422,507,0,-0.016721717588769613,0.016068192709184935,-1.040671959280841,-0.048215375298772074,0.014771940121232856,0.6473988439306358,0.6585466556564823,-0.028901734104046284,-0.01218001651527656,0.21066666666666667,-0.23956840077071295,-0.22284668318194323,-0.016721717588769613,-0.016721717588769613,-0.0793752417188431,,60,LOW,primary,A,False,False,
0.5,0.0075,2293,616,0,0.027474923680767552,0.014724261372808838,1.8659627797361196,-0.0013846286099377728,0.05633447597147288,0.6825119930222416,0.6641953772350633,0.023767989533362455,-0.003706934147405083,0.21066666666666667,-0.18689867713330421,-0.21437360081407175,0.027474923680767552,0.027474923680767552,0.13041894152263078,7.667597883597884,60,NORMAL,primary,A,False,False,
0.5,0.0075,2095,510,0,0.010381861575178997,0.013534452662238716,0.7670691851577062,-0.016145665642808886,0.03690938879316688,0.6715990453460621,0.6646778042959427,0.00739856801909311,-0.002983293556085953,0.21066666666666667,-0.20326809864757356,-0.21364996022275262,0.010381861575178997,0.010381861575178997,0.04928098848977372,20.291800766283526,60,HIGH,primary,A,False,False,
0.5,0.0075,1691,309,0,-0.003991720875221762,0.01956950379633456,-0.20397660138778922,-0.0423479483160375,0.03436450656559397,0.6593731519810763,0.6620342992312241,-0.010940272028385545,-0.006948551153163729,0.21066666666666667,-0.2216069386950522,-0.2176152178198304,-0.003991720875221762,-0.003991720875221762,-0.018948042129217225,,60,ALL,primary,A-symbol,False,False,BTCUSD
0.5,0.0075,1787,314,0,-0.006715165081141578,0.017637995388310696,-0.38072155782464645,-0.041285636042230546,0.027855305879947386,0.6519306099608282,0.6564073866815893,-0.022104085058757716,-0.015388919977616045,0.21066666666666667,-0.23277075172542439,-0.2260555866442827,-0.006715165081141578,-0.006715165081141578,-0.03187578361301382,,60,ALL,primary,A-symbol,False,False,ETHUSD
0.5,0.0075,1618,308,0,0.030129789864029664,0.016638559422925817,1.8108412572373696,-0.0024817866049049297,0.06274136633296426,0.6749072929542645,0.6548207663782447,0.012360939431396822,-0.017768850432632988,0.21066666666666667,-0.19830572723526985,-0.22843551709929966,0.030129789864029664,0.030129789864029664,0.14302115441786234,6.99197264957265,60,ALL,primary,A-symbol,False,False,SOLUSD
0.5,0.0075,1714,312,0,0.008313885647607934,0.01564354411755154,0.5314579346683997,-0.022347460822793083,0.038975232118008955,0.6814469078179697,0.675904317386231,0.022170361726954635,0.01385647607934648,0.21066666666666667,-0.18849630493971203,-0.1968101905873202,0.008313885647607934,0.008313885647607934,0.03946464706143007,25.33913450292398,60,ALL,primary,A-symbol,False,False,XRPUSD
0.5,0.01,6809,1243,1,0.007490086650022029,0.009175669898101296,0.816298617234687,-0.010494226350256512,0.025474399650300572,0.6704361873990307,0.665442796299016,0.0056542810985460434,-0.0018358055514759997,0.158,-0.15234571890145396,-0.159835805551476,0.007490086650022029,0.007490086650022029,0.047405611709000185,21.094549019607843,60,ALL,primary,A,False,False,
0.5,0.01,2422,507,0,-0.013934764657308009,0.01674887137009598,-0.8319823079056913,-0.04676255254269613,0.018893023228080112,0.6511147811725846,0.6604046242774566,-0.023327828241123116,-0.009393063583815087,0.158,-0.18132782824112312,-0.1673930635838151,-0.013934764657308009,-0.013934764657308009,-0.08819471302093676,,60,LOW,primary,A,False,False,
0.5,0.01,2293,616,0,0.027147841255996508,0.015287722854127661,1.7757936558005192,-0.0028160955380937096,0.05711177805008673,0.6838203227213258,0.6657217618839948,0.025730484081988525,-0.0014173571740078161,0.158,-0.13226951591801148,-0.15941735717400782,0.027147841255996508,0.027147841255996508,0.17182178010124372,5.819983935742973,60,NORMAL,primary,A,False,False,
0.5,0.01,2094,510,1,0.010744985673352437,0.014530291114911876,0.7394886715191323,-0.017734384911874845,0.039224356258579715,0.6781279847182426,0.6709646609360076,0.017191977077363862,0.006446991404011282,0.158,-0.14080802292263614,-0.15155300859598872,0.010744985673352437,0.010744985673352437,0.06800623843893946,14.704533333333332,60,HIGH,primary,A,False,False,
0.5,0.01,1691,309,0,0.0026611472501478417,0.020061276127937965,0.13265094569142807,-0.03665895396061057,0.041981248460906256,0.6629213483146067,0.6611472501478415,-0.005617977528090012,-0.008279124778237779,0.158,-0.16361797752809001,-0.16627912477823778,0.0026611472501478417,0.0026611472501478417,0.016842704114859757,59.37288888888889,60,ALL,primary,A-symbol,False,False,BTCUSD
0.5,0.01,1787,314,0,-0.00923335198656967,0.01835274781914977,-0.5031046074166252,-0.045204737712103225,0.026738033738963884,0.663682148852826,0.6698377168438724,-0.004476776720761078,0.004756575265808527,0.158,-0.16247677672076108,-0.15324342473419147,-0.00923335198656967,-0.00923335198656967,-0.05843893662385867,,60,ALL,primary,A-symbol,False,False,ETHUSD
0.5,0.01,1618,308,0,0.03476514215080346,0.01716214662724881,2.025687281776621,0.0011273347613957856,0.06840294954021114,0.6786155747836835,0.6554388133498146,0.01792336217552526,-0.016841779975278137,0.158,-0.14007663782447474,-0.17484177997527814,0.03476514215080346,0.03476514215080346,0.22003254525824975,4.5447822222222225,60,ALL,primary,A-symbol,True,False,SOLUSD
0.5,0.01,1713,312,1,0.00394045534150613,0.017301739195310077,0.22774908909586705,-0.029970953481301618,0.03785186416431388,0.6771745475773496,0.674547577349679,0.015761821366024442,0.011821366024518554,0.158,-0.14223817863397556,-0.14617863397548145,0.00394045534150613,0.00394045534150613,0.024939590769026136,40.09688888888889,60,ALL,primary,A-symbol,False,False,XRPUSD
0.5,0.015,6806,1243,4,0.006281222450778725,0.010081523535057833,0.6230429784681043,-0.013478563677934628,0.02604100857949208,0.6663238319130179,0.6621363502791654,-0.0005142521304730696,-0.006795474581251959,0.10533333333333333,-0.1058475854638064,-0.1121288079145853,0.006281222450778725,0.006281222450778725,0.0596318587099246,16.769559454191032,60,ALL,primary,A,False,False,
0.5,0.015,2422,507,0,-0.011147811725846408,0.017582240021546666,-0.6340381949162904,-0.04560900216807787,0.023313378716385055,0.6478117258464079,0.6552436003303055,-0.028282411230388105,-0.01713459950454177,0.10533333333333333,-0.13361574456372144,-0.1224679328378751,-0.011147811725846408,-0.011147811725846408,-0.10583365562512412,,60,LOW,primary,A,False,False,
0.5,0.015,2291,616,2,0.0202968136185072,0.017124692000787412,1.1852367106850115,-0.013267582703036126,0.05386120994005053,0.6791793976429507,0.6656481885639459,0.01876909646442604,-0.0015277171540810652,0.10533333333333333,-0.0865642368689073,-0.1068610504874144,0.0202968136185072,0.0202968136185072,0.19269126853013166,5.189648745519714,60,NORMAL,primary,A,False,False,
0.5,0.015,2093,510,2,0.011108456760630674,0.016321510637025295,0.6806022437305022,-0.0208817040879389,0.043098617609200245,0.6736741519350214,0.6662685140946011,0.010511227902532116,-0.0005972288580984308,0.10533333333333333,-0.09482210543080122,-0.10593056219143177,0.011108456760630674,0.011108456760630674,0.10546003253763298,9.48226523297491,60,HIGH,primary,A,False,False,
0.5,0.015,1689,309,2,0.003108348134991119,0.020921283394188063,0.1485734921909532,-0.03789736731761749,0.04411406358759972,0.6607460035523979,0.6586737714624038,-0.008880994671403242,-0.011989342806394299,0.10533333333333333,-0.11421432800473658,-0.11732267613972763,0.003108348134991119,0.003108348134991119,0.02950963419295366,33.8872380952381,60,ALL,primary,A-symbol,False,False,BTCUSD
0.5,0.015,1787,314,0,0.0037772803581421375,0.019852387997800685,0.19026831223329896,-0.0351334001175472,0.04268796083383149,0.6754336877448237,0.6729155008393957,0.013150531617235561,0.009373251259093607,0.10533333333333333,-0.09218280171609777,-0.09596008207423973,0.0037772803581421375,0.0037772803581421375,0.03586025656464054,27.886024691358028,60,ALL,primary,A-symbol,False,False,ETHUSD
0.5,0.015,1617,308,1,0.019944341372912802,0.019953479827347166,0.9995420119942268,-0.019164479088687642,0.05905316183451324,0.6703772418058133,0.6570810142238713,0.005565862708719838,-0.01437847866419295,0.10533333333333333,-0.0997674706246135,-0.11971181199752629,0.019944341372912802,0.019944341372912802,0.1893450130339823,5.281364341085271,60,ALL,primary,A-symbol,False,False,SOLUSD
0.5,0.015,1713,312,1,-0.0008756567425569177,0.019803987342422735,-0.04421618371170872,-0.03969147193370547,0.03794015844859164,0.658493870402802,0.6590776415645068,-0.012259194395796924,-0.01138353765323985,0.10533333333333333,-0.11759252772913026,-0.11671687098657318,-0.0008756567425569177,-0.0008756567425569177,-0.008313196923008713,,60,ALL,primary,A-symbol,False,False,XRPUSD
0.5,0.02,6805,1243,5,0.008706833210874357,0.010532240046093046,0.8266838937177636,-0.011936357279468011,0.029350023701216726,0.6659808963997061,0.6601763409257898,-0.0010286554004408366,-0.009735488611315235,0.079,-0.08002865540044084,-0.08873548861131524,0.008706833210874357,0.008706833210874357,0.11021307861866274,9.073333333333334,60,ALL,primary,A,False,False,
0.5,0.02,2422,507,0,-0.010528488852188274,0.01758671705696995,-0.5986614112277217,-0.044998454283849375,0.023941476579472827,0.6511147811725846,0.6581337737407101,-0.023327828241123116,-0.012799339388934738,0.079,-0.10232782824112312,-0.09179933938893474,-0.010528488852188274,-0.010528488852188274,-0.13327201078719333,,60,LOW,primary,A,False,False,
0.5,0.02,2290,615,3,0.019323144104803493,0.018519958258040887,1.0433686639878836,-0.01697597408095665,0.055622262290563634,0.6737991266375546,0.6609170305676856,0.010698689956331942,-0.008624454148471683,0.079,-0.06830131004366806,-0.08762445414847168,0.019323144104803493,0.019323144104803493,0.24459676082029738,4.088361581920904,60,NORMAL,primary,A,False,False,
0.5,0.02,2093,510,2,0.019350215002388916,0.017518950631688134,1.104530482972445,-0.014986928235719827,0.053687358240497654,0.674629718107979,0.661729574773053,0.011944577161968617,-0.007405637840420365,0.079,-0.06705542283803138,-0.08640563784042037,0.019350215002388916,0.019350215002388916,0.24493943040998628,4.082641975308642,60,HIGH,primary,A,False,False,
0.5,0.02,1689,309,2,0.007548845470692718,0.020998134259815993,0.3595007717013649,-0.03360749767854663,0.04870518861993207,0.670219064535228,0.6651865008880995,0.005328596802841812,-0.002220248667850755,0.079,-0.07367140319715819,-0.08122024866785076,0.007548845470692718,0.007548845470692718,0.09555500595813567,10.465176470588235,60,ALL,primary,A-symbol,False,False,BTCUSD
0.5,0.02,1786,314,1,-0.0025195968645016797,0.021201333514309154,-0.11884143338442175,-0.04407421055254762,0.03903501682354426,0.6578947368421053,0.6595744680851063,-0.013157894736842035,-0.010638297872340496,0.079,-0.09215789473684204,-0.0896382978723405,-0.0025195968645016797,-0.0025195968645016797,-0.03189363119622379,,60,ALL,primary,A-symbol,False,False,ETHUSD
0.5,0.02,1617,308,1,0.027829313543599257,0.021504916204189022,1.294090768797243,-0.014320322216611224,0.06997894930380974,0.6728509585652442,0.6542980828695114,0.009276437847866248,-0.01855287569573294,0.079,-0.06972356215213375,-0.09755287569573294,0.027829313543599257,0.027829313543599257,0.3522697916911298,2.8387333333333333,60,ALL,primary,A-symbol,False,False,SOLUSD
0.5,0.02,1713,312,1,0.0035026269702276708,0.02044222543735799,0.17134274254830642,-0.03656413488699399,0.04356938882744933,0.6637478108581436,0.6614127262113252,-0.004378283712784592,-0.007880910683012221,0.079,-0.08337828371278459,-0.08688091068301222,0.0035026269702276708,0.0035026269702276708,0.044337050256046465,22.5545,60,ALL,primary,A-symbol,False,False,XRPUSD
0.5,0.03,6790,1242,20,0.018998527245949928,0.010827377345170976,1.7546748986653997,-0.0022231323505851877,0.04022018684248504,0.6671575846833578,0.6544918998527246,0.0007363770250368162,-0.018262150220913043,0.05266666666666667,-0.05193028964162985,-0.07092881688757971,0.018998527245949928,0.018998527245949928,0.360731529986391,2.772144702842377,60,ALL,primary,A,False,False,
0.5,0.03,2421,506,1,0.017967781908302352,0.017515999501780125,1.0257925564839343,-0.01636357711518669,0.052299140931791395,0.6530359355638166,0.641057414291615,-0.020446096654275214,-0.0384138785625775,0.05266666666666667,-0.07311276332094188,-0.09108054522924416,0.017967781908302352,0.017967781908302352,0.3411604159804244,2.931172413793104,60,LOW,primary,A,False,False,
0.5,0.03,2285,613,8,0.022319474835886213,0.018952281101340715,1.1776669371111903,-0.014826996122741583,0.059465945794514016,0.67527352297593,0.6603938730853391,0.012910284463895083,-0.009409190371991283,0.05266666666666667,-0.039756382202771584,-0.06207585703865795,0.022319474835886213,0.022319474835886213,0.4237874968839154,2.3596732026143794,60,NORMAL,primary,A,False,False,
0.5,0.03,2084,510,11,0.016554702495201534,0.01863034878336277,0.8885878996524841,-0.019960781120189487,0.053070186110592554,0.6746641074856046,0.6636276391554703,0.011996161228406965,-0.004558541266794558,0.05266666666666667,-0.0406705054382597,-0.057225207933461225,0.016554702495201534,0.016554702495201534,0.31432979421268736,3.181371980676329,60,HIGH,primary,A,False,False,
0.5,0.03,1684,308,7,0.015142517814726843,0.021247266423481972,0.7126807520986178,-0.026502124375297826,0.05678716000475151,0.6680522565320665,0.6579572446555819,0.0020783847980996306,-0.013064133016627122,0.05266666666666667,-0.05058828186856704,-0.06573079968329379,0.015142517814726843,0.015142517814726843,0.28751616103911726,3.4780653594771236,60,ALL,primary,A-symbol,False,False,BTCUSD
0.5,0.03,1785,314,2,0.013025210084033614,0.021485498635757265,0.606232617862375,-0.029086367242050624,0.05513678741011785,0.6649859943977591,0.6563025210084034,-0.0025210084033613356,-0.015546218487394903,0.05266666666666667,-0.055187675070028,-0.06821288515406157,0.013025210084033614,0.013025210084033614,0.2473141155196256,4.043440860215053,60,ALL,primary,A-symbol,False,False,ETHUSD
0.5,0.03,1612,308,6,0.030707196029776673,0.0220366492796832,1.3934603051511705,-0.0124846365584024,0.07389902861795575,0.6761786600496278,0.6557071960297767,0.014267990074441794,-0.01643920595533499,0.05266666666666667,-0.03839867659222487,-0.06910587262200166,0.030707196029776673,0.030707196029776673,0.5830480258818356,1.7151245791245793,60,ALL,primary,A-symbol,False,False,SOLUSD
0.5,0.03,1709,312,5,0.017992978349912227,0.021817805525440475,0.8246923976351179,-0.024769920479951097,0.060755877179775555,0.6600351082504389,0.6480397893504973,-0.009947337624341746,-0.02794031597425395,0.05266666666666667,-0.06261400429100841,-0.08060698264092062,0.017992978349912227,0.017992978349912227,0.34163882942871315,2.927067750677507,60,ALL,primary,A-symbol,False,False,XRPUSD
0.5,0.05,6777,1241,33,0.005533421868083223,0.011080069119865091,0.49940319037924885,-0.016183513606852357,0.027250357343018804,0.6445329791943337,0.6408440312822783,-0.03320053120849942,-0.03873395307658256,0.031599999999999996,-0.0648005312084994,-0.07033395307658255,0.005533421868083223,0.005533421868083223,0.17510828696465897,5.710751999999999,60,ALL,primary,A,False,False,
0.5,0.05,2420,506,2,0.003409090909090909,0.018357770727932737,0.18570288079171396,-0.03257213971765725,0.039390321535839073,0.6231404958677685,0.6208677685950413,-0.06528925619834713,-0.06869834710743805,0.031599999999999996,-0.09688925619834712,-0.10029834710743804,0.003409090909090909,0.003409090909090909,0.10788262370540852,9.269333333333332,60,LOW,primary,A,False,False,
0.5,0.05,2277,613,16,0.009881422924901186,0.018995455568610792,0.5201993123676292,-0.027349669989575966,0.04711251583937834,0.6521739130434783,0.6455862977602108,-0.021739130434782594,-0.031620553359683834,0.031599999999999996,-0.05333913043478259,-0.06322055335968382,0.009881422924901186,0.009881422924901186,0.31270325711712615,3.1979199999999994,60,NORMAL,primary,A,False,False,
0.5,0.05,2080,509,15,0.003245192307692308,0.01957868923584988,0.16575125477502065,-0.03512903859457346,0.041619423209958074,0.6610576923076923,0.6588942307692308,-0.008413461538461564,-0.011658653846153832,0.031599999999999996,-0.04001346153846156,-0.04325865384615383,0.003245192307692308,0.003245192307692308,0.10269595910418697,9.73748148148148,60,HIGH,primary,A,False,False,
0.5,0.05,1675,308,16,0.00044776119402985075,0.022819977617577467,0.01962145631926279,-0.04427939493642198,0.045174917324481687,0.6286567164179104,0.6283582089552239,-0.05701492537313435,-0.057462686567164134,0.031599999999999996,-0.08861492537313434,-0.08906268656716412,0.00044776119402985075,0.00044776119402985075,0.01416965803891933,70.57333333333332,60,ALL,primary,A-symbol,False,False,BTCUSD
0.5,0.05,1782,314,5,-0.01430976430976431,0.021357872063204504,-0.6699995330722706,-0.05617119355364514,0.027551664934116517,0.6492704826038159,0.6588103254769921,-0.02609427609427617,-0.011784511784511786,0.031599999999999996,-0.057694276094276166,-0.04338451178451178,-0.01430976430976431,-0.01430976430976431,-0.4528406427140605,,60,ALL,primary,A-symbol,False,False,ETHUSD
0.5,0.05,1611,307,7,0.01722532588454376,0.022137947331263952,0.7780904718396172,-0.02616505088473358,0.0606157026538211,0.6617008069522036,0.6502172563625077,-0.007448789571694592,-0.024674115456238432,0.031599999999999996,-0.03904878957169459,-0.05627411545623843,0.01722532588454376,0.01722532588454376,0.5451052495108786,1.834508108108108,60,ALL,primary,A-symbol,False,False,SOLUSD
0.5,0.05,1709,312,5,0.02018724400234055,0.02230462093712733,0.9050700327633776,-0.02352981303442902,0.06390430103911011,0.638970157987127,0.6255119953188999,-0.04154476301930954,-0.06173200702165016,0.031599999999999996,-0.07314476301930953,-0.09333200702165015,0.02018724400234055,0.02018724400234055,0.6388368355171061,1.5653449275362317,60,ALL,primary,A-symbol,False,False,XRPUSD
0.5,0.075,6728,1233,82,0.0066884661117717,0.010816385965141253,0.6183642238107167,-0.014511650379905157,0.027888582603448554,0.6624554102259215,0.6579964328180737,-0.006316884661117794,-0.013005350772889335,0.021066666666666668,-0.027383551327784462,-0.034072017439556,0.0066884661117717,0.0066884661117717,0.31749047998916297,3.149700740740741,60,ALL,diagnostic,A,False,False,
0.5,0.075,2403,501,19,0.007802746566791511,0.01739168634169684,0.4486480731937019,-0.026284958662934295,0.04189045179651732,0.6758218893050354,0.6706200582605077,0.013732833957553092,0.005930087390761507,0.021066666666666668,-0.007333832709113575,-0.01513657927590516,0.007802746566791511,0.007802746566791511,0.37038353956288816,2.699904,60,LOW,diagnostic,A,False,False,
0.5,0.075,2256,607,37,0.02127659574468085,0.018708049194386494,1.1372963329102785,-0.01539118067631668,0.05794437216567838,0.6529255319148937,0.6387411347517731,-0.020611702127659504,-0.041888297872340385,0.021066666666666668,-0.04167836879432617,-0.06295496453900705,0.02127659574468085,0.02127659574468085,1.00996498788042,0.9901333333333334,60,NORMAL,diagnostic,A,False,False,
0.5,0.075,2069,506,26,-0.010512324794586757,0.01958932065710518,-0.536635495359757,-0.048907393282512916,0.027882743693339394,0.6573223779603673,0.6643305944900918,-0.014016433059448996,-0.00350410826486236,0.021066666666666668,-0.03508309972611566,-0.024570774931529028,-0.010512324794586757,-0.010512324794586757,-0.49900275923671317,,60,HIGH,diagnostic,A,False,False,
0.5,0.075,1648,303,43,0.003640776699029126,0.02103883113673862,0.17305033133097852,-0.03759533232897857,0.04487688572703682,0.6935679611650486,0.6911407766990292,0.04035194174757284,0.03671116504854366,0.021066666666666668,0.01928527508090617,0.01564449838187699,0.003640776699029126,0.003640776699029126,0.17282167875138255,5.786311111111112,60,ALL,diagnostic,A-symbol,False,False,BTCUSD
0.5,0.075,1769,312,18,-0.001271905031091012,0.0218407679892254,-0.05823536204031261,-0.04407981028997279,0.041536000227790776,0.647823629169022,0.648671565856416,-0.028264556246466954,-0.026992651215375973,0.021066666666666668,-0.04933122291313362,-0.04805931788204264,-0.001271905031091012,-0.001271905031091012,-0.060375238817611324,,60,ALL,diagnostic,A-symbol,False,False,ETHUSD
0.5,0.075,1608,307,10,0.021921641791044777,0.021407982692571943,1.0239938113669653,-0.020038004286396235,0.06388128786848579,0.667910447761194,0.6532960199004975,0.001865671641791078,-0.020055970149253755,0.021066666666666668,-0.01920099502487559,-0.04112263681592042,0.021921641791044777,0.021921641791044777,1.040584262233138,0.9609985815602837,60,ALL,diagnostic,A-symbol,False,False,SOLUSD
0.5,0.075,1703,311,11,0.0035231943628890195,0.022061585598472468,0.15969814803941215,-0.03971751341011702,0.046763902135895055,0.6423957721667646,0.6400469759248385,-0.03640634174985313,-0.0399295361127423,0.021066666666666668,-0.0574730084165198,-0.06099620277940897,0.0035231943628890195,0.0035231943628890195,0.16724023874473193,5.979422222222222,60,ALL,diagnostic,A-symbol,False,False,XRPUSD
0.5,0.1,6626,1214,184,-0.006678237247207968,0.0108829257643157,-0.6136435543009409,-0.028008771745266735,0.014652297250850802,0.6580138846966496,0.6624660428614548,-0.012979172955025708,-0.006300935707817756,0.015799999999999998,-0.028779172955025707,-0.022100935707817754,-0.006678237247207968,-0.006678237247207968,-0.42267324349417523,,60,ALL,diagnostic,A,False,False,
0.5,0.1,2357,489,65,-0.006364022061943148,0.01726735758173186,-0.3685579586697165,-0.040208042922137595,0.027479998798251304,0.6720407297411964,0.6762834111158252,0.008061094611794717,0.014425116673737914,0.015799999999999998,-0.007738905388205281,-0.0013748833262620837,-0.006364022061943148,-0.006364022061943148,-0.402786206452098,,60,LOW,diagnostic,A,False,False,
0.5,0.1,2217,595,76,-0.0010148849797023004,0.019417611694376807,-0.05226621047305233,-0.03907340390068084,0.03704363394127624,0.6468200270635994,0.6474966170500677,-0.02976995940460081,-0.028755074424898552,0.015799999999999998,-0.045569959404600804,-0.04455507442489855,-0.0010148849797023004,-0.0010148849797023004,-0.06423322656343675,,60,NORMAL,diagnostic,A,False,False,
0.5,0.1,2052,501,43,-0.013157894736842105,0.019849099361680556,-0.6628963106630381,-0.05206212948573599,0.025746340012051783,0.6539961013645225,0.6627680311890838,-0.01900584795321625,-0.005847953216374324,0.015799999999999998,-0.03480584795321624,-0.021647953216374322,-0.013157894736842105,-0.013157894736842105,-0.8327781479013991,,60,HIGH,diagnostic,A,False,False,
0.5,0.1,1578,290,113,-0.009505703422053232,0.020158969284309665,-0.4715371747429472,-0.04901728321930018,0.03000587637519371,0.7072243346007605,0.7135614702154626,0.06083650190114076,0.07034220532319391,0.015799999999999998,0.045036501901140766,0.05454220532319391,-0.009505703422053232,-0.009505703422053232,-0.6016267988641286,,60,ALL,diagnostic,A-symbol,False,False,BTCUSD
0.5,0.1,1764,310,23,-0.02040816326530612,0.021571634511805837,-0.9460647617655972,-0.06268856690844556,0.021872240377833314,0.6439909297052154,0.6575963718820862,-0.03401360544217691,-0.013605442176870763,0.015799999999999998,-0.0498136054421769,-0.02940544217687076,-0.02040816326530612,-0.02040816326530612,-1.2916559028674761,,60,ALL,diagnostic,A-symbol,False,False,ETHUSD
0.5,0.1,1594,306,24,0.0014115432873274781,0.022611041142469535,0.06242716902921489,-0.042906097351912816,0.045729183926567774,0.6537013801756587,0.6527603513174404,-0.019447929736511993,-0.020859473023839392,0.015799999999999998,-0.03524792973651199,-0.03665947302383939,0.0014115432873274781,0.0014115432873274781,0.08933818274224546,11.193422222222221,60,ALL,diagnostic,A-symbol,False,False,SOLUSD
0.5,0.1,1690,308,24,0.0026627218934911242,0.022448526678433785,0.11861455014992993,-0.04133639039623909,0.04666183418322134,0.6307692307692307,0.6289940828402367,-0.05384615384615388,-0.056508875739644915,0.015799999999999998,-0.06964615384615387,-0.07230887573964491,0.0026627218934911242,0.0026627218934911242,0.16852670211969142,5.933777777777777,60,ALL,diagnostic,A-symbol,False,False,XRPUSD
