k,stop_width,n,clusters,unresolved,excess_gross_R,se_gross_R,t,ci_low_R,ci_high_R,p_signal,p_control,signal_gross_R,control_gross_R,cost_R,signal_net_R,control_net_R,excess_net_R,break_even_cost_R,edge_to_cost,required_multiple,exec_tf,regime,band,stage,signal_real,economics_viable,symbol,net_low_slip,net_high_slip,gate
0.5,0.0025,82660,1415,10,-0.0007621582385676264,0.002471748328428062,-0.30834783210001404,-0.005606784962286628,0.004082468485151375,0.6569199128962013,0.6574280183885797,-0.014620130655698005,-0.013857972417130493,0.632,-0.646620130655698,-0.6458579724171305,-0.0007621582385676264,-0.0007621582385676264,-0.001205946580012067,,5,ALL,primary,A,False,False,,-0.566620130655698,-0.886620130655698,RED
0.5,0.005,82635,1412,35,0.004919223089489925,0.0026744565994515353,1.8393355459567886,-0.0003227118454350833,0.010161158024414935,0.6657106552913414,0.6624311732316814,-0.0014340170629878468,-0.006353240152477846,0.316,-0.31743401706298785,-0.32235324015247785,0.004919223089489925,0.004919223089489925,0.01556716167560103,64.23778597785979,5,ALL,primary,A,False,False,,-0.27743401706298787,-0.43743401706298785,RED
0.5,0.0075,82615,1412,55,0.004439266477032016,0.002665683181181346,1.6653391177059063,-0.0007854725580834217,0.009664005512147453,0.6657749803304485,0.6628154693457604,-0.001337529504327306,-0.005776795981359384,0.21066666666666667,-0.21200419617099397,-0.21644346264802605,0.004439266477032016,0.004439266477032016,0.0210724674542659,47.455287434673934,5,ALL,primary,A,False,False,,-0.18533752950432733,-0.292004196170994,RED
0.5,0.01,82609,1412,61,0.004267089542301686,0.0025570456996978114,1.668757638084437,-0.0007447200291060244,0.009278899113709396,0.668619641927635,0.6657749155661006,0.002929462891452461,-0.001337626650849133,0.158,-0.15507053710854754,-0.15933762665084913,0.004267089542301686,0.004267089542301686,0.027006895837352444,37.02758014184397,5,ALL,primary,A,False,False,,-0.13507053710854755,-0.21507053710854754,RED
0.5,0.015,82599,1412,71,0.0022972433080303634,0.002529692741041199,0.9081115942503115,-0.002660954464410386,0.007255441080471113,0.665395464836136,0.6638639692974492,-0.0019068027457960213,-0.004204046053826183,0.10533333333333333,-0.10724013607912936,-0.10953737938715952,0.0022972433080303634,0.0022972433080303634,0.021809271911680667,45.852057971014496,5,ALL,primary,A,False,False,,-0.09390680274579603,-0.14724013607912936,RED
0.5,0.02,82569,1412,101,0.0027704102023761944,0.002406803878301918,1.1510743469180433,-0.0019469253990955656,0.007487745803847954,0.6645351160847291,0.6626881759498117,-0.0031973258729063314,-0.005967736075282559,0.079,-0.08219732587290633,-0.08496773607528256,0.0027704102023761944,0.0027704102023761944,0.035068483574382206,28.515632786885245,5,ALL,primary,A,False,False,,-0.07219732587290634,-0.11219732587290633,RED
0.5,0.03,82486,1412,184,0.00409160342361128,0.0021044435279971535,1.9442685770263226,-3.310589126314127e-05,0.0082163127384857,0.660718182479451,0.6579904468637102,-0.008922726280823468,-0.013014329704434724,0.05266666666666667,-0.061589392947490135,-0.06568099637110139,0.00409160342361128,0.00409160342361128,0.07768867260021417,12.871889382716049,5,ALL,primary,A,False,False,,-0.054922726280823474,-0.08158939294749014,RED
0.5,0.05,82356,1411,314,0.0021856331050560977,0.001818308447476834,1.2020144921445972,-0.0013782514519984968,0.005749517662110693,0.6521079217057653,0.6506508329690611,-0.021838117441352112,-0.024023750546408262,0.031599999999999996,-0.05343811744135211,-0.05562375054640826,0.0021856331050560977,0.0021856331050560977,0.06916560459038285,14.458053333333334,5,ALL,primary,A,False,False,,-0.04943811744135211,-0.06543811744135211,RED
0.5,0.075,81752,1402,918,0.0021559105587630883,0.0016947865475299244,1.272083827845596,-0.0011658710743955632,0.00547769219192174,0.6625159017516391,0.6610786280457971,-0.006226147372541346,-0.00838205793130431,0.021066666666666668,-0.027292814039208014,-0.029448724597970977,0.0021559105587630883,0.0021559105587630883,0.10233752652356432,9.77158657210402,5,ALL,diagnostic,A,False,False,,-0.02462614737254135,-0.03529281403920802,RED
0.5,0.1,80513,1386,2157,0.001835107373964453,0.001674176630743313,1.096125307369563,-0.0014462788222924404,0.0051164935702213464,0.6637064821830015,0.6624830772670252,-0.004440276725497627,-0.006275384099462267,0.015799999999999998,-0.020240276725497625,-0.022075384099462265,0.001835107373964453,0.001835107373964453,0.11614603632686413,8.609850423011842,5,ALL,diagnostic,A,False,False,,-0.018240276725497627,-0.026240276725497627,RED
0.5,0.0025,27187,1412,1,-0.0033655791370875788,0.0039892790629087625,-0.8436559799438006,-0.011184566100388753,0.004453407826213595,0.6567477103027182,0.6589914297274433,-0.014878434545922747,-0.011512855408835065,0.632,-0.6468784345459228,-0.6435128554088351,-0.0033655791370875788,-0.0033655791370875788,-0.005325283444758827,,15,ALL,primary,A,False,False,,-0.5668784345459228,-0.8868784345459227,RED
0.5,0.005,27181,1410,7,0.0065119016960376724,0.004515542095037421,1.4421085129943205,-0.0023385608102356706,0.015362364202311015,0.6712777307678157,0.6669364629704573,0.006916596151723464,0.00040469445568591667,0.316,-0.30908340384827654,-0.3155953055443141,0.0065119016960376724,0.0065119016960376724,0.02060728384822048,48.526531073446336,15,ALL,primary,A,False,False,,-0.26908340384827656,-0.42908340384827653,RED
0.5,0.0075,27178,1410,10,0.010017293399072778,0.0049710080230347085,2.015143277310063,0.0002741176739247519,0.019760469124220807,0.6703215836338214,0.6636433880344397,0.005482375450732047,-0.004534917948340489,0.21066666666666667,-0.20518429121593462,-0.21520158461500716,0.010017293399072778,0.010017293399072778,0.04755044335002901,21.03029813284359,15,ALL,primary,A,True,False,,-0.17851762454926798,-0.28518429121593464,RED
0.5,0.01,27174,1410,14,0.011095164495473615,0.004946250677231746,2.2431464192759463,0.0014005131680993937,0.020789815822847835,0.6739530433502613,0.6665562670199455,0.010929565025391996,-0.00016559947008176756,0.158,-0.147070434974608,-0.15816559947008177,0.011095164495473615,0.011095164495473615,0.07022256009793428,14.240437810945274,15,ALL,primary,A,True,False,,-0.12707043497460802,-0.207070434974608,RED
0.5,0.015,27170,1410,18,0.01090357011409643,0.005079984645723849,2.146378557123134,0.0009468002084776885,0.020860340019715172,0.6675009201324991,0.6602318733897681,0.0012513801987485973,-0.009652189915347886,0.10533333333333333,-0.10408195313458474,-0.11498552324868122,0.01090357011409643,0.01090357011409643,0.10351490614648509,9.660444444444444,15,ALL,primary,A,True,False,,-0.09074861980125142,-0.14408195313458474,RED
0.5,0.02,27166,1410,22,0.007012442023117132,0.004888929510522825,1.4343512231100295,-0.0025698598175076044,0.016594743863741865,0.6638445115217552,0.6591695501730104,-0.004233232717367308,-0.011245674740484435,0.079,-0.08323323271736731,-0.09024567474048444,0.007012442023117132,0.007012442023117132,0.08876508890021687,11.26569028871391,15,ALL,primary,A,False,False,,-0.07323323271736731,-0.11323323271736731,RED
0.5,0.03,27152,1410,36,0.010082130229817325,0.004447042908844836,2.267153800059973,0.0013659261284814463,0.018798334331153202,0.6633028874484385,0.6565814672952268,-0.0050456688273423644,-0.015127799057159774,0.05266666666666667,-0.05771233549400903,-0.06779446572382644,0.010082130229817325,0.010082130229817325,0.19143285246488592,5.223763774733638,15,ALL,primary,A,True,False,,-0.05104566882734237,-0.07771233549400904,RED
0.5,0.05,27116,1408,72,0.006250921964891578,0.004081714381077522,1.531445216713427,-0.0017492382220203658,0.01425108215180352,0.6502065201357132,0.6460392388257855,-0.024690219796430157,-0.030941141761321678,0.031599999999999996,-0.05629021979643015,-0.06254114176132167,0.006250921964891578,0.006250921964891578,0.19781398623074614,5.055254277286134,15,ALL,primary,A,False,False,,-0.05229021979643016,-0.06829021979643016,RED
0.5,0.075,26954,1399,234,0.006427617422274988,0.0038496701814858736,1.6696540532711541,-0.0011177361334373244,0.013972970977987298,0.6658751947762855,0.6615901164947688,-0.0011872078355716909,-0.007614825257846736,0.021066666666666668,-0.02225387450223836,-0.028681491924513403,0.006427617422274988,0.006427617422274988,0.30510842194343296,3.2775234247234244,15,ALL,diagnostic,A,False,False,,-0.019587207835571694,-0.03025387450223836,RED
0.5,0.1,26536,1382,652,0.0031655110039192046,0.003929678574741277,0.805539421026977,-0.004536659002573698,0.010867681010412106,0.6653225806451613,0.6632122399758819,-0.0020161290322581182,-0.005181640036177271,0.015799999999999998,-0.017816129032258116,-0.02098164003617727,0.0031655110039192046,0.0031655110039192046,0.20034879771640537,4.991295238095237,15,ALL,diagnostic,A,False,False,,-0.015816129032258118,-0.023816129032258118,RED
0.5,0.0025,6810,1243,0,0.001762114537444934,0.007653405378505094,0.23023927915721093,-0.013238560004425052,0.01676278907931492,0.6599118942731278,0.6587371512481645,-0.010132158590308249,-0.011894273127753374,0.632,-0.6421321585903083,-0.6438942731277534,0.001762114537444934,0.001762114537444934,0.002788155913678693,358.65999999999997,60,ALL,primary,A,False,False,,-0.5621321585903083,-0.8821321585903082,RED
0.5,0.005,6810,1243,0,0.00870044052863436,0.007911766660122933,1.0996836613605556,-0.006806622125206585,0.024207503182475304,0.6698972099853158,0.6640969162995595,0.004845814977973539,-0.0038546255506608507,0.316,-0.31115418502202646,-0.31985462555066085,0.00870044052863436,0.00870044052863436,0.02753303964757709,36.32,60,ALL,primary,A,False,False,,-0.2711541850220265,-0.43115418502202646,RED
0.5,0.0075,6810,1243,0,0.006497797356828193,0.008760507505001867,0.7417147183674273,-0.01067279735297547,0.023668392066631853,0.6666666666666666,0.6623348017621146,0.0,-0.0064977973568280945,0.21066666666666667,-0.21066666666666667,-0.21716446402349476,0.006497797356828193,0.006497797356828193,0.030843974795070537,32.42124293785311,60,ALL,primary,A,False,False,,-0.18400000000000002,-0.2906666666666667,RED
0.5,0.01,6809,1243,1,0.007490086650022029,0.009175669898101296,0.816298617234687,-0.010494226350256512,0.025474399650300572,0.6704361873990307,0.665442796299016,0.0056542810985460434,-0.0018358055514759997,0.158,-0.15234571890145396,-0.159835805551476,0.007490086650022029,0.007490086650022029,0.047405611709000185,21.094549019607843,60,ALL,primary,A,False,False,,-0.13234571890145397,-0.21234571890145396,RED
0.5,0.015,6806,1243,4,0.006281222450778725,0.010081523535057833,0.6230429784681043,-0.013478563677934628,0.02604100857949208,0.6663238319130179,0.6621363502791654,-0.0005142521304730696,-0.006795474581251959,0.10533333333333333,-0.1058475854638064,-0.1121288079145853,0.006281222450778725,0.006281222450778725,0.0596318587099246,16.769559454191032,60,ALL,primary,A,False,False,,-0.09251425213047308,-0.1458475854638064,RED
0.5,0.02,6805,1243,5,0.008706833210874357,0.010532240046093046,0.8266838937177636,-0.011936357279468011,0.029350023701216726,0.6659808963997061,0.6601763409257898,-0.0010286554004408366,-0.009735488611315235,0.079,-0.08002865540044084,-0.08873548861131524,0.008706833210874357,0.008706833210874357,0.11021307861866274,9.073333333333334,60,ALL,primary,A,False,False,,-0.07002865540044084,-0.11002865540044084,RED
0.5,0.03,6790,1242,20,0.018998527245949928,0.010827377345170976,1.7546748986653997,-0.0022231323505851877,0.04022018684248504,0.6671575846833578,0.6544918998527246,0.0007363770250368162,-0.018262150220913043,0.05266666666666667,-0.05193028964162985,-0.07092881688757971,0.018998527245949928,0.018998527245949928,0.360731529986391,2.772144702842377,60,ALL,primary,A,False,False,,-0.04526362297496319,-0.07193028964162985,RED
0.5,0.05,6777,1241,33,0.005533421868083223,0.011080069119865091,0.49940319037924885,-0.016183513606852357,0.027250357343018804,0.6445329791943337,0.6408440312822783,-0.03320053120849942,-0.03873395307658256,0.031599999999999996,-0.0648005312084994,-0.07033395307658255,0.005533421868083223,0.005533421868083223,0.17510828696465897,5.710751999999999,60,ALL,primary,A,False,False,,-0.06080053120849942,-0.07680053120849942,RED
0.5,0.075,6728,1233,82,0.0066884661117717,0.010816385965141253,0.6183642238107167,-0.014511650379905157,0.027888582603448554,0.6624554102259215,0.6579964328180737,-0.006316884661117794,-0.013005350772889335,0.021066666666666668,-0.027383551327784462,-0.034072017439556,0.0066884661117717,0.0066884661117717,0.31749047998916297,3.149700740740741,60,ALL,diagnostic,A,False,False,,-0.024716884661117797,-0.035383551327784465,RED
0.5,0.1,6626,1214,184,-0.006678237247207968,0.0108829257643157,-0.6136435543009409,-0.028008771745266735,0.014652297250850802,0.6580138846966496,0.6624660428614548,-0.012979172955025708,-0.006300935707817756,0.015799999999999998,-0.028779172955025707,-0.022100935707817754,-0.006678237247207968,-0.006678237247207968,-0.42267324349417523,,60,ALL,diagnostic,A,False,False,,-0.026779172955025708,-0.03477917295502571,RED
