day,symbol,side
2025-03-02 00:00:00+00:00,LTCUSD,LONG
2025-03-02 00:00:00+00:00,BNBUSD,LONG
2025-03-02 00:00:00+00:00,BTCUSD,LONG
2025-03-02 00:00:00+00:00,POPCATUSD,LONG
2025-03-02 00:00:00+00:00,ARCUSD,SHORT
2025-03-02 00:00:00+00:00,TRUMPUSD,SHORT
2025-03-02 00:00:00+00:00,FARTCOINUSD,SHORT
2025-03-02 00:00:00+00:00,GRIFFAINUSD,SHORT
2025-04-01 00:00:00+00:00,FARTCOINUSD,LONG
2025-04-01 00:00:00+00:00,ADAUSD,LONG
2025-04-01 00:00:00+00:00,BNBUSD,LONG
2025-04-01 00:00:00+00:00,LTCUSD,SHORT
2025-04-01 00:00:00+00:00,PIUSD,SHORT
2025-04-01 00:00:00+00:00,ARCUSD,SHORT
2025-05-01 00:00:00+00:00,FARTCOINUSD,LONG
2025-05-01 00:00:00+00:00,LAYERUSD,LONG
2025-05-01 00:00:00+00:00,POPCATUSD,LONG
2025-05-01 00:00:00+00:00,ARCUSD,LONG
2025-05-01 00:00:00+00:00,LTCUSD,SHORT
2025-05-01 00:00:00+00:00,BNBUSD,SHORT
2025-05-01 00:00:00+00:00,ETHUSD,SHORT
2025-05-01 00:00:00+00:00,PIUSD,SHORT
2025-05-31 00:00:00+00:00,MOODENGUSD,LONG
2025-05-31 00:00:00+00:00,KAITOUSD,LONG
2025-05-31 00:00:00+00:00,AAVEUSD,LONG
2025-05-31 00:00:00+00:00,ETHUSD,LONG
2025-05-31 00:00:00+00:00,VIRTUALUSD,LONG
2025-05-31 00:00:00+00:00,GLMUSD,SHORT
2025-05-31 00:00:00+00:00,FARTCOINUSD,SHORT
2025-05-31 00:00:00+00:00,TRUMPUSD,SHORT
2025-05-31 00:00:00+00:00,ARCUSD,SHORT
2025-05-31 00:00:00+00:00,LAYERUSD,SHORT
2025-06-30 00:00:00+00:00,SPXUSD,LONG
2025-06-30 00:00:00+00:00,BCHUSD,LONG
2025-06-30 00:00:00+00:00,UNIUSD,LONG
2025-06-30 00:00:00+00:00,AAVEUSD,LONG
2025-06-30 00:00:00+00:00,DOGEUSD,SHORT
2025-06-30 00:00:00+00:00,VIRTUALUSD,SHORT
2025-06-30 00:00:00+00:00,ADAUSD,SHORT
2025-06-30 00:00:00+00:00,MOODENGUSD,SHORT
2025-07-30 00:00:00+00:00,PENGUUSD,LONG
2025-07-30 00:00:00+00:00,ETHUSD,LONG
2025-07-30 00:00:00+00:00,XRPUSD,LONG
2025-07-30 00:00:00+00:00,UNIUSD,LONG
2025-07-30 00:00:00+00:00,BTCUSD,SHORT
2025-07-30 00:00:00+00:00,HYPEUSD,SHORT
2025-07-30 00:00:00+00:00,AAVEUSD,SHORT
2025-07-30 00:00:00+00:00,FARTCOINUSD,SHORT
2025-08-29 00:00:00+00:00,BIOUSD,LONG
2025-08-29 00:00:00+00:00,LINKUSD,LONG
2025-08-29 00:00:00+00:00,MUSD,LONG
2025-08-29 00:00:00+00:00,PUMPUSD,LONG
2025-08-29 00:00:00+00:00,XRPUSD,SHORT
2025-08-29 00:00:00+00:00,PIUSD,SHORT
2025-08-29 00:00:00+00:00,PENGUUSD,SHORT
2025-08-29 00:00:00+00:00,FARTCOINUSD,SHORT
2025-09-28 00:00:00+00:00,MUSD,LONG
2025-09-28 00:00:00+00:00,AIOUSD,LONG
2025-09-28 00:00:00+00:00,HUSD,LONG
2025-09-28 00:00:00+00:00,PUMPUSD,LONG
2025-09-28 00:00:00+00:00,LINKUSD,SHORT
2025-09-28 00:00:00+00:00,UNIUSD,SHORT
2025-09-28 00:00:00+00:00,BIOUSD,SHORT
2025-09-28 00:00:00+00:00,FARTCOINUSD,SHORT
2025-10-28 00:00:00+00:00,HUSD,LONG
2025-10-28 00:00:00+00:00,ZORAUSD,LONG
2025-10-28 00:00:00+00:00,BNBUSD,LONG
2025-10-28 00:00:00+00:00,BTCUSD,LONG
2025-10-28 00:00:00+00:00,DOTUSD,SHORT
2025-10-28 00:00:00+00:00,AVAXUSD,SHORT
2025-10-28 00:00:00+00:00,FARTCOINUSD,SHORT
2025-10-28 00:00:00+00:00,ASTERUSD,SHORT
2025-11-27 00:00:00+00:00,ZECUSD,LONG
2025-11-27 00:00:00+00:00,ZKUSD,LONG
2025-11-27 00:00:00+00:00,BCHUSD,LONG
2025-11-27 00:00:00+00:00,UNIUSD,LONG
2025-11-27 00:00:00+00:00,HUSD,SHORT
2025-11-27 00:00:00+00:00,BLESSUSD,SHORT
2025-11-27 00:00:00+00:00,COAIUSD,SHORT
2025-11-27 00:00:00+00:00,EVAAUSD,SHORT
2025-12-27 00:00:00+00:00,BCHUSD,LONG
2025-12-27 00:00:00+00:00,HUSD,LONG
2025-12-27 00:00:00+00:00,ETHUSD,LONG
2025-12-27 00:00:00+00:00,AVAXUSD,SHORT
2025-12-27 00:00:00+00:00,ADAUSD,SHORT
2025-12-27 00:00:00+00:00,DOGEUSD,SHORT
2026-01-26 00:00:00+00:00,DOTUSD,LONG
2026-01-26 00:00:00+00:00,BNBUSD,LONG
2026-01-26 00:00:00+00:00,HUSD,LONG
2026-01-26 00:00:00+00:00,XRPUSD,LONG
2026-01-26 00:00:00+00:00,LTCUSD,SHORT
2026-01-26 00:00:00+00:00,UNIUSD,SHORT
2026-01-26 00:00:00+00:00,ZECUSD,SHORT
2026-01-26 00:00:00+00:00,PIPPINUSD,SHORT
2026-02-25 00:00:00+00:00,PIPPINUSD,LONG
2026-02-25 00:00:00+00:00,KITEUSD,LONG
2026-02-25 00:00:00+00:00,BCHUSD,LONG
2026-02-25 00:00:00+00:00,SOLUSD,SHORT
2026-02-25 00:00:00+00:00,ETHUSD,SHORT
2026-02-25 00:00:00+00:00,RIVERUSD,SHORT
2026-03-27 00:00:00+00:00,RIVERUSD,LONG
2026-03-27 00:00:00+00:00,VVVUSD,LONG
2026-03-27 00:00:00+00:00,AINUSD,LONG
2026-03-27 00:00:00+00:00,PAXGUSD,SHORT
2026-03-27 00:00:00+00:00,KITEUSD,SHORT
2026-03-27 00:00:00+00:00,PIPPINUSD,SHORT
2026-04-26 00:00:00+00:00,MUSD,LONG
2026-04-26 00:00:00+00:00,ZECUSD,LONG
2026-04-26 00:00:00+00:00,VVVUSD,LONG
2026-04-26 00:00:00+00:00,AAVEUSD,SHORT
2026-04-26 00:00:00+00:00,PIPPINUSD,SHORT
2026-04-26 00:00:00+00:00,RIVERUSD,SHORT
2026-05-26 00:00:00+00:00,VVVUSD,LONG
2026-05-26 00:00:00+00:00,ZECUSD,LONG
2026-05-26 00:00:00+00:00,HUSD,LONG
2026-05-26 00:00:00+00:00,AIOTUSD,LONG
2026-05-26 00:00:00+00:00,ETHUSD,SHORT
2026-05-26 00:00:00+00:00,MUSD,SHORT
2026-05-26 00:00:00+00:00,SIRENUSD,SHORT
2026-05-26 00:00:00+00:00,RAVEUSD,SHORT
2026-06-25 00:00:00+00:00,LABUSD,LONG
2026-06-25 00:00:00+00:00,BEATUSD,LONG
2026-06-25 00:00:00+00:00,WLDUSD,LONG
2026-06-25 00:00:00+00:00,HYPEUSD,LONG
2026-06-25 00:00:00+00:00,RIVERUSD,SHORT
2026-06-25 00:00:00+00:00,ZECUSD,SHORT
2026-06-25 00:00:00+00:00,HUSD,SHORT
2026-06-25 00:00:00+00:00,SIRENUSD,SHORT
2026-07-25 00:00:00+00:00,BEATUSD,LONG
2026-07-25 00:00:00+00:00,ZECUSD,LONG
2026-07-25 00:00:00+00:00,AAVEUSD,LONG
2026-07-25 00:00:00+00:00,ETHUSD,LONG
2026-07-25 00:00:00+00:00,SPCXXUSD,SHORT
2026-07-25 00:00:00+00:00,MUSD,SHORT
2026-07-25 00:00:00+00:00,SKYAIUSD,SHORT
2026-07-25 00:00:00+00:00,LABUSD,SHORT
2026-08-24 00:00:00+00:00,ZECUSD,LONG
2026-08-24 00:00:00+00:00,AAVEUSD,LONG
2026-08-24 00:00:00+00:00,HUSD,SHORT
2026-08-24 00:00:00+00:00,BEATUSD,SHORT
