underlying,expiry_ts,expiry,spot_at_obs,settle,max_pain,n_strikes,total_oi,pull,move
BTC,1705147200,2024-01-13 12:00:00+00:00,45987.1,42623.50689655173,43200.0,28,0.11,-0.06060612650069255,-0.07314210079453305
BTC,1706184000,2024-01-25 12:00:00+00:00,40230.8,40217.520689655175,35800.0,41,0.11,-0.11013452379768741,-0.000330078207364197
BTC,1706875200,2024-02-02 12:00:00+00:00,42091.3,43156.048275862064,42200.0,51,0.025,0.0025824814153993124,0.02529616039091358
BTC,1707912000,2024-02-14 12:00:00+00:00,49917.5,51401.84827586208,45200.0,41,0.026000000000000002,-0.09450593479240747,0.02973602996668666
BTC,1708603200,2024-02-22 12:00:00+00:00,50955.9,51616.49310344828,51400.0,42,0.095,0.008715379377069163,0.012964016010869757
BTC,1708948800,2024-02-26 12:00:00+00:00,51642.8,51105.60000000001,51800.0,33,0.02,0.0030439867706630367,-0.010402224511451544
BTC,1709640000,2024-03-05 12:00:00+00:00,65069.0,66643.18275862071,64000.0,53,0.1,-0.016428714134226745,0.024192515001317177
BTC,1709985600,2024-03-09 12:00:00+00:00,67657.8,68270.78965517241,64400.0,52,0.001,-0.04815113704554394,0.009060147613023312
BTC,1710331200,2024-03-13 12:00:00+00:00,72105.4,73190.1068965517,71000.0,20,0.25,-0.015330335869435496,0.015043351767713794
BTC,1710676800,2024-03-17 12:00:00+00:00,68086.6,67047.61724137932,68600.0,53,1.3679999999999999,0.007540397082538916,-0.01525972450703488
BTC,1711022400,2024-03-21 12:00:00+00:00,63202.9,67062.17586206897,62400.0,53,1.052,-0.012703531008861959,0.06106168960710606
BTC,1711368000,2024-03-25 12:00:00+00:00,65461.1,66824.32413793103,64600.0,37,3.1559999999999997,-0.013154377179729618,0.020824950053253556
BTC,1711713600,2024-03-29 12:00:00+00:00,70788.2,70193.35862068967,71000.0,53,20.604999999999997,0.002992024094411257,-0.008403114916191182
BTC,1712059200,2024-04-02 12:00:00+00:00,69465.0,65364.62758620689,70000.0,29,43.827,0.007701720290793925,-0.05902789050303193
BTC,1712404800,2024-04-06 12:00:00+00:00,66307.7,67706.83333333334,66800.0,39,49.977000000000004,0.007424477096928455,0.021100616268296835
BTC,1712750400,2024-04-10 12:00:00+00:00,70869.5,69027.04137931034,70800.0,43,40.912,-0.0009806757490881126,-0.025997906302283266
BTC,1713096000,2024-04-14 12:00:00+00:00,67419.2,64053.57241379312,67400.0,43,33.188,-0.00028478534304763464,-0.049920906599409065
BTC,1713441600,2024-04-18 12:00:00+00:00,62741.1,62724.56896551725,62400.0,48,47.446,-0.005436627665119014,-0.00026348015069471443
BTC,1713787200,2024-04-22 12:00:00+00:00,65272.0,65857.41379310346,65000.0,35,53.791000000000004,-0.004167177350165461,0.008968834923144132
BTC,1714132800,2024-04-26 12:00:00+00:00,63756.8,64190.337931034475,64000.0,19,98.92099999999999,0.003814495081308928,0.006799869677186942
BTC,1714478400,2024-04-30 12:00:00+00:00,62328.3,61222.87586206896,62400.0,27,50.982,0.0011503602697329638,-0.01773550919776475
BTC,1714824000,2024-05-04 12:00:00+00:00,59208.0,64050.81379310345,60000.0,36,85.70900000000002,0.013376570733684636,0.08179323390594938
BTC,1715169600,2024-05-08 12:00:00+00:00,63519.6,62303.44482758621,63200.0,31,50.756,-0.005031517830716795,-0.019146140284475813
BTC,1715515200,2024-05-12 12:00:00+00:00,60724.2,61154.85517241379,60800.0,31,54.64,0.001248266753617222,0.007091985936641238
BTC,1715860800,2024-05-16 12:00:00+00:00,62456.0,66205.37931034483,62600.0,29,55.259,0.0023056231587037274,0.060032331727053065
BTC,1716206400,2024-05-20 12:00:00+00:00,67245.9,67078.42413793103,67000.0,24,54.994,-0.0036567285143033882,-0.0024904992284878057
BTC,1716552000,2024-05-24 12:00:00+00:00,69989.6,67341.82068965517,69000.0,52,119.583,-0.014139243544755303,-0.03783103933076964
BTC,1716897600,2024-05-28 12:00:00+00:00,68429.2,68399.40000000001,68400.0,22,41.47,-0.0004267184184528986,-0.00043548660513331093
BTC,1717243200,2024-06-01 12:00:00+00:00,68402.6,67675.13793103448,69000.0,28,66.273,0.00873358615023397,-0.010635006110374861
BTC,1717588800,2024-06-05 12:00:00+00:00,68999.9,70962.31724137932,69000.0,30,51.377,1.4492774628053196e-06,0.028440870803860988
BTC,1717934400,2024-06-09 12:00:00+00:00,69317.7,69367.42413793103,69000.0,25,66.161,-0.004583244972063371,0.0007173368119690781
BTC,1718280000,2024-06-13 12:00:00+00:00,67788.5,67809.15862068966,67800.0,39,62.125,0.00016964529381827302,0.0003047511110241544
BTC,1718625600,2024-06-17 12:00:00+00:00,66520.5,65843.38275862069,66400.0,27,89.18800000000002,-0.0018114716515961245,-0.0101790762453576
BTC,1718971200,2024-06-21 12:00:00+00:00,66149.3,63802.30344827585,66000.0,42,141.1,-0.0022570155693257964,-0.03548029309039023
BTC,1719316800,2024-06-25 12:00:00+00:00,61232.4,61204.78275862068,62400.0,32,56.043000000000006,0.01906833637094085,-0.0004510233369804988
BTC,1719662400,2024-06-29 12:00:00+00:00,61715.1,61146.21379310346,61600.0,25,73.843,-0.0018650216883712178,-0.00921794191205295
BTC,1720008000,2024-07-03 12:00:00+00:00,62801.7,60279.54137931035,62800.0,27,76.982,-2.7069330925708854e-05,-0.04016067432393783
BTC,1720353600,2024-07-07 12:00:00+00:00,56723.2,57426.10344827585,55800.0,41,166.894,-0.016275527473767298,0.012391815840358984
BTC,1720699200,2024-07-11 12:00:00+00:00,58443.2,58672.35862068966,58000.0,37,83.022,-0.007583431434281441,0.003921048482794592
BTC,1721044800,2024-07-15 12:00:00+00:00,60097.5,62465.29310344827,60000.0,31,70.02699999999999,-0.0016223636590540372,0.03939919469941791
BTC,1721390400,2024-07-19 12:00:00+00:00,64816.9,64007.700000000004,64600.0,52,136.226,-0.003346349486013701,-0.012484398359069889
BTC,1721736000,2024-07-23 12:00:00+00:00,67434.5,66702.09310344828,67600.0,28,69.58200000000001,0.0024542333671933505,-0.010861011745497064
BTC,1722081600,2024-07-27 12:00:00+00:00,67352.0,68174.48620689656,67000.0,37,84.08599999999998,-0.0052262739042641644,0.012211756249206548
BTC,1722427200,2024-07-31 12:00:00+00:00,66459.5,66095.48275862067,66600.0,36,69.0,0.002114069470880762,-0.005477279266009125
BTC,1722772800,2024-08-04 12:00:00+00:00,61854.6,60882.0551724138,61600.0,39,112.418,-0.004116104541941885,-0.015723080055261855
BTC,1723118400,2024-08-08 12:00:00+00:00,56919.3,57443.88620689655,56400.0,51,99.451,-0.009123443190622563,0.009216315149633792
BTC,1723464000,2024-08-12 12:00:00+00:00,60602.4,59745.520689655175,60600.0,28,103.93999999999997,-3.960239198449988e-05,-0.014139362638192977
BTC,1723809600,2024-08-16 12:00:00+00:00,58679.7,58385.64137931035,59000.0,51,179.849,0.005458446447408609,-0.005011249558018323
BTC,1724155200,2024-08-20 12:00:00+00:00,58395.3,60532.78965517242,58400.0,26,82.78,8.048592951825043e-05,0.03660379611325596
BTC,1724500800,2024-08-24 12:00:00+00:00,60828.9,64056.244827586204,61000.0,31,94.638,0.002812807727905626,0.053056110296030384
BTC,1724846400,2024-08-28 12:00:00+00:00,62321.4,59978.59655172414,62200.0,28,78.30199999999999,-0.0019479665090964171,-0.0375922788685084
BTC,1725192000,2024-09-01 12:00:00+00:00,59106.5,58064.231034482764,59000.0,30,88.43299999999999,-0.001801832285789211,-0.01763374528211341
BTC,1725537600,2024-09-05 12:00:00+00:00,56626.1,56749.324137931035,56600.0,35,138.81900000000002,-0.00046091819849854653,0.002176101443169073
BTC,1725883200,2024-09-09 12:00:00+00:00,54525.1,55261.196551724126,54200.0,38,102.78399999999999,-0.005962391632477493,0.013500141250985831
BTC,1726228800,2024-09-13 12:00:00+00:00,58060.2,58089.824137931035,58000.0,53,160.476,-0.0010368548506549597,0.0005102314137918522
BTC,1726574400,2024-09-17 12:00:00+00:00,58717.7,59110.113793103475,58600.0,25,69.073,-0.0020045063072974094,0.006683057972357201
BTC,1726920000,2024-09-21 12:00:00+00:00,63440.0,63080.65862068966,63400.0,41,92.035,-0.0006305170239596469,-0.005664271426707741
BTC,1727265600,2024-09-25 12:00:00+00:00,63530.1,63752.106896551726,63400.0,30,73.84799999999998,-0.0020478481853483397,0.0034945151440297995
BTC,1727611200,2024-09-29 12:00:00+00:00,65715.2,65686.78275862068,65800.0,25,86.436,0.0012904168289832932,-0.0004324302654380274
BTC,1727956800,2024-10-03 12:00:00+00:00,61134.1,60759.213793103474,61200.0,36,71.34400000000001,0.001077958128115102,-0.006132194747228217
BTC,1728302400,2024-10-07 12:00:00+00:00,62097.3,62868.896551724145,62000.0,24,113.79899999999999,-0.0015668958231678817,0.012425605488872173
BTC,1728648000,2024-10-11 12:00:00+00:00,61239.8,61198.965517241384,61400.0,47,211.50399999999996,0.002615945839143777,-0.0006667964748189711
BTC,1728993600,2024-10-15 12:00:00+00:00,64871.3,65501.200000000004,64600.0,28,73.121,-0.004182126764840583,0.009709995020910656
BTC,1729339200,2024-10-19 12:00:00+00:00,67752.2,68156.69655172415,67600.0,26,104.541,-0.0022464215184155954,0.005970234940328886
BTC,1729684800,2024-10-23 12:00:00+00:00,67375.5,66462.81379310344,67000.0,30,106.54500000000002,-0.005573242499128021,-0.013546262467759891
BTC,1730030400,2024-10-27 12:00:00+00:00,67160.5,67146.8275862069,67200.0,27,126.63,0.00058814332829565,-0.00020357820136987427
BTC,1730376000,2024-10-31 12:00:00+00:00,71815.0,72280.2551724138,72200.0,42,97.39,0.005360997006196477,0.006478523601111229
BTC,1730721600,2024-11-04 12:00:00+00:00,68367.9,68809.99655172414,68600.0,33,80.42,0.0033948680594256347,0.006466434565404848
BTC,1731067200,2024-11-08 12:00:00+00:00,74914.3,76087.04827586205,74400.0,71,218.83799999999997,-0.00686517794332995,0.01565453158959032
BTC,1731412800,2024-11-12 12:00:00+00:00,82145.2,87441.00689655174,81200.0,50,91.311,-0.011506454424604202,0.06446885388984074
BTC,1731758400,2024-11-16 12:00:00+00:00,89751.1,91102.88275862068,90000.0,53,81.498,0.0027732250635367607,0.015061461738303703
BTC,1732104000,2024-11-20 12:00:00+00:00,91918.1,93327.15862068968,92000.0,43,81.167,0.0008910105844223736,0.015329501161247563
BTC,1732449600,2024-11-24 12:00:00+00:00,98422.8,97397.50000000003,98400.0,43,128.32600000000002,-0.00023165364122950077,-0.010417301682130297
BTC,1732795200,2024-11-28 12:00:00+00:00,93332.9,95280.97241379309,93200.0,63,107.275,-0.0014239351825561424,0.02087230134061082
BTC,1733140800,2024-12-02 12:00:00+00:00,97100.8,95147.0275862069,97000.0,34,144.827,-0.0010380964935407628,-0.02012107432475435
BTC,1733486400,2024-12-06 12:00:00+00:00,102569.7,97946.32413793105,102000.0,56,261.23699999999997,-0.00555427187561236,-0.04507545466223405
BTC,1733832000,2024-12-10 12:00:00+00:00,98233.6,97682.18275862066,98600.0,37,94.15599999999998,0.003729884683041181,-0.005613326207930302
BTC,1734177600,2024-12-14 12:00:00+00:00,100406.4,101631.4103448276,100200.0,47,156.67900000000003,-0.002055645855244229,0.012200520532830635
BTC,1734523200,2024-12-18 12:00:00+00:00,106810.7,104872.38965517242,106600.0,53,146.604,-0.0019726488076568837,-0.018147155152316945
BTC,1734868800,2024-12-22 12:00:00+00:00,98087.0,97214.23448275863,98000.0,67,309.652,-0.0008869676919469451,-0.00889787145331558
BTC,1735214400,2024-12-26 12:00:00+00:00,97776.5,95797.8068965517,98200.0,52,148.21499999999997,0.004331306602302189,-0.020236898472008085
BTC,1735560000,2024-12-30 12:00:00+00:00,95042.4,93889.35172413792,95000.0,41,133.267,-0.00044611668055514363,-0.01213193559781822
BTC,1735905600,2025-01-03 12:00:00+00:00,96789.3,96731.85172413792,96000.0,57,435.609,-0.008154827031500413,-0.000593539532387227
BTC,1736251200,2025-01-07 12:00:00+00:00,99399.5,100837.3896551724,99200.0,33,214.502,-0.0020070523493578942,0.01446576346130919
BTC,1736596800,2025-01-11 12:00:00+00:00,95095.9,94673.91379310345,94800.0,46,256.54600000000005,-0.0031115957680614434,-0.00443748055275301
BTC,1736942400,2025-01-15 12:00:00+00:00,96500.7,96703.49655172412,96000.0,52,167.053,-0.005188563399021946,0.00210150342665001
BTC,1737288000,2025-01-19 12:00:00+00:00,103557.6,104613.4448275862,103600.0,52,308.414,0.000409433976839886,0.010195725157653213
BTC,1737633600,2025-01-23 12:00:00+00:00,105326.7,101979.40344827587,105200.0,52,171.05700000000002,-0.0012029238550148927,-0.03178013316399474
BTC,1737979200,2025-01-27 12:00:00+00:00,104795.2,99009.90689655169,104600.0,36,174.479,-0.0018626807334686808,-0.05520570697368109
BTC,1738324800,2025-01-31 12:00:00+00:00,105172.1,104688.6172413793,105000.0,66,606.788,-0.0016363655380087097,-0.004597062896155066
BTC,1738670400,2025-02-04 12:00:00+00:00,95094.4,99199.95862068965,95200.0,52,162.27499999999998,0.0011104754854124514,0.04317350570264553
BTC,1739016000,2025-02-08 12:00:00+00:00,97870.8,95961.88965517239,97400.0,41,234.57100000000003,-0.004810423537970497,-0.019504390940174338
BTC,1739361600,2025-02-12 12:00:00+00:00,98022.1,96205.22758620688,98400.0,40,203.88400000000001,0.003855253050077423,-0.018535334519390295
BTC,1739707200,2025-02-16 12:00:00+00:00,97587.9,97274.85862068963,97600.0,35,235.425,0.00012399078164409543,-0.0032077888683982882
BTC,1740052800,2025-02-20 12:00:00+00:00,96494.2,97217.03103448273,96200.0,37,279.72900000000004,-0.003048887912434085,0.007490927273170131
BTC,1740398400,2025-02-24 12:00:00+00:00,96148.1,95761.56551724138,96000.0,44,317.509,-0.001540332050243383,-0.004020198867774019
BTC,1740744000,2025-02-28 12:00:00+00:00,86689.9,80602.12758620689,88000.0,51,640.896,0.015112487152482652,-0.0702247022293613
BTC,1741089600,2025-03-04 12:00:00+00:00,93201.5,83952.28620689658,92600.0,77,215.156,-0.00645375879143576,-0.09923889414980899
BTC,1741435200,2025-03-08 12:00:00+00:00,89016.4,85876.4310344828,89000.0,69,204.49900000000002,-0.00018423571386839033,-0.03527405023700349
BTC,1741780800,2025-03-12 12:00:00+00:00,81534.5,82893.92758620689,80400.0,65,189.894,-0.013914355272921279,0.01667303517169897
BTC,1742126400,2025-03-16 12:00:00+00:00,84010.9,82537.86666666667,84000.0,46,388.608,-0.00012974506879457522,-0.017533835887168517
BTC,1742472000,2025-03-20 12:00:00+00:00,83742.4,85449.9344827586,83600.0,38,204.47500000000002,-0.0017004528172108058,0.02039032178154207
BTC,1742817600,2025-03-24 12:00:00+00:00,84738.0,87681.393908046,84600.0,24,228.01,-0.0016285491751044396,0.03473522986199812
BTC,1743163200,2025-03-28 12:00:00+00:00,86846.29333333333,85104.57862068966,86500.0,64,615.044,-0.003987427903274953,-0.020055141627733364
BTC,1743508800,2025-04-01 12:00:00+00:00,82140.01333333332,83944.80816091954,82000.0,32,217.98399999999998,-0.0017045691576057067,0.021972175975454936
BTC,1743854400,2025-04-05 12:00:00+00:00,82414.77,83513.30666666667,83000.0,51,425.40600000000006,0.007101032982316105,0.013329366406854825
BTC,1744200000,2025-04-09 12:00:00+00:00,79871.56333333334,76115.9887356322,79600.0,51,225.53599999999997,-0.003400000225361879,-0.047020171397268745
BTC,1744545600,2025-04-13 12:00:00+00:00,83524.43333333333,84402.38344827587,83400.0,45,400.98400000000004,-0.0014897836281838603,0.010511296873320511
BTC,1744891200,2025-04-17 12:00:00+00:00,84038.04666666668,84586.55022988503,84000.0,35,237.341,-0.00045273144933492625,0.006526848076252571
BTC,1745236800,2025-04-21 12:00:00+00:00,84247.87333333334,86891.17448275862,84200.0,22,337.921,-0.000568243819567077,0.03137528634066355
BTC,1745582400,2025-04-25 12:00:00+00:00,92578.34,94279.63603448276,92000.0,52,666.212,-0.0062470335933869255,0.018376825880467924
BTC,1745928000,2025-04-29 12:00:00+00:00,95185.56333333334,95109.72988505746,95000.0,31,247.18499999999995,-0.0019494903096124866,-0.00079669064950865
BTC,1746273600,2025-05-03 12:00:00+00:00,96905.69333333331,95979.63241379308,97000.0,41,411.957,0.0009731798351856607,-0.009556310756219441
BTC,1746619200,2025-05-07 12:00:00+00:00,93865.9,97002.85172413793,94000.0,31,330.865,0.001428633827620103,0.033419502973262245
BTC,1746964800,2025-05-11 12:00:00+00:00,103522.2,104494.41724137933,103600.0,43,304.895,0.0007515296235976719,0.00939138891348262
BTC,1747310400,2025-05-15 12:00:00+00:00,103928.7,102292.7310344828,103800.0,41,302.981,-0.0012383489834857657,-0.0157412626687065
BTC,1747656000,2025-05-19 12:00:00+00:00,103801.5,103008.66206896551,103800.0,26,253.20800000000003,-1.4450658227482262e-05,-0.00763801998077571
BTC,1748001600,2025-05-23 12:00:00+00:00,111016.8,110240.49655172415,110000.0,63,521.721,-0.009158974137247722,-0.006992666409731249
BTC,1748347200,2025-05-27 12:00:00+00:00,109703.7,109523.72758620688,109800.0,36,179.999,0.0008778190708244382,-0.0016405318489086413
BTC,1748692800,2025-05-31 12:00:00+00:00,105922.7,103476.54482758619,106000.0,41,385.89700000000005,0.0007297774697963979,-0.0230937766164742
BTC,1749038400,2025-06-04 12:00:00+00:00,105298.6,105262.02758620691,105400.0,33,261.76099999999997,0.0009629757660595124,-0.00034732098805772936
BTC,1749384000,2025-06-08 12:00:00+00:00,105241.6,105633.16896551725,105200.0,47,381.82500000000005,-0.0003952809535393401,0.0037206671650492425
BTC,1749729600,2025-06-12 12:00:00+00:00,109334.5,107043.4551724138,109600.0,38,265.289,0.002428327746502705,-0.020954454701729096
BTC,1750075200,2025-06-16 12:00:00+00:00,104977.9,106869.54137931034,105200.0,31,244.291,0.002115683396219641,0.018019424843803717
BTC,1750420800,2025-06-20 12:00:00+00:00,104736.0,105937.81034482758,105000.0,53,637.3899999999999,0.0025206232813932174,0.011474663390119726
BTC,1750766400,2025-06-24 12:00:00+00:00,101215.9,105221.4344827586,101200.0,47,254.3,-0.00015708994337840378,0.0395741625847185
BTC,1751112000,2025-06-28 12:00:00+00:00,106945.0,107328.00109195398,107000.0,28,209.76,0.0005142830426854925,0.003581290307671964
BTC,1751457600,2025-07-02 12:00:00+00:00,106699.5,107520.7620689655,106600.0,29,228.11699999999996,-0.0009325254570077648,0.007696962675228107
BTC,1751803200,2025-07-06 12:00:00+00:00,108019.0,108038.15172413792,108000.0,32,319.267,-0.00017589498143845064,0.0001772995874607133
BTC,1752148800,2025-07-10 12:00:00+00:00,109053.1,111058.71379310342,109000.0,26,322.58599999999996,-0.0004869187579262379,0.018391167175471557
BTC,1752494400,2025-07-14 12:00:00+00:00,118111.6,121527.3379310345,118000.0,28,239.22700000000003,-0.0009448690899116244,0.02891958055800191
BTC,1752840000,2025-07-18 12:00:00+00:00,118000.0,119035.37241379311,118000.0,76,640.687,0.0,0.008774342489772144
BTC,1753185600,2025-07-22 12:00:00+00:00,117915.8,119061.46206896554,118200.0,32,218.10000000000002,0.0024101943929481636,0.009715933479360181
BTC,1753531200,2025-07-26 12:00:00+00:00,116548.4,117873.14482758622,116400.0,42,337.489,-0.0012732907530261608,0.01136647802617819
BTC,1753876800,2025-07-30 12:00:00+00:00,118641.9,117776.65862068968,118600.0,33,273.57500000000005,-0.000353163595660506,-0.007292882019845593
BTC,1754222400,2025-08-03 12:00:00+00:00,113707.7,113967.70344827585,113800.0,45,441.449,0.0008117304281064776,0.0022865949120055126
BTC,1754568000,2025-08-07 12:00:00+00:00,114340.4,116635.71379310347,114200.0,33,318.89200000000005,-0.0012279124438955452,0.02007439009399541
BTC,1754913600,2025-08-11 12:00:00+00:00,118339.8,120560.92413793103,118200.0,30,388.42499999999995,-0.0011813438927563077,0.018769037449201564
BTC,1755259200,2025-08-15 12:00:00+00:00,120977.8,119044.39655172414,120600.0,70,768.856,-0.003122887009021514,-0.015981473032869318
BTC,1755604800,2025-08-19 12:00:00+00:00,114995.7,115535.98965517244,115200.0,36,263.87699999999995,0.0017765881680793536,0.00469834659185031
BTC,1755950400,2025-08-23 12:00:00+00:00,112350.0,115451.51379310346,112400.0,34,462.145,0.0004450378282153983,0.027605819253257276
BTC,1756296000,2025-08-27 12:00:00+00:00,109678.4,111291.48965517241,110000.0,49,320.25,0.0029322090767188967,0.014707450648189749
BTC,1756641600,2025-08-31 12:00:00+00:00,108470.0,108424.96206896556,108600.0,46,473.3860000000001,0.0011984880612150824,-0.00041521094343545053
BTC,1756987200,2025-09-04 12:00:00+00:00,111600.4,110930.31379310346,111200.0,40,326.639,-0.003587800760570699,-0.006004335171706698
BTC,1757332800,2025-09-08 12:00:00+00:00,111289.0,111919.1724137931,111000.0,36,407.784,-0.002596842455229178,0.005662486083917561
BTC,1757678400,2025-09-12 12:00:00+00:00,114133.0,114986.31724137929,113400.0,62,940.8380000000001,-0.006422331840922432,0.00747651635705092
BTC,1758024000,2025-09-16 12:00:00+00:00,114991.4,115356.89310344831,115000.0,25,355.927,7.478820155251455e-05,0.0031784385914800247
BTC,1758369600,2025-09-20 12:00:00+00:00,116423.3,115847.4275862069,116400.0,36,724.9679999999998,-0.0002001317605668531,-0.004946367383445569
BTC,1758715200,2025-09-24 12:00:00+00:00,112997.0,113005.3724137931,113000.0,38,441.57900000000006,2.654937741709957e-05,7.409412456170103e-05
BTC,1759060800,2025-09-28 12:00:00+00:00,109297.8,109293.87931034483,109400.0,34,667.9680000000001,0.000935059992058368,-3.5871624636331465e-05
BTC,1759406400,2025-10-02 12:00:00+00:00,116716.3,118751.55862068966,116400.0,40,456.50699999999995,-0.0027099899499898722,0.01743765541479341
BTC,1759752000,2025-10-06 12:00:00+00:00,123126.1,124251.15172413795,123200.0,45,502.83,0.0006001976835130341,0.00913739429851138
BTC,1760097600,2025-10-10 12:00:00+00:00,122984.1,121536.26551724138,122800.0,74,1464.8429999999998,-0.0014969414745483831,-0.011772533870302145
BTC,1760443200,2025-10-14 12:00:00+00:00,113996.0,111441.24137931035,114600.0,59,381.096,0.00529843152391312,-0.022410949688494792
BTC,1760788800,2025-10-18 12:00:00+00:00,105787.4,106969.20689655174,105600.0,64,387.64200000000005,-0.001771477510554132,0.011171527956559525
BTC,1761134400,2025-10-22 12:00:00+00:00,108562.7,107694.00689655171,108600.0,46,517.603,0.00034358025362304836,-0.008001763989365446
BTC,1761480000,2025-10-26 12:00:00+00:00,111579.5,113078.70344827589,111600.0,37,703.0809999999999,0.00018372550513311137,0.013436190772282454
BTC,1761825600,2025-10-30 12:00:00+00:00,113194.2,109909.5,113000.0,41,384.10900000000004,-0.001715635606771346,-0.02901827125418084
BTC,1762171200,2025-11-03 12:00:00+00:00,111200.0,107731.62758620692,110800.0,32,503.147,-0.0035971223021582736,-0.031190399404614065
BTC,1762516800,2025-11-07 12:00:00+00:00,103018.1,100194.73793103451,103000.0,72,963.452,-0.00017569728038088279,-0.02740646613522762
BTC,1762862400,2025-11-11 12:00:00+00:00,105921.3,105336.39310344827,106000.0,47,495.807,0.0007430044759646746,-0.005522089481074499
BTC,1763208000,2025-11-15 12:00:00+00:00,95873.0,95751.85862068967,96200.0,68,593.9830000000001,0.0034107621540996943,-0.0012635609536608583
BTC,1763553600,2025-11-19 12:00:00+00:00,91326.8,91519.10344827584,91400.0,55,627.008,0.0008015171888207743,0.0021056628314562384
BTC,1763899200,2025-11-23 12:00:00+00:00,83999.8,86240.88620689655,84000.0,76,1408.065,2.380958049865471e-06,0.026679661224152326
BTC,1764244800,2025-11-27 12:00:00+00:00,86733.0,91420.63103448278,86800.0,42,504.243,0.0007724856744261123,0.054046683897510515
BTC,1764590400,2025-12-01 12:00:00+00:00,91047.1,86345.52068965515,91000.0,31,466.53099999999995,-0.000517314664607723,-0.05163897927934939
BTC,1764936000,2025-12-05 12:00:00+00:00,92999.4,91277.83793103448,93000.0,90,1541.681,6.451654526865989e-06,-0.018511539525690693
BTC,1765281600,2025-12-09 12:00:00+00:00,91831.9,90294.43103448274,92000.0,42,433.346,0.0018305185888564412,-0.016742210119982875
BTC,1765627200,2025-12-13 12:00:00+00:00,92289.2,90382.20666666665,92200.0,47,528.809,-0.0009665269609011357,-0.020663233978985045
BTC,1765972800,2025-12-17 12:00:00+00:00,87304.6,86908.10689655169,87000.0,43,457.341,-0.003488934145509009,-0.00454149155311766
BTC,1766318400,2025-12-21 12:00:00+00:00,88266.8,88624.24482758621,88200.0,44,1275.969,-0.0007567964398845649,0.004049595403778189
BTC,1766664000,2025-12-25 12:00:00+00:00,87182.7,87525.06896551726,87200.0,37,590.8220000000001,0.00019843386359911898,0.003927028705434265
BTC,1767009600,2025-12-29 12:00:00+00:00,87856.3,87657.19310344827,87800.0,30,513.171,-0.0006408191558260808,-0.0022662791006647603
BTC,1767355200,2026-01-02 12:00:00+00:00,88017.2,89495.66206896552,87800.0,50,1539.529,-0.0024676994950986525,0.016797422196633473
BTC,1767700800,2026-01-06 12:00:00+00:00,93115.8,93818.22758620688,92800.0,37,627.5129999999999,-0.003391475990111269,0.0075435918094123155
BTC,1768046400,2026-01-10 12:00:00+00:00,90466.8,90760.12758620692,90400.0,34,700.752,-0.0007383924268350699,0.0032423782670207534
BTC,1768392000,2026-01-14 12:00:00+00:00,91973.0,94901.07241379311,92000.0,30,697.741,0.00029356441564372155,0.031836217300654654
BTC,1768737600,2026-01-18 12:00:00+00:00,95301.9,95134.7827586207,95200.0,30,1504.893,-0.001069233666904796,-0.0017535562394799642
BTC,1769083200,2026-01-22 12:00:00+00:00,88757.1,89976.91379310342,89000.0,45,945.5210000000001,0.0027366824738527303,0.013743281304858026
BTC,1769428800,2026-01-26 12:00:00+00:00,88467.6,87835.7379310345,89000.0,29,621.694,0.006018022417246474,-0.007142299202934263
BTC,1769774400,2026-01-30 12:00:00+00:00,87912.7,82897.85172413792,88600.0,93,2852.9749999999995,0.007817983067292927,-0.05704350197254869
BTC,1770120000,2026-02-03 12:00:00+00:00,77930.7,78221.12068965517,78000.0,63,819.4769999999999,0.0008892516043100205,0.0037266531630689424
BTC,1770465600,2026-02-07 12:00:00+00:00,66417.2,67862.49999999999,66200.0,78,1427.3069999999998,-0.0032702372277060325,0.021760929397806418
BTC,1770811200,2026-02-11 12:00:00+00:00,68711.3,66982.55172413794,69000.0,39,841.3299999999999,0.004201637867424966,-0.02515959203016186
BTC,1771156800,2026-02-15 12:00:00+00:00,70420.6,70328.68620689656,70000.0,42,2948.535,-0.005972684129359957,-0.0013052117292873004
BTC,1771502400,2026-02-19 12:00:00+00:00,67485.1,66666.05862068964,67600.0,35,964.473,0.0017025980549779753,-0.012136625407836178
BTC,1771848000,2026-02-23 12:00:00+00:00,68134.9,66189.24827586209,68000.0,28,804.54,-0.0019798957656060874,-0.02855587553717558
BTC,1772193600,2026-02-27 12:00:00+00:00,68166.0,66157.18275862068,68400.0,100,3520.743,0.003432796408766834,-0.029469489795195872
BTC,1772539200,2026-03-03 12:00:00+00:00,66378.7,67020.28620689655,66200.0,42,1027.1689999999999,-0.0026921286497023455,0.009665543418243364
BTC,1772884800,2026-03-07 12:00:00+00:00,70160.2,68082.54827586208,70600.0,41,1211.1950000000002,0.006268511207208687,-0.02961296752486337
BTC,1773230400,2026-03-11 12:00:00+00:00,70480.6,69422.6551724138,70400.0,47,1040.2959999999998,-0.001143577097811395,-0.015010440143616948
BTC,1773576000,2026-03-15 12:00:00+00:00,70778.2,71768.1068965517,70800.0,39,2792.9269999999997,0.00030800444204575575,0.013986042263743741
BTC,1773921600,2026-03-19 12:00:00+00:00,72936.6,70041.01379310344,73000.0,36,1058.2789999999998,0.0008692480866943918,-0.03970004369406532
BTC,1774267200,2026-03-23 12:00:00+00:00,68220.0,70560.9724137931,68800.0,31,833.1500000000001,0.008501905599530929,0.03431504564340522
BTC,1774612800,2026-03-27 12:00:00+00:00,69336.5,66729.79999999999,70000.0,95,4117.526,0.009569274480252105,-0.03759491753982407
BTC,1774958400,2026-03-31 12:00:00+00:00,67785.6,66683.6551724138,67600.0,29,798.188,-0.002738044658452618,-0.016256326234277023
BTC,1775304000,2026-04-04 12:00:00+00:00,67015.6,67121.26206896552,66800.0,35,1959.279,-0.0032171613773510316,0.0015766786981763964
BTC,1775649600,2026-04-08 12:00:00+00:00,68394.5,71586.26896551723,68600.0,35,1059.848,0.0030046275650819874,0.04666704143633229
BTC,1775995200,2026-04-12 12:00:00+00:00,72925.2,71457.75862068967,72800.0,29,2413.615,-0.0017168276535408486,-0.020122555430911817
BTC,1776340800,2026-04-16 12:00:00+00:00,74142.1,74457.05517241378,74000.0,43,1214.483,-0.0019165898996657204,0.004247993682587503
BTC,1776686400,2026-04-20 12:00:00+00:00,75638.7,75211.01379310346,75600.0,33,1390.902,-0.0005116428494936731,-0.0056543304802507445
BTC,1777032000,2026-04-24 12:00:00+00:00,77766.1,78266.24137931035,77400.0,87,4373.639,-0.004707706828553904,0.00643135478454419
BTC,1777377600,2026-04-28 12:00:00+00:00,77746.3,76229.43103448275,77800.0,26,1038.56,0.0006907081108682611,-0.019510497162144685
BTC,1777723200,2026-05-02 12:00:00+00:00,77472.2,78150.35172413793,77600.0,29,1550.3190000000002,0.0016496239941553605,0.00875348478729058
BTC,1778068800,2026-05-06 12:00:00+00:00,81000.1,82598.28275862068,81000.0,31,1114.164,-1.234566377150408e-06,0.019730626982197283
BTC,1778414400,2026-05-10 12:00:00+00:00,80360.2,80822.21379310345,80200.0,24,1877.7729999999997,-0.001993524157480906,0.00574928625244157
BTC,1778760000,2026-05-14 12:00:00+00:00,80579.7,79313.64137931033,80400.0,27,1575.896,-0.002230090208824271,-0.015711880544227265
BTC,1779105600,2026-05-18 12:00:00+00:00,78387.4,77155.4172413793,78200.0,30,1793.0140000000001,-0.0023906903405393493,-0.015716591679539003
BTC,1779451200,2026-05-22 12:00:00+00:00,77278.3,77365.78965517241,77400.0,44,2815.304,0.001574827603609255,0.0011321374198501866
BTC,1779796800,2026-05-26 12:00:00+00:00,77317.7,77242.2827586207,77400.0,31,1472.656,0.0010644393198452995,-0.0009754201350958254
BTC,1780142400,2026-05-30 12:00:00+00:00,73425.0,73607.12413793102,73600.0,32,1769.677,0.002383384405856316,0.0024804104587132876
BTC,1780488000,2026-06-03 12:00:00+00:00,69486.2,67130.59655172413,69600.0,38,1848.2059999999997,0.0016377352625413812,-0.03390030607913326
BTC,1780833600,2026-06-07 12:00:00+00:00,60930.1,62626.01034482758,60800.0,42,2017.6709999999998,-0.002135233652989221,0.027833703618204766
BTC,1781179200,2026-06-11 12:00:00+00:00,61089.1,63153.53448275862,61400.0,35,1811.4140000000002,0.005089287614320746,0.03379382709450008
BTC,1781524800,2026-06-15 12:00:00+00:00,64548.0,66203.13555555545,64400.0,21,1333.918,-0.00229286732354217,0.02564193399571555
BTC,1781870400,2026-06-19 12:00:00+00:00,63998.8,62638.80388888884,64000.0,65,5095.983,1.8750351569046443e-05,-0.02125033767994341
BTC,1782216000,2026-06-23 12:00:00+00:00,64765.5,62542.24083333329,64600.0,21,1746.8979999999997,-0.0025553728451104367,-0.034327831432887985
BTC,1782561600,2026-06-27 12:00:00+00:00,59432.2,60305.30750000001,59400.0,39,1753.136,-0.000541793842395151,0.014690815753076831
BTC,1782907200,2026-07-01 12:00:00+00:00,59068.5,58656.51888888886,59000.0,26,2128.122,-0.0011596705519862532,-0.006974633029637476
BTC,1783252800,2026-07-05 12:00:00+00:00,62551.9,62692.50694444447,62600.0,21,2367.24,0.0007689614544082361,0.0022478445010377882
BTC,1783598400,2026-07-09 12:00:00+00:00,62293.7,62691.31944444445,62200.0,31,2058.134,-0.001504164947659187,0.006382980051665826
BTC,1783944000,2026-07-13 12:00:00+00:00,63977.8,62954.56055555561,64000.0,18,1469.042,0.00034699536401684787,-0.015993664121685843
BTC,1784289600,2026-07-17 12:00:00+00:00,64171.9,63265.0827777778,64200.0,45,3581.3219999999997,0.0004378863645925794,-0.014131063942663351
BTC,1784635200,2026-07-21 12:00:00+00:00,64810.2,66313.3983333333,64600.0,20,1802.091,-0.003243316638430326,0.023193854259565695
BTC,1784980800,2026-07-25 12:00:00+00:00,65015.5,64072.23750000011,65000.0,22,1771.565,-0.00023840468811283462,-0.01450827110458103
BTC,1785326400,2026-07-29 12:00:00+00:00,63532.2,64459.306944444455,63400.0,26,2060.4269999999997,-0.002080834600407307,0.014592709593630605
BTC,1785672000,2026-08-02 12:00:00+00:00,63102.7,63119.53250000005,63000.0,26,3089.678,-0.0016275056376351105,0.0002667476985938004
BTC,1786017600,2026-08-06 12:00:00+00:00,64111.4,64629.70361111107,64200.0,24,2193.3140000000003,0.0013819695093228123,0.008084421976607444
BTC,1786363200,2026-08-10 12:00:00+00:00,64925.0,65084.59333333324,64800.0,19,1952.893,-0.0019252984212552945,0.002458118341674905
BTC,1786708800,2026-08-14 12:00:00+00:00,63460.3,62889.353888888865,63600.0,34,4453.700999999999,0.0022013762935251973,-0.008996902175236136
BTC,1787054400,2026-08-18 12:00:00+00:00,63618.4,64365.359166666596,63400.0,20,2673.141,-0.003432969078128363,0.011741244147394381
BTC,1787400000,2026-08-22 12:00:00+00:00,76658.6,77113.81305555557,77000.0,88,3296.5719999999997,0.004453512065182434,0.005938186394684525
