label,trades,effective_n,deff,win_rate,gross_r,cost_r,funding_r,net_r,median_r,avg_win,avg_loss,profit_factor,sharpe,sortino,max_dd_r,ci_low,ci_high,t_net,t_gross,hold_mean,hold_median,stop_pct_mean,stop_pct_median,pct_positive_months,pct_target,pct_stop,pct_time,pct_long,percentile,min_duration,volume_mult,body_mult,target_r
percentile=0.1|min_duration=4|volume_mult=1.0|body_mult=0.25|target_r=2.0,59,59.0,1.0,0.3898,0.086,0.3541,-0.00501,-0.263,-0.4574,1.1461,-1.1633,0.629,-16.208,-28.957,18.02,-0.5308,-0.0086,-1.951,0.627,15.29,18.0,0.366,0.333,20.0,16.9,44.1,39.0,49.2,0.1,4,1.0,0.25,2.0
percentile=0.1|min_duration=4|volume_mult=1.0|body_mult=0.25|target_r=3.0,59,59.0,1.0,0.3559,0.1148,0.3726,-0.00599,-0.2518,-0.7647,1.3769,-1.1519,0.661,-13.552,-27.537,21.9,-0.5732,0.057,-1.563,0.72,15.8,18.0,0.366,0.333,0.0,11.9,45.8,42.4,49.2,0.1,4,1.0,0.25,3.0
percentile=0.1|min_duration=4|volume_mult=1.0|body_mult=0.5|target_r=2.0,54,54.0,1.0,0.3704,0.0925,0.3623,-0.00271,-0.2671,-0.6111,1.2356,-1.151,0.631,-16.278,-28.897,18.23,-0.5658,0.0275,-1.744,0.582,15.0,17.5,0.359,0.314,20.0,18.5,44.4,37.0,50.0,0.1,4,1.0,0.5,2.0
percentile=0.1|min_duration=4|volume_mult=1.0|body_mult=0.5|target_r=3.0,54,52.4,1.03,0.3333,0.124,0.3826,-0.00378,-0.2548,-0.7883,1.5148,-1.1396,0.665,-13.467,-27.386,22.11,-0.6147,0.1167,-1.327,0.653,15.56,18.0,0.359,0.314,20.0,13.0,46.3,40.7,50.0,0.1,4,1.0,0.5,3.0
percentile=0.1|min_duration=4|volume_mult=1.0|body_mult=0.75|target_r=2.0,50,50.0,1.0,0.4,0.1583,0.3673,-0.00076,-0.2082,-0.4467,1.2304,-1.1673,0.703,-12.199,-21.311,14.11,-0.5036,0.0609,-1.428,1.069,15.64,18.5,0.359,0.312,40.0,20.0,42.0,38.0,48.0,0.1,4,1.0,0.75,2.0
percentile=0.1|min_duration=4|volume_mult=1.0|body_mult=0.75|target_r=3.0,50,47.6,1.05,0.36,0.1923,0.3892,-0.0019,-0.195,-0.6111,1.5091,-1.1535,0.736,-9.864,-19.859,17.99,-0.5584,0.1622,-1.043,1.03,16.24,20.5,0.359,0.312,40.0,14.0,44.0,42.0,48.0,0.1,4,1.0,0.75,3.0
percentile=0.1|min_duration=4|volume_mult=1.5|body_mult=0.25|target_r=2.0,47,47.0,1.0,0.4043,0.1923,0.2883,-0.00233,-0.0937,-0.3802,1.238,-0.9974,0.842,-6.089,-16.119,13.06,-0.3992,0.2143,-0.595,1.222,16.15,19.0,0.372,0.327,40.0,21.3,38.3,40.4,53.2,0.1,4,1.5,0.25,2.0
percentile=0.1|min_duration=4|volume_mult=1.5|body_mult=0.25|target_r=3.0,47,44.0,1.07,0.3617,0.2051,0.3166,-0.00355,-0.108,-0.436,1.4554,-0.9939,0.83,-6.017,-17.919,15.22,-0.433,0.2724,-0.577,1.102,16.83,22.0,0.372,0.327,20.0,12.8,40.4,46.8,53.2,0.1,4,1.5,0.25,3.0
percentile=0.1|min_duration=4|volume_mult=1.5|body_mult=0.5|target_r=2.0,45,45.0,1.0,0.3778,0.16,0.2923,-0.00084,-0.1315,-0.436,1.2947,-0.9974,0.788,-8.548,-22.837,13.42,-0.4667,0.1884,-0.788,0.956,15.84,19.0,0.365,0.302,40.0,22.2,40.0,37.8,53.3,0.1,4,1.5,0.5,2.0
percentile=0.1|min_duration=4|volume_mult=1.5|body_mult=0.5|target_r=3.0,45,42.1,1.07,0.3333,0.1734,0.3219,-0.00212,-0.1464,-0.4574,1.5486,-0.9939,0.779,-8.128,-24.494,16.73,-0.5215,0.249,-0.718,0.848,16.56,22.0,0.365,0.302,20.0,13.3,42.2,44.4,53.3,0.1,4,1.5,0.5,3.0
percentile=0.1|min_duration=4|volume_mult=1.5|body_mult=0.75|target_r=2.0,41,41.0,1.0,0.3902,0.1737,0.2981,-0.00092,-0.1235,-0.436,1.2632,-1.011,0.8,-7.907,-21.602,12.03,-0.4604,0.1875,-0.745,1.043,16.34,19.0,0.361,0.297,40.0,22.0,39.0,39.0,48.8,0.1,4,1.5,0.75,2.0
percentile=0.1|min_duration=4|volume_mult=1.5|body_mult=0.75|target_r=3.0,41,39.4,1.04,0.3415,0.1907,0.3248,-0.00232,-0.1317,-0.4574,1.5547,-1.0062,0.801,-7.07,-22.104,15.54,-0.5267,0.274,-0.623,0.897,17.05,22.0,0.361,0.297,20.0,14.6,41.5,43.9,48.8,0.1,4,1.5,0.75,3.0
percentile=0.1|min_duration=4|volume_mult=2.0|body_mult=0.25|target_r=2.0,38,38.0,1.0,0.4211,0.2376,0.2963,0.00018,-0.0589,-0.4081,1.2644,-1.0213,0.9,-3.816,-11.243,10.53,-0.3908,0.2622,-0.356,1.467,15.55,19.0,0.362,0.294,40.0,23.7,36.8,39.5,52.6,0.1,4,2.0,0.25,2.0
percentile=0.1|min_duration=4|volume_mult=2.0|body_mult=0.25|target_r=3.0,38,37.4,1.02,0.3684,0.2271,0.3314,-0.00133,-0.1029,-0.4467,1.4606,-1.015,0.839,-5.729,-18.54,11.27,-0.4445,0.2672,-0.557,1.261,16.39,22.0,0.362,0.294,20.0,13.2,39.5,47.4,52.6,0.1,4,2.0,0.25,3.0
percentile=0.1|min_duration=4|volume_mult=2.0|body_mult=0.5|target_r=2.0,38,38.0,1.0,0.4211,0.2376,0.2963,0.00018,-0.0589,-0.4081,1.2644,-1.0213,0.9,-3.816,-11.243,10.53,-0.3908,0.2622,-0.356,1.467,15.55,19.0,0.362,0.294,40.0,23.7,36.8,39.5,52.6,0.1,4,2.0,0.5,2.0
percentile=0.1|min_duration=4|volume_mult=2.0|body_mult=0.5|target_r=3.0,38,37.4,1.02,0.3684,0.2271,0.3314,-0.00133,-0.1029,-0.4467,1.4606,-1.015,0.839,-5.729,-18.54,11.27,-0.4445,0.2672,-0.557,1.261,16.39,22.0,0.362,0.294,20.0,13.2,39.5,47.4,52.6,0.1,4,2.0,0.5,3.0
percentile=0.1|min_duration=4|volume_mult=2.0|body_mult=0.75|target_r=2.0,36,36.0,1.0,0.4167,0.223,0.3024,0.00019,-0.0795,-0.4081,1.2287,-1.014,0.866,-5.162,-14.692,9.36,-0.3773,0.2092,-0.522,1.486,15.92,19.5,0.359,0.294,40.0,22.2,36.1,41.7,47.2,0.1,4,2.0,0.75,2.0
percentile=0.1|min_duration=4|volume_mult=2.0|body_mult=0.75|target_r=3.0,36,35.2,1.02,0.3611,0.2147,0.3328,-0.00141,-0.1167,-0.4467,1.4605,-1.0081,0.819,-6.407,-20.411,11.56,-0.4791,0.251,-0.598,1.106,16.72,22.0,0.359,0.294,20.0,13.9,38.9,47.2,47.2,0.1,4,2.0,0.75,3.0
percentile=0.1|min_duration=6|volume_mult=1.0|body_mult=0.25|target_r=2.0,16,15.0,1.07,0.375,-0.0519,0.2854,-0.00215,-0.3351,-0.8235,1.0494,-1.1658,0.54,-23.913,-70.104,4.14,-0.6573,-0.0241,-2.063,-0.367,13.81,12.5,0.401,0.416,0.0,12.5,50.0,37.5,43.8,0.1,6,1.0,0.25,2.0
percentile=0.1|min_duration=6|volume_mult=1.0|body_mult=0.25|target_r=3.0,16,14.7,1.09,0.375,0.0731,0.2854,-0.00573,-0.2066,-0.8235,1.3922,-1.1658,0.717,-11.898,-42.541,4.14,-0.5958,0.1855,-1.031,0.405,14.25,12.5,0.401,0.416,40.0,12.5,50.0,37.5,43.8,0.1,6,1.0,0.25,3.0
percentile=0.1|min_duration=6|volume_mult=1.0|body_mult=0.5|target_r=2.0,13,12.0,1.09,0.3077,-0.1282,0.2873,0.00289,-0.4183,-1.1897,1.1958,-1.1357,0.468,-30.737,-88.403,5.51,-0.7517,-0.093,-2.455,-0.785,12.69,12.0,0.391,0.406,0.0,15.4,53.8,30.8,46.2,0.1,6,1.0,0.5,2.0
percentile=0.1|min_duration=6|volume_mult=1.0|body_mult=0.5|target_r=3.0,13,11.6,1.12,0.3077,0.0257,0.2873,-0.00153,-0.2601,-1.1897,1.71,-1.1357,0.669,-14.757,-53.836,5.3,-0.6909,0.1987,-1.127,0.116,13.23,12.0,0.391,0.406,40.0,15.4,53.8,30.8,46.2,0.1,6,1.0,0.5,3.0
percentile=0.1|min_duration=6|volume_mult=1.0|body_mult=0.75|target_r=2.0,11,9.9,1.12,0.3636,0.0304,0.2948,0.00341,-0.2679,-0.4574,1.1958,-1.1042,0.619,-18.398,-48.454,3.17,-0.6365,0.0945,-1.408,0.169,13.27,13.0,0.387,0.4,25.0,18.2,45.5,36.4,36.4,0.1,6,1.0,0.75,2.0
percentile=0.1|min_duration=6|volume_mult=1.0|body_mult=0.75|target_r=3.0,11,9.5,1.16,0.3636,0.2122,0.2949,-0.00181,-0.0809,-0.4574,1.71,-1.1042,0.885,-4.254,-14.292,3.17,-0.5477,0.384,-0.323,0.87,13.91,13.0,0.387,0.4,50.0,18.2,45.5,36.4,36.4,0.1,6,1.0,0.75,3.0
percentile=0.1|min_duration=6|volume_mult=1.5|body_mult=0.25|target_r=2.0,14,13.0,1.08,0.3571,-0.0654,0.2661,-0.00245,-0.329,-0.8235,1.1229,-1.1357,0.549,-23.371,-67.602,4.82,-0.6431,0.0291,-1.933,-0.432,13.43,12.5,0.423,0.427,20.0,14.3,50.0,35.7,42.9,0.1,6,1.5,0.25,2.0
percentile=0.1|min_duration=6|volume_mult=1.5|body_mult=0.25|target_r=3.0,14,12.6,1.11,0.3571,0.0775,0.2662,-0.00655,-0.1821,-0.8235,1.5343,-1.1357,0.751,-10.239,-36.739,4.82,-0.5745,0.2696,-0.828,0.385,13.93,12.5,0.423,0.427,40.0,14.3,50.0,35.7,42.9,0.1,6,1.5,0.25,3.0
percentile=0.1|min_duration=6|volume_mult=1.5|body_mult=0.5|target_r=2.0,12,11.0,1.1,0.25,-0.2293,0.2776,0.00313,-0.51,-1.2042,1.3672,-1.1357,0.401,-38.552,-111.613,6.19,-0.8826,-0.1409,-2.674,-1.219,11.83,12.0,0.403,0.416,0.0,16.7,58.3,25.0,41.7,0.1,6,1.5,0.5,2.0
percentile=0.1|min_duration=6|volume_mult=1.5|body_mult=0.5|target_r=3.0,12,10.5,1.14,0.25,-0.0626,0.2776,-0.00166,-0.3386,-1.2042,2.0529,-1.1357,0.603,-19.299,-72.336,5.98,-0.813,0.1381,-1.333,-0.25,12.42,12.0,0.403,0.416,40.0,16.7,58.3,25.0,41.7,0.1,6,1.5,0.5,3.0
percentile=0.1|min_duration=6|volume_mult=1.5|body_mult=0.75|target_r=2.0,10,8.8,1.14,0.3,-0.0751,0.2839,0.00375,-0.3628,-0.8235,1.3672,-1.1042,0.531,-25.314,-68.171,3.85,-0.7909,0.0862,-1.622,-0.356,12.3,12.5,0.4,0.435,25.0,20.0,50.0,30.0,30.0,0.1,6,1.5,0.75,2.0
percentile=0.1|min_duration=6|volume_mult=1.5|body_mult=0.75|target_r=3.0,10,8.5,1.18,0.3,0.1249,0.284,-0.00199,-0.1571,-0.8235,2.0529,-1.1042,0.797,-8.205,-28.716,3.85,-0.6897,0.3976,-0.537,0.447,13.0,12.5,0.4,0.435,50.0,20.0,50.0,30.0,30.0,0.1,6,1.5,0.75,3.0
percentile=0.1|min_duration=6|volume_mult=2.0|body_mult=0.25|target_r=2.0,11,9.9,1.11,0.2727,-0.1592,0.2799,0.00341,-0.4425,-1.1897,1.3672,-1.1212,0.457,-31.886,-89.421,5.09,-0.8693,-0.0157,-2.037,-0.732,12.27,12.0,0.402,0.426,20.0,18.2,54.5,27.3,36.4,0.1,6,2.0,0.25,2.0
percentile=0.1|min_duration=6|volume_mult=2.0|body_mult=0.25|target_r=3.0,11,9.5,1.16,0.2727,0.0226,0.28,-0.00181,-0.2555,-1.1897,2.0529,-1.1212,0.687,-13.843,-50.347,5.09,-0.7785,0.2701,-0.912,0.08,12.91,12.0,0.402,0.426,40.0,18.2,54.5,27.3,36.4,0.1,6,2.0,0.25,3.0
percentile=0.1|min_duration=6|volume_mult=2.0|body_mult=0.5|target_r=2.0,11,9.9,1.11,0.2727,-0.1592,0.2799,0.00341,-0.4425,-1.1897,1.3672,-1.1212,0.457,-31.886,-89.421,5.09,-0.8693,-0.0157,-2.037,-0.732,12.27,12.0,0.402,0.426,20.0,18.2,54.5,27.3,36.4,0.1,6,2.0,0.5,2.0
percentile=0.1|min_duration=6|volume_mult=2.0|body_mult=0.5|target_r=3.0,11,9.5,1.16,0.2727,0.0226,0.28,-0.00181,-0.2555,-1.1897,2.0529,-1.1212,0.687,-13.843,-50.347,5.09,-0.7785,0.2701,-0.912,0.08,12.91,12.0,0.402,0.426,40.0,18.2,54.5,27.3,36.4,0.1,6,2.0,0.5,3.0
percentile=0.1|min_duration=6|volume_mult=2.0|body_mult=0.75|target_r=2.0,10,8.8,1.14,0.3,-0.0751,0.2839,0.00375,-0.3628,-0.8235,1.3672,-1.1042,0.531,-25.314,-68.171,3.85,-0.7909,0.0862,-1.622,-0.356,12.3,12.5,0.4,0.435,25.0,20.0,50.0,30.0,30.0,0.1,6,2.0,0.75,2.0
percentile=0.1|min_duration=6|volume_mult=2.0|body_mult=0.75|target_r=3.0,10,8.5,1.18,0.3,0.1249,0.284,-0.00199,-0.1571,-0.8235,2.0529,-1.1042,0.797,-8.205,-28.716,3.85,-0.6897,0.3976,-0.537,0.447,13.0,12.5,0.4,0.435,50.0,20.0,50.0,30.0,30.0,0.1,6,2.0,0.75,3.0
percentile=0.2|min_duration=4|volume_mult=1.0|body_mult=0.25|target_r=2.0,88,69.4,1.27,0.3295,-0.0548,0.275,0.002,-0.3318,-0.7577,1.0622,-1.0171,0.513,-24.311,-62.726,29.54,-0.505,-0.1451,-3.264,-0.504,15.73,19.5,0.408,0.38,20.0,12.5,47.7,39.8,45.5,0.2,4,1.0,0.25,2.0
percentile=0.2|min_duration=4|volume_mult=1.0|body_mult=0.25|target_r=3.0,88,70.6,1.25,0.3068,-0.1185,0.291,0.0008,-0.4103,-0.9771,0.9849,-1.0279,0.424,-29.056,-75.666,35.54,-0.6105,-0.1851,-3.414,-0.971,16.75,21.5,0.408,0.38,20.0,4.5,50.0,45.5,45.5,0.2,4,1.0,0.25,3.0
percentile=0.2|min_duration=4|volume_mult=1.0|body_mult=0.5|target_r=2.0,74,63.9,1.16,0.3243,-0.0672,0.265,-0.00053,-0.3317,-0.6632,1.0255,-0.9831,0.501,-24.364,-58.589,24.88,-0.5232,-0.1443,-3.166,-0.594,16.35,20.5,0.426,0.418,20.0,12.2,45.9,41.9,43.2,0.2,4,1.0,0.5,2.0
percentile=0.2|min_duration=4|volume_mult=1.0|body_mult=0.5|target_r=3.0,74,65.9,1.12,0.3243,-0.0486,0.2776,-0.00209,-0.3241,-0.6632,1.0489,-0.9831,0.512,-21.94,-55.856,23.41,-0.5338,-0.09,-2.72,-0.392,17.18,21.5,0.426,0.418,20.0,5.4,45.9,48.6,43.2,0.2,4,1.0,0.5,3.0
percentile=0.2|min_duration=4|volume_mult=1.0|body_mult=0.75|target_r=2.0,52,44.0,1.18,0.25,-0.2026,0.27,-0.00076,-0.4718,-0.9771,1.0581,-0.9818,0.359,-36.286,-80.753,23.9,-0.7228,-0.2072,-3.254,-1.378,16.67,21.0,0.419,0.399,20.0,9.6,50.0,40.4,50.0,0.2,4,1.0,0.75,2.0
percentile=0.2|min_duration=4|volume_mult=1.0|body_mult=0.75|target_r=3.0,52,43.5,1.2,0.25,-0.1888,0.2796,-0.00297,-0.4654,-0.9771,1.0839,-0.9818,0.368,-33.983,-78.526,23.57,-0.7315,-0.1626,-2.886,-1.169,17.15,21.0,0.419,0.399,20.0,3.8,50.0,46.2,50.0,0.2,4,1.0,0.75,3.0
percentile=0.2|min_duration=4|volume_mult=1.5|body_mult=0.25|target_r=2.0,63,56.5,1.11,0.3333,-0.0239,0.2638,-0.00199,-0.2858,-0.8335,1.1993,-1.0283,0.583,-20.143,-55.681,18.97,-0.5173,-0.0498,-2.249,-0.181,15.29,18.0,0.42,0.385,20.0,15.9,49.2,34.9,42.9,0.2,4,1.5,0.25,2.0
percentile=0.2|min_duration=4|volume_mult=1.5|body_mult=0.25|target_r=3.0,63,55.4,1.14,0.3175,-0.0653,0.2825,-0.00366,-0.3441,-1.1208,1.139,-1.0339,0.512,-22.69,-64.898,23.16,-0.6023,-0.0659,-2.326,-0.424,16.59,21.0,0.42,0.385,20.0,6.3,50.8,42.9,42.9,0.2,4,1.5,0.25,3.0
percentile=0.2|min_duration=4|volume_mult=1.5|body_mult=0.5|target_r=2.0,56,54.8,1.02,0.3214,-0.0601,0.263,-0.00224,-0.3209,-0.9771,1.1576,-1.0212,0.537,-22.819,-59.789,19.84,-0.5668,-0.0642,-2.42,-0.44,15.68,18.5,0.433,0.425,20.0,14.3,50.0,35.7,41.1,0.2,4,1.5,0.5,2.0
percentile=0.2|min_duration=4|volume_mult=1.5|body_mult=0.5|target_r=3.0,56,54.8,1.02,0.3214,-0.0271,0.2776,-0.0043,-0.3004,-0.9771,1.2213,-1.0212,0.567,-19.072,-54.18,19.25,-0.5665,-0.0041,-2.078,-0.188,16.73,21.0,0.433,0.425,20.0,7.1,50.0,42.9,41.1,0.2,4,1.5,0.5,3.0
percentile=0.2|min_duration=4|volume_mult=1.5|body_mult=0.75|target_r=2.0,38,34.0,1.12,0.2105,-0.2887,0.2661,-0.00118,-0.5536,-1.1416,1.2189,-1.0263,0.317,-42.513,-99.979,20.2,-0.8375,-0.254,-3.55,-1.945,16.18,19.5,0.423,0.404,20.0,10.5,57.9,31.6,47.4,0.2,4,1.5,0.75,2.0
percentile=0.2|min_duration=4|volume_mult=1.5|body_mult=0.75|target_r=3.0,38,32.3,1.17,0.2105,-0.2574,0.2762,-0.00421,-0.5294,-1.1416,1.334,-1.0263,0.347,-36.92,-93.866,19.28,-0.8486,-0.1888,-2.879,-1.486,16.79,20.5,0.423,0.404,40.0,5.3,57.9,36.8,47.4,0.2,4,1.5,0.75,3.0
percentile=0.2|min_duration=4|volume_mult=2.0|body_mult=0.25|target_r=2.0,44,44.0,1.0,0.3182,-0.0918,0.2725,0.00011,-0.3644,-0.9771,1.0776,-1.0373,0.485,-27.238,-72.757,19.67,-0.6925,-0.0306,-2.103,-0.488,15.16,19.5,0.425,0.425,20.0,11.4,50.0,38.6,40.9,0.2,4,2.0,0.25,2.0
percentile=0.2|min_duration=4|volume_mult=2.0|body_mult=0.25|target_r=3.0,44,42.8,1.03,0.3182,-0.0643,0.2841,-0.00251,-0.3459,-0.9771,1.1356,-1.0373,0.511,-23.88,-67.424,19.56,-0.6784,-0.0083,-1.958,-0.331,15.91,21.0,0.425,0.425,40.0,4.5,50.0,45.5,40.9,0.2,4,2.0,0.25,3.0
percentile=0.2|min_duration=4|volume_mult=2.0|body_mult=0.5|target_r=2.0,42,42.0,1.0,0.3333,-0.0571,0.2744,0.00011,-0.3316,-0.828,1.0618,-1.0284,0.516,-24.306,-63.356,17.0,-0.6303,-0.02,-2.092,-0.339,15.52,20.5,0.421,0.425,20.0,11.9,47.6,40.5,38.1,0.2,4,2.0,0.5,2.0
percentile=0.2|min_duration=4|volume_mult=2.0|body_mult=0.5|target_r=3.0,42,42.0,1.0,0.3333,-0.0284,0.2866,-0.00263,-0.3123,-0.828,1.1198,-1.0284,0.544,-21.1,-58.207,16.89,-0.6155,-0.0038,-1.961,-0.164,16.31,21.5,0.421,0.425,40.0,4.8,47.6,47.6,38.1,0.2,4,2.0,0.5,3.0
percentile=0.2|min_duration=4|volume_mult=2.0|body_mult=0.75|target_r=2.0,30,24.8,1.21,0.2333,-0.2486,0.2649,0.00016,-0.5136,-1.1324,1.1136,-1.0089,0.336,-40.19,-93.059,16.2,-0.8573,-0.1537,-2.576,-1.287,15.83,20.5,0.426,0.425,40.0,10.0,53.3,36.7,43.3,0.2,4,2.0,0.75,2.0
percentile=0.2|min_duration=4|volume_mult=2.0|body_mult=0.75|target_r=3.0,30,23.5,1.28,0.2333,-0.2423,0.2777,-0.00368,-0.5163,-1.1324,1.1023,-1.0089,0.333,-38.961,-91.815,16.2,-0.8785,-0.1107,-2.321,-1.125,16.43,21.0,0.426,0.425,40.0,3.3,53.3,43.3,43.3,0.2,4,2.0,0.75,3.0
percentile=0.2|min_duration=6|volume_mult=1.0|body_mult=0.25|target_r=2.0,29,25.9,1.12,0.4483,0.0867,0.2522,-0.00488,-0.1606,-0.5522,0.9594,-1.0706,0.728,-11.395,-36.84,5.25,-0.5552,0.2075,-0.775,0.432,16.28,21.0,0.425,0.392,20.0,10.3,41.4,48.3,41.4,0.2,6,1.0,0.25,2.0
percentile=0.2|min_duration=6|volume_mult=1.0|body_mult=0.25|target_r=3.0,29,26.2,1.11,0.4483,0.1422,0.2602,-0.00885,-0.1092,-0.5522,1.0741,-1.0706,0.815,-6.817,-24.438,5.25,-0.5577,0.3202,-0.455,0.607,17.1,23.0,0.425,0.392,40.0,6.9,41.4,51.7,41.4,0.2,6,1.0,0.25,3.0
percentile=0.2|min_duration=6|volume_mult=1.0|body_mult=0.5|target_r=2.0,26,23.7,1.1,0.4615,0.15,0.239,-0.00515,-0.0838,-0.3453,1.0297,-1.0383,0.85,-5.653,-18.121,3.96,-0.4279,0.2412,-0.468,0.858,16.96,21.0,0.439,0.425,20.0,15.4,38.5,46.2,42.3,0.2,6,1.0,0.5,2.0
percentile=0.2|min_duration=6|volume_mult=1.0|body_mult=0.5|target_r=3.0,26,24.2,1.08,0.4615,0.1937,0.2523,-0.00958,-0.049,-0.3453,1.1052,-1.0383,0.912,-2.961,-10.296,3.96,-0.4404,0.3474,-0.236,0.944,17.96,23.0,0.439,0.425,40.0,7.7,38.5,53.8,42.3,0.2,6,1.0,0.5,3.0
percentile=0.2|min_duration=6|volume_mult=1.0|body_mult=0.75|target_r=2.0,19,17.2,1.11,0.4737,0.1594,0.2474,-0.00705,-0.081,-0.5522,1.0101,-1.063,0.855,-5.341,-21.706,3.82,-0.4838,0.2971,-0.382,0.779,17.63,21.0,0.431,0.423,20.0,15.8,36.8,47.4,47.4,0.2,6,1.0,0.75,2.0
percentile=0.2|min_duration=6|volume_mult=1.0|body_mult=0.75|target_r=3.0,19,18.4,1.03,0.4737,0.1665,0.2656,-0.01312,-0.086,-0.5522,0.9996,-1.063,0.846,-5.355,-22.256,3.82,-0.5185,0.3351,-0.392,0.778,18.89,23.0,0.431,0.423,40.0,5.3,36.8,57.9,47.4,0.2,6,1.0,0.75,3.0
percentile=0.2|min_duration=6|volume_mult=1.5|body_mult=0.25|target_r=2.0,22,20.0,1.1,0.4091,0.0426,0.2482,-0.00367,-0.2019,-0.6873,1.0617,-1.0767,0.683,-14.017,-45.362,4.53,-0.6056,0.1666,-0.978,0.223,15.82,20.5,0.421,0.382,20.0,13.6,45.5,40.9,31.8,0.2,6,1.5,0.25,2.0
percentile=0.2|min_duration=6|volume_mult=1.5|body_mult=0.25|target_r=3.0,22,19.2,1.14,0.4091,0.1157,0.2588,-0.00891,-0.1342,-0.6873,1.2273,-1.0767,0.789,-7.938,-29.154,4.06,-0.609,0.3106,-0.534,0.495,16.91,21.0,0.421,0.382,40.0,9.1,45.5,45.5,31.8,0.2,6,1.5,0.25,3.0
percentile=0.2|min_duration=6|volume_mult=1.5|body_mult=0.5|target_r=2.0,20,18.9,1.06,0.4,0.0571,0.2403,-0.00404,-0.1791,-0.6873,1.1404,-1.0588,0.718,-12.044,-38.75,3.69,-0.5368,0.1679,-0.989,0.336,16.15,20.5,0.431,0.407,20.0,15.0,45.0,40.0,35.0,0.2,6,1.5,0.5,2.0
percentile=0.2|min_duration=6|volume_mult=1.5|body_mult=0.5|target_r=3.0,20,18.1,1.1,0.4,0.1375,0.2519,-0.00981,-0.1046,-0.6873,1.3267,-1.0588,0.835,-5.947,-21.834,3.69,-0.5367,0.3271,-0.458,0.645,17.35,21.0,0.431,0.407,40.0,10.0,45.0,45.0,35.0,0.2,6,1.5,0.5,3.0
percentile=0.2|min_duration=6|volume_mult=1.5|body_mult=0.75|target_r=2.0,12,11.0,1.09,0.3333,-0.0758,0.2446,0.0,-0.3204,-0.9832,1.2388,-1.1,0.563,-21.074,-93.562,4.41,-0.7182,0.0725,-1.584,-0.38,16.17,20.5,0.414,0.389,20.0,16.7,50.0,33.3,33.3,0.2,6,1.5,0.75,2.0
percentile=0.2|min_duration=6|volume_mult=1.5|body_mult=0.75|target_r=3.0,12,11.0,1.09,0.3333,-0.0251,0.264,-0.00961,-0.2795,-0.9832,1.3615,-1.1,0.619,-15.872,-77.352,3.56,-0.7225,0.2156,-1.151,-0.105,18.0,21.0,0.414,0.389,40.0,8.3,50.0,41.7,33.3,0.2,6,1.5,0.75,3.0
percentile=0.2|min_duration=6|volume_mult=2.0|body_mult=0.25|target_r=2.0,14,14.0,1.0,0.2857,-0.2546,0.2445,0.0,-0.4991,-1.1491,1.0428,-1.1159,0.374,-39.777,-175.018,7.07,-0.8297,-0.167,-2.982,-1.441,14.57,20.5,0.442,0.425,20.0,7.1,57.1,35.7,28.6,0.2,6,2.0,0.25,2.0
percentile=0.2|min_duration=6|volume_mult=2.0|body_mult=0.25|target_r=3.0,14,14.0,1.0,0.2857,-0.2826,0.2611,-0.00823,-0.5355,-1.1491,0.9155,-1.1159,0.328,-44.273,-180.402,7.07,-0.8351,-0.2333,-3.511,-1.722,15.79,21.0,0.442,0.425,20.0,0.0,57.1,42.9,28.6,0.2,6,2.0,0.25,3.0
percentile=0.2|min_duration=6|volume_mult=2.0|body_mult=0.5|target_r=2.0,14,14.0,1.0,0.2857,-0.2546,0.2445,0.0,-0.4991,-1.1491,1.0428,-1.1159,0.374,-39.777,-175.018,7.07,-0.8297,-0.167,-2.982,-1.441,14.57,20.5,0.442,0.425,20.0,7.1,57.1,35.7,28.6,0.2,6,2.0,0.5,2.0
percentile=0.2|min_duration=6|volume_mult=2.0|body_mult=0.5|target_r=3.0,14,14.0,1.0,0.2857,-0.2826,0.2611,-0.00823,-0.5355,-1.1491,0.9155,-1.1159,0.328,-44.273,-180.402,7.07,-0.8351,-0.2333,-3.511,-1.722,15.79,21.0,0.442,0.425,20.0,0.0,57.1,42.9,28.6,0.2,6,2.0,0.5,3.0
percentile=0.2|min_duration=6|volume_mult=2.0|body_mult=0.75|target_r=2.0,9,8.0,1.12,0.2222,-0.3415,0.2264,0.0,-0.5679,-1.1439,1.14,-1.0558,0.308,-44.828,-176.761,5.67,-0.9061,-0.2019,-2.947,-1.849,15.33,21.0,0.457,0.426,25.0,11.1,55.6,33.3,33.3,0.2,6,2.0,0.75,2.0
percentile=0.2|min_duration=6|volume_mult=2.0|body_mult=0.75|target_r=3.0,9,8.0,1.12,0.2222,-0.385,0.2522,-0.01281,-0.6244,-1.1439,0.8854,-1.0558,0.24,-53.635,-183.4,5.67,-0.9144,-0.329,-3.729,-2.319,17.22,21.0,0.457,0.426,25.0,0.0,55.6,44.4,33.3,0.2,6,2.0,0.75,3.0
percentile=0.3|min_duration=4|volume_mult=1.0|body_mult=0.25|target_r=2.0,114,92.4,1.23,0.3158,-0.0564,0.2512,0.00428,-0.3119,-0.6987,1.1357,-0.98,0.535,-23.088,-60.511,41.06,-0.4931,-0.1041,-2.771,-0.498,15.25,18.5,0.425,0.413,20.0,14.9,43.9,41.2,44.7,0.3,4,1.0,0.25,2.0
percentile=0.3|min_duration=4|volume_mult=1.0|body_mult=0.25|target_r=3.0,114,80.2,1.42,0.307,-0.014,0.2609,0.00642,-0.2813,-0.7276,1.3099,-0.9862,0.588,-18.04,-53.02,39.77,-0.4872,-0.0422,-2.031,-0.101,16.1,21.0,0.425,0.413,20.0,8.8,44.7,46.5,44.7,0.3,4,1.0,0.25,3.0
percentile=0.3|min_duration=4|volume_mult=1.0|body_mult=0.5|target_r=2.0,104,91.8,1.13,0.3269,-0.0458,0.2448,0.0031,-0.2937,-0.624,1.1099,-0.9755,0.553,-21.49,-55.247,34.92,-0.469,-0.1061,-2.98,-0.473,15.5,18.5,0.431,0.414,20.0,15.4,43.3,41.3,47.1,0.3,4,1.0,0.5,2.0
percentile=0.3|min_duration=4|volume_mult=1.0|body_mult=0.5|target_r=3.0,104,78.8,1.32,0.3173,0.0011,0.2535,0.00545,-0.2578,-0.6987,1.3014,-0.9825,0.616,-16.166,-47.153,33.63,-0.463,-0.0368,-2.029,0.009,16.33,21.0,0.431,0.414,20.0,9.6,44.2,46.2,47.1,0.3,4,1.0,0.5,3.0
percentile=0.3|min_duration=4|volume_mult=1.0|body_mult=0.75|target_r=2.0,79,57.9,1.36,0.3418,0.002,0.2446,0.00453,-0.2471,-0.541,1.1303,-0.9624,0.61,-18.087,-46.735,23.82,-0.4496,-0.0333,-1.987,0.016,15.11,17.0,0.43,0.412,20.0,16.5,41.8,41.8,45.6,0.3,4,1.0,0.75,2.0
percentile=0.3|min_duration=4|volume_mult=1.0|body_mult=0.75|target_r=3.0,79,55.7,1.42,0.3418,0.1212,0.2499,0.00762,-0.1362,-0.541,1.4548,-0.9624,0.785,-8.037,-25.011,21.27,-0.3985,0.1298,-0.846,0.751,16.04,20.0,0.43,0.412,20.0,12.7,41.8,45.6,45.6,0.3,4,1.0,0.75,3.0
percentile=0.3|min_duration=4|volume_mult=1.5|body_mult=0.25|target_r=2.0,92,72.7,1.27,0.337,-0.0056,0.2474,0.00391,-0.2569,-0.548,1.1526,-0.9732,0.602,-18.622,-48.975,29.97,-0.5004,-0.0034,-1.81,-0.04,15.22,18.0,0.425,0.409,20.0,16.3,41.3,42.4,46.7,0.3,4,1.5,0.25,2.0
percentile=0.3|min_duration=4|volume_mult=1.5|body_mult=0.25|target_r=3.0,92,68.6,1.34,0.337,0.0882,0.2554,0.00656,-0.1738,-0.548,1.3991,-0.9732,0.731,-10.503,-32.125,27.78,-0.4647,0.1197,-0.986,0.5,16.2,21.0,0.425,0.409,20.0,10.9,41.3,47.8,46.7,0.3,4,1.5,0.25,3.0
percentile=0.3|min_duration=4|volume_mult=1.5|body_mult=0.5|target_r=2.0,87,67.6,1.29,0.3218,-0.0485,0.248,0.00333,-0.2999,-0.555,1.1083,-0.9682,0.543,-22.232,-56.228,30.02,-0.5045,-0.0745,-2.4,-0.395,15.28,18.0,0.429,0.411,20.0,14.9,42.5,42.5,48.3,0.3,4,1.5,0.5,2.0
percentile=0.3|min_duration=4|volume_mult=1.5|body_mult=0.5|target_r=3.0,87,63.3,1.37,0.3218,0.0396,0.2541,0.00613,-0.2207,-0.555,1.3544,-0.9682,0.664,-13.666,-40.275,26.99,-0.4663,0.0601,-1.411,0.254,16.13,21.0,0.429,0.411,20.0,10.3,42.5,47.1,48.3,0.3,4,1.5,0.5,3.0
percentile=0.3|min_duration=4|volume_mult=1.5|body_mult=0.75|target_r=2.0,68,47.8,1.42,0.3529,0.0474,0.247,0.00478,-0.2043,-0.4791,1.1621,-0.9496,0.667,-14.826,-38.291,18.51,-0.4625,0.0524,-1.305,0.314,14.93,17.0,0.424,0.407,20.0,17.6,39.7,42.6,48.5,0.3,4,1.5,0.75,2.0
percentile=0.3|min_duration=4|volume_mult=1.5|body_mult=0.75|target_r=3.0,68,46.1,1.48,0.3529,0.1712,0.253,0.00837,-0.0902,-0.4791,1.4854,-0.9496,0.853,-5.276,-16.372,18.19,-0.4019,0.2102,-0.464,0.905,15.91,20.0,0.424,0.407,20.0,13.2,39.7,47.1,48.5,0.3,4,1.5,0.75,3.0
percentile=0.3|min_duration=4|volume_mult=2.0|body_mult=0.25|target_r=2.0,70,57.2,1.22,0.3429,0.0366,0.2489,0.00544,-0.2178,-0.4791,1.1668,-0.9402,0.648,-15.859,-40.011,26.48,-0.5826,0.1762,-1.023,0.174,15.13,18.0,0.416,0.404,20.0,17.1,38.6,44.3,42.9,0.3,4,2.0,0.25,2.0
percentile=0.3|min_duration=4|volume_mult=2.0|body_mult=0.25|target_r=3.0,70,56.7,1.23,0.3429,0.1226,0.2607,0.00893,-0.147,-0.4791,1.3733,-0.9402,0.762,-9.035,-25.983,26.95,-0.5667,0.2967,-0.605,0.502,16.34,23.0,0.416,0.404,20.0,10.0,38.6,51.4,42.9,0.3,4,2.0,0.25,3.0
percentile=0.3|min_duration=4|volume_mult=2.0|body_mult=0.5|target_r=2.0,64,52.3,1.22,0.3438,0.0311,0.2489,0.00486,-0.2227,-0.4791,1.1456,-0.9394,0.639,-16.38,-40.831,24.13,-0.5669,0.1392,-1.105,0.157,14.89,17.5,0.416,0.407,20.0,17.2,39.1,43.8,43.8,0.3,4,2.0,0.5,2.0
percentile=0.3|min_duration=4|volume_mult=2.0|body_mult=0.5|target_r=3.0,64,52.3,1.22,0.3438,0.1259,0.2586,0.00868,-0.1414,-0.4791,1.3821,-0.9394,0.771,-8.648,-24.961,24.61,-0.5422,0.2755,-0.606,0.542,16.06,21.5,0.416,0.407,20.0,10.9,39.1,50.0,43.8,0.3,4,2.0,0.5,3.0
percentile=0.3|min_duration=4|volume_mult=2.0|body_mult=0.75|target_r=2.0,52,40.2,1.29,0.4038,0.1357,0.2441,0.00666,-0.115,-0.4046,1.1132,-0.9471,0.796,-8.262,-21.164,16.23,-0.463,0.2237,-0.585,0.666,14.9,17.5,0.418,0.407,20.0,19.2,36.5,44.2,44.2,0.3,4,2.0,0.75,2.0
percentile=0.3|min_duration=4|volume_mult=2.0|body_mult=0.75|target_r=3.0,52,38.8,1.34,0.4038,0.2592,0.252,0.01136,-0.0042,-0.4046,1.3876,-0.9471,0.992,-0.247,-0.751,16.92,-0.4232,0.4099,-0.017,1.017,16.06,21.5,0.418,0.407,20.0,13.5,36.5,50.0,44.2,0.3,4,2.0,0.75,3.0
percentile=0.3|min_duration=6|volume_mult=1.0|body_mult=0.25|target_r=2.0,41,34.6,1.19,0.2195,-0.3148,0.233,-0.00087,-0.5469,-0.9683,0.9169,-0.9586,0.269,-48.306,-107.827,22.02,-0.7633,-0.3139,-4.389,-2.528,15.78,21.0,0.454,0.434,0.0,7.3,48.8,43.9,53.7,0.3,6,1.0,0.25,2.0
percentile=0.3|min_duration=6|volume_mult=1.0|body_mult=0.25|target_r=3.0,41,32.5,1.26,0.2195,-0.2416,0.233,-0.00087,-0.4737,-0.9683,1.2503,-0.9586,0.367,-33.714,-92.335,19.48,-0.7518,-0.1653,-2.814,-1.449,16.15,21.0,0.454,0.434,20.0,7.3,48.8,43.9,53.7,0.3,6,1.0,0.25,3.0
percentile=0.3|min_duration=6|volume_mult=1.0|body_mult=0.5|target_r=2.0,39,34.0,1.15,0.2308,-0.2796,0.2318,-0.00091,-0.5105,-0.889,0.9169,-0.9387,0.293,-43.68,-97.016,19.51,-0.7478,-0.2533,-3.743,-2.039,16.49,21.0,0.457,0.434,0.0,7.7,46.2,46.2,53.8,0.3,6,1.0,0.5,2.0
percentile=0.3|min_duration=6|volume_mult=1.0|body_mult=0.5|target_r=3.0,39,32.1,1.21,0.2308,-0.2027,0.2318,-0.00091,-0.4336,-0.889,1.2503,-0.9387,0.4,-29.797,-81.451,17.44,-0.7349,-0.0981,-2.393,-1.114,16.87,21.0,0.457,0.434,20.0,7.7,46.2,46.2,53.8,0.3,6,1.0,0.5,3.0
percentile=0.3|min_duration=6|volume_mult=1.0|body_mult=0.75|target_r=2.0,29,25.0,1.16,0.2759,-0.1501,0.2264,-0.00122,-0.3753,-0.555,0.9828,-0.8927,0.419,-29.621,-72.099,11.69,-0.7302,0.0097,-1.836,-0.743,17.17,23.0,0.455,0.434,20.0,10.3,37.9,51.7,51.7,0.3,6,1.0,0.75,2.0
percentile=0.3|min_duration=6|volume_mult=1.0|body_mult=0.75|target_r=3.0,29,23.8,1.22,0.2759,-0.0466,0.2264,-0.00122,-0.2718,-0.555,1.3579,-0.8927,0.579,-16.782,-51.455,11.69,-0.7201,0.2228,-1.008,-0.175,17.69,23.0,0.455,0.434,40.0,10.3,37.9,51.7,51.7,0.3,6,1.0,0.75,3.0
percentile=0.3|min_duration=6|volume_mult=1.5|body_mult=0.25|target_r=2.0,36,30.7,1.17,0.2222,-0.2829,0.2302,-0.00388,-0.5092,-0.9286,0.9828,-0.9355,0.3,-43.28,-96.183,18.08,-0.796,-0.184,-2.993,-1.709,16.08,21.0,0.461,0.44,0.0,8.3,47.2,44.4,58.3,0.3,6,1.5,0.25,2.0
percentile=0.3|min_duration=6|volume_mult=1.5|body_mult=0.25|target_r=3.0,36,28.9,1.25,0.2222,-0.1996,0.2302,-0.00388,-0.4258,-0.9286,1.3579,-0.9355,0.415,-28.824,-79.419,17.41,-0.788,-0.0111,-1.904,-0.917,16.5,21.0,0.461,0.44,40.0,8.3,47.2,44.4,58.3,0.3,6,1.5,0.25,3.0
percentile=0.3|min_duration=6|volume_mult=1.5|body_mult=0.5|target_r=2.0,36,30.7,1.17,0.2222,-0.2829,0.2302,-0.00388,-0.5092,-0.9286,0.9828,-0.9355,0.3,-43.28,-96.183,18.08,-0.796,-0.184,-2.993,-1.709,16.08,21.0,0.461,0.44,0.0,8.3,47.2,44.4,58.3,0.3,6,1.5,0.5,2.0
percentile=0.3|min_duration=6|volume_mult=1.5|body_mult=0.5|target_r=3.0,36,28.9,1.25,0.2222,-0.1996,0.2302,-0.00388,-0.4258,-0.9286,1.3579,-0.9355,0.415,-28.824,-79.419,17.41,-0.788,-0.0111,-1.904,-0.917,16.5,21.0,0.461,0.44,40.0,8.3,47.2,44.4,58.3,0.3,6,1.5,0.5,3.0
percentile=0.3|min_duration=6|volume_mult=1.5|body_mult=0.75|target_r=2.0,28,23.8,1.18,0.2857,-0.1433,0.2256,-0.00498,-0.364,-0.548,0.9828,-0.9027,0.436,-28.434,-69.004,11.69,-0.7361,0.0522,-1.67,-0.659,16.96,22.0,0.457,0.44,20.0,10.7,39.3,50.0,53.6,0.3,6,1.5,0.75,2.0
percentile=0.3|min_duration=6|volume_mult=1.5|body_mult=0.75|target_r=3.0,28,22.7,1.23,0.2857,-0.0362,0.2256,-0.00498,-0.2568,-0.548,1.3579,-0.9027,0.602,-15.685,-47.938,11.69,-0.7275,0.2734,-0.901,-0.127,17.5,22.0,0.457,0.44,40.0,10.7,39.3,50.0,53.6,0.3,6,1.5,0.75,3.0
percentile=0.3|min_duration=6|volume_mult=2.0|body_mult=0.25|target_r=2.0,27,22.5,1.2,0.2593,-0.1615,0.2367,-0.0024,-0.3958,-0.541,1.0255,-0.8932,0.402,-32.333,-69.023,12.95,-0.8511,0.0762,-1.537,-0.639,15.07,20.0,0.432,0.423,20.0,11.1,44.4,44.4,51.9,0.3,6,2.0,0.25,2.0
percentile=0.3|min_duration=6|volume_mult=2.0|body_mult=0.25|target_r=3.0,27,22.3,1.21,0.2593,-0.0504,0.2367,-0.0024,-0.2846,-0.541,1.4541,-0.8932,0.57,-18.066,-48.753,12.95,-0.8494,0.3133,-0.88,-0.158,15.63,20.0,0.432,0.423,40.0,11.1,44.4,44.4,51.9,0.3,6,2.0,0.25,3.0
percentile=0.3|min_duration=6|volume_mult=2.0|body_mult=0.5|target_r=2.0,26,21.5,1.21,0.2692,-0.1292,0.2347,-0.00249,-0.3614,-0.5083,1.0255,-0.8724,0.433,-29.67,-63.106,11.66,-0.8019,0.0881,-1.456,-0.531,14.81,20.0,0.435,0.429,40.0,11.5,42.3,46.2,50.0,0.3,6,2.0,0.5,2.0
percentile=0.3|min_duration=6|volume_mult=2.0|body_mult=0.5|target_r=3.0,26,21.3,1.22,0.2692,-0.0138,0.2347,-0.00249,-0.2461,-0.5083,1.4541,-0.8724,0.614,-15.625,-42.146,11.66,-0.7989,0.3263,-0.782,-0.045,15.38,20.0,0.435,0.429,40.0,11.5,42.3,46.2,50.0,0.3,6,2.0,0.5,3.0
percentile=0.3|min_duration=6|volume_mult=2.0|body_mult=0.75|target_r=2.0,22,19.5,1.13,0.3182,-0.0237,0.2323,-0.00295,-0.253,-0.4417,1.0255,-0.8497,0.563,-19.37,-43.987,9.13,-0.7582,0.2715,-0.923,-0.087,16.0,21.5,0.432,0.429,40.0,13.6,36.4,50.0,50.0,0.3,6,2.0,0.75,2.0
percentile=0.3|min_duration=6|volume_mult=2.0|body_mult=0.75|target_r=3.0,22,19.3,1.14,0.3182,0.1127,0.2323,-0.00295,-0.1167,-0.4417,1.4541,-0.8497,0.799,-6.808,-19.861,9.13,-0.7556,0.5477,-0.335,0.326,16.68,21.5,0.432,0.429,40.0,13.6,36.4,50.0,50.0,0.3,6,2.0,0.75,3.0
