k,n,unresolved,clusters,excess_p,se_p,t,excess_gross_R,se_gross_R,ci_low_R,ci_high_R,mde_gross_R,p_arm,p_mirror,pct_long,label,cost_floor_R,beats_cost,multiple_of_cost,exec_tf,symbol,half,mechanism,cap
0.5,117511,2601,1415,0.020989524384951195,0.0013511414829848714,15.534660617911182,0.031484286577426794,0.0020267122244773074,0.027511930617451268,0.035456642537402314,0.005674794228536459,0.6660227553165236,0.6450332309315724,0.5027444239262707,POOLED,0.2565186312365638,False,0.1227368414748467,,,,,
1.0,117426,2686,1414,0.009721015788666906,0.001590320834037334,6.112612990165164,0.01944203157733381,0.003180641668074668,0.013207973907907462,0.02567608924676016,0.00890579667060907,0.5099126258239232,0.5001916100352563,0.5027336365029891,POOLED,0.2565186312365638,False,0.07579188881373763,,,,,
2.0,117299,2813,1414,0.0012020562835147785,0.001596309462795721,0.7530220872145548,0.0036061688505443354,0.004788928388387163,-0.005780130790694504,0.012992468491783175,0.013408999487484054,0.34705325706101503,0.34585120077750026,0.5027579092745889,POOLED,0.2565186312365638,False,0.014058116687901292,,,,,
4.0,117144,2968,1413,-0.0028768012019394933,0.0014247090993059455,-2.0192200662864734,-0.014384006009697466,0.007123545496529727,-0.02834615518289573,-0.00042185683649920017,0.01994592739028324,0.2139076691934713,0.21678447039541077,0.5028255821894421,POOLED,0.2565186312365638,False,-0.05607392313126919,,,,,
0.5,82821,2291,1415,0.02554303860132092,0.0015562356523300025,16.413348815828616,0.03831455790198138,0.002334353478495004,0.03373922508413117,0.04288989071983159,0.00653618973978601,0.6659542869562067,0.6404112483548858,0.5020224339237633,tf=5m,0.31427612554332746,False,0.12191367650260525,5.0,,,,
1.0,82787,2325,1414,0.010762559339026659,0.0017342743511300463,6.20579975250964,0.021525118678053318,0.0034685487022600926,0.014726763221623536,0.0283234741344831,0.009711936366328259,0.5090050370227209,0.4982424776836943,0.5020836604780944,tf=5m,0.31427612554332746,False,0.06849110361418712,5.0,,,,
2.0,82724,2388,1414,-7.253034185967796e-05,0.0016587738166886257,-0.04372527533890589,-0.0002175910255790339,0.0049763214500658775,-0.009971181067708152,0.009535999016550084,0.013933700060184453,0.3452565156423771,0.34532904598423675,0.5020792031333108,tf=5m,0.31427612554332746,False,-0.0006923562049228454,5.0,,,,
4.0,82699,2413,1413,-0.00396014462085394,0.0014195372450098189,-2.7897433721977105,-0.0198007231042697,0.0070976862250490946,-0.03371218810536592,-0.005889258103173475,0.019873521430137465,0.21238467212420947,0.21634481674506342,0.5020858777010605,tf=5m,0.31427612554332746,False,-0.06300422302215218,5.0,,,,
0.5,27722,276,1410,0.011958011687468437,0.002770221381138394,4.316626739251581,0.017937017531202658,0.004155332071707591,0.009792566670655778,0.026081468391749532,0.011634929800781253,0.6683500468941634,0.6563920352066951,0.5035350984777434,tf=15m,0.16579188904901385,False,0.10818995811007287,15.0,,,,
1.0,27689,309,1410,0.00671746903102315,0.0031464861804213233,2.1349113410450964,0.0134349380620463,0.0062929723608426465,0.0011007122347947134,0.02576916388929789,0.01762032261035941,0.5115388782549026,0.5048214092238795,0.5034851385026545,tf=15m,0.16579188904901385,False,0.0810349537550324,15.0,,,,
2.0,27654,344,1410,0.003507629999276777,0.003070185101128314,1.1424816041181682,0.010522889997830331,0.009210555303384943,-0.007529798396804156,0.028575578392464822,0.025789554849477835,0.3506545165256382,0.34714688652636144,0.5034353077312504,tf=15m,0.16579188904901385,False,0.06347047529399583,15.0,,,,
4.0,27588,410,1408,-0.0019392489488183268,0.0025760680379448052,-0.7527941499423538,-0.009696244744091633,0.012880340189724025,-0.03494171151595073,0.015549222027767456,0.036064952531227275,0.21371610845295055,0.2156553574017689,0.5032622879512831,tf=15m,0.16579188904901385,False,-0.058484433706072834,15.0,,,,
0.5,6968,34,1243,0.002798507462686567,0.005680405135510262,0.4926598360374134,0.004197761194029851,0.008520607703265393,-0.012502629904370321,0.02089815229243002,0.023857701569143096,0.6575774971297359,0.6547789896670494,0.5081802525832376,tf=60m,0.07342716323042812,False,0.05716905038066762,60.0,,,,
1.0,6950,52,1242,0.009280575539568346,0.006425677268680353,1.4442953095081768,0.01856115107913669,0.012851354537360705,-0.006627503814090292,0.04374980597236368,0.035983792704609975,0.5142446043165467,0.5049640287769784,0.5074820143884892,tf=60m,0.07342716323042812,False,0.25278316991340577,60.0,,,,
2.0,6921,81,1237,0.007224389539083947,0.006270077718603055,1.1522009556037063,0.02167316861725184,0.018810233155809167,-0.015194888368134124,0.0585412256026378,0.05266865283626566,0.3541395752058951,0.3469151856668112,0.5081635601791649,tf=60m,0.07342716323042812,False,0.29516554451705285,60.0,,,,
4.0,6857,145,1226,0.006416800350007292,0.005412614908240633,1.1855268587901568,0.03208400175003646,0.027063074541203165,-0.020959624350721746,0.08512762785079467,0.07577660871536887,0.23304652180253754,0.22662972145253027,0.5099897914539886,tf=60m,0.07342716323042812,False,0.4369500378129941,60.0,,,,
0.5,29456,786,354,0.022847637153720804,0.0026660167923272795,8.569952454716585,0.034271455730581206,0.003999025188490919,0.026433366361139007,0.042109545100023404,0.011197270527774573,0.6627512221618685,0.6399035850081477,0.501459804454101,symbol=BTCUSD,0.42236038574621404,False,0.08114268498460478,,BTCUSD,,,
1.0,29434,808,354,0.008510566012094857,0.0030836137184234165,2.759932595074237,0.017021132024189714,0.006167227436846833,0.004933366247969922,0.029108897800409504,0.01726823682317113,0.506489094244751,0.4979785282326561,0.5015967928246245,symbol=BTCUSD,0.42236038574621404,False,0.04030002007436676,,BTCUSD,,,
2.0,29412,830,354,-0.002226982184142527,0.0031901664368895718,-0.6980771154729613,-0.006680946552427581,0.009570499310668716,-0.02543912520133826,0.012077232096483101,0.0267973980698724,0.344281245750034,0.3465082279341765,0.5014959880320957,symbol=BTCUSD,0.42236038574621404,False,-0.015818118312928137,,BTCUSD,,,
4.0,29368,874,353,-0.0068782348134023424,0.0028622454219579814,-2.403090510909835,-0.03439117406701171,0.014311227109789907,-0.06244117920219992,-0.006341168931823494,0.04007143590741174,0.2107736311631708,0.21765186597657313,0.5014641786979025,symbol=BTCUSD,0.42236038574621404,False,-0.08142613565959882,,BTCUSD,,,
0.5,30015,306,354,0.018074296185240712,0.0026554321696643634,6.806536574995714,0.027111444277861066,0.003983148254496545,0.019304473699047843,0.034918414856674296,0.011152815112590324,0.6707313010161586,0.6526570048309178,0.5057138097617858,symbol=ETHUSD,0.24670428793803012,False,0.10989449962325427,,ETHUSD,,,
1.0,29994,327,353,0.009701940388077616,0.0032352290367513746,2.998841898940092,0.019403880776155232,0.006470458073502749,0.0067217829520898435,0.032085978600220624,0.018117282605807698,0.5160365406414616,0.5063346002533841,0.5057344802293792,symbol=ETHUSD,0.24670428793803012,False,0.07865238556789621,,ETHUSD,,,
2.0,29955,366,353,0.004707060590886329,0.00315834925773287,1.4903546779576737,0.014121181772658989,0.00947504777319861,-0.0044499118628102885,0.03269227540812827,0.026530133764956106,0.3525287931897847,0.34782173259889837,0.5057252545484894,symbol=ETHUSD,0.24670428793803012,False,0.05723930415107378,,ETHUSD,,,
4.0,29926,395,353,0.001587248546414489,0.0028169355790988513,0.5634663988028636,0.007936242732072446,0.014084677895494257,-0.0196697259430963,0.03554221140724119,0.03943709810738392,0.21894005212858383,0.21735280358216935,0.505747510525964,symbol=ETHUSD,0.24670428793803012,False,0.03216905064117069,,ETHUSD,,,
0.5,28529,699,353,0.024781800974447054,0.0027645138716251654,8.964252713218857,0.03717270146167058,0.004146770807437748,0.029045030679092594,0.04530037224424857,0.011610958260825692,0.6692137824669634,0.6444319814925163,0.501664972484139,symbol=SOLUSD,0.2033817135332048,False,0.18277307637887333,,SOLUSD,,,
1.0,28501,727,353,0.01328023578120066,0.0031886413565634453,4.164857158947916,0.02656047156240132,0.006377282713126891,0.014060997444672613,0.03905994568013002,0.017856391596755294,0.5128942844110733,0.49961404862987263,0.5014911757482193,symbol=SOLUSD,0.2033817135332048,False,0.13059419699532113,,SOLUSD,,,
2.0,28470,758,353,0.004513523006673691,0.0032499944158345772,1.3887786959518968,0.013540569020021074,0.009749983247503731,-0.0055693981450862405,0.032650536185128386,0.027299953093010445,0.35226554267650156,0.3477520196698279,0.5016859852476291,symbol=SOLUSD,0.2033817135332048,False,0.06657712133893687,,SOLUSD,,,
4.0,28422,806,353,-0.00012314404334670326,0.0029443516100297476,-0.041823823937066774,-0.0006157202167335163,0.014721758050148737,-0.02947036599502504,0.028238925561558006,0.04122092254041647,0.21954823728097952,0.21967138132432623,0.5017943846316234,symbol=SOLUSD,0.2033817135332048,False,-0.0030274118849578464,,SOLUSD,,,
0.5,29511,810,354,0.01843380434414286,0.002702743060178099,6.820405763220479,0.02765070651621429,0.004054114590267149,0.01970464191929068,0.0355967711131379,0.011351520852748015,0.661414387855376,0.6429805835112331,0.5020500830198908,symbol=XRPUSD,0.22405742269150264,False,0.12340901802787246,,XRPUSD,,,
1.0,29497,824,354,0.007509238227616368,0.003200625358519471,2.346178445292939,0.015018476455232736,0.006401250717038942,0.0024720250498364103,0.027564927860629064,0.017923502007709036,0.5042207682137166,0.4967115299861003,0.5020171542868767,symbol=XRPUSD,0.22405742269150264,False,0.06702958676763496,,XRPUSD,,,
2.0,29462,859,354,-0.0021383477021247707,0.0031555627994600648,-0.6776438429590609,-0.006415043106374313,0.009466688398380194,-0.02496975236719949,0.012139666154450869,0.02650672751546454,0.33921661801642794,0.3413549657185527,0.5020365216210713,symbol=XRPUSD,0.22405742269150264,False,-0.028631245639234977,,XRPUSD,,,
4.0,29428,893,354,-0.006082642381405465,0.0027526278143887744,-2.209758380559024,-0.030413211907027324,0.013763139071943872,-0.057388964488037306,-0.003437459326017336,0.03853678940144284,0.20647002854424357,0.21255267092564903,0.5022087807530243,symbol=XRPUSD,0.22405742269150264,False,-0.13573847070847675,,XRPUSD,,,
0.5,58373,1194,708,0.02373528857519744,0.001956125833011406,12.13382502017141,0.03560293286279616,0.002934188749517109,0.029851922913742623,0.04135394281184969,0.008215728498647903,0.6706353965018074,0.6469001079266099,0.5035375944357837,TRAIN-H1,0.23796274348685775,False,0.14961557570360776,,,H1,,
1.0,58373,1194,708,0.013739228753019375,0.0022959200062157444,5.984193140798965,0.02747845750603875,0.004591840012431489,0.018478451081673033,0.036478463930404464,0.012857152034808169,0.5142959930104671,0.5005567642574478,0.5035375944357837,TRAIN-H1,0.23796274348685775,False,0.11547378006909025,,,H1,,
2.0,58373,1194,708,0.008163020574580713,0.002285045213418812,3.572367201595745,0.02448906172374214,0.0068551356402564365,0.011052995868839524,0.037925127578644746,0.019194379792718017,0.3550271529645555,0.3468641323899748,0.5035375944357837,TRAIN-H1,0.23796274348685775,False,0.10291132706282076,,,H1,,
4.0,58371,1196,708,0.0015247297459354816,0.002040694431884943,0.7471622022936198,0.007623648729677408,0.010203472159424716,-0.012375156702795036,0.027622454162149854,0.028569722046389204,0.21860170290041286,0.21707697315447738,0.5035548474413665,TRAIN-H1,0.23796274348685775,False,0.03203715261460014,,,H1,,
0.5,59138,1407,711,0.018279278974601777,0.0018622408949465288,9.815743507837979,0.027418918461902666,0.0027933613424197933,0.02194393023075987,0.03289390669304546,0.00782141175877542,0.6614697825425276,0.6431905035679258,0.5019615137475059,TRAIN-H2,0.2767643122676582,False,0.09906955935628683,,,H2,,
1.0,59053,1492,710,0.005749072866746821,0.002198105401350705,2.6154673307358673,0.011498145733493642,0.00439621080270141,0.0028815725601988793,0.020114718906788405,0.012309390247563947,0.5055797334597735,0.4998306605930266,0.5019389362098454,TRAIN-H2,0.2767643122676582,False,0.04154490020510235,,,H2,,
2.0,58926,1619,710,-0.005693581780538302,0.002207954429113313,-2.5786681579405486,-0.017080745341614904,0.006623863287339939,-0.030063517384801185,-0.004097973298428627,0.018546817204551824,0.3391541933951057,0.344847775175644,0.5019855411872518,TRAIN-H2,0.2767643122676582,False,-0.06171585202465032,,,H2,,
4.0,58773,1772,709,-0.007248226226328416,0.001982291531506555,-3.65648851903217,-0.03624113113164208,0.009911457657532775,-0.055667588140406316,-0.01681467412287784,0.027752081441091772,0.20924574209245742,0.21649396831878584,0.502101305021013,TRAIN-H2,0.2767643122676582,False,-0.13094582475139843,,,H2,,
0.5,79942,2535,1415,0.029396312326436667,0.0014744865287068245,19.936643539373836,0.044094468489655,0.002211729793060237,0.03975947809525694,0.04842945888405306,0.006192843420568662,0.6682594881288935,0.6388631758024568,0.4990868379575192,mech=M1,0.24285529411764567,False,0.181566840656537,,,,M1,
1.0,79886,2591,1413,0.012711864406779662,0.0016597482434690097,7.6589111974059545,0.025423728813559324,0.0033194964869380193,0.018917515699160805,0.03192994192795784,0.009294590163426453,0.5107152692586936,0.49800340485191397,0.49907367999399144,mech=M1,0.24285529411764567,False,0.10468673909675356,,,,M1,
2.0,79796,2681,1413,0.002236954233294902,0.0016593171068876565,1.3481173815478262,0.0067108626998847055,0.00497795132066297,-0.0030459218886147144,0.016467647288384124,0.013938263697856312,0.3480500275703043,0.3458130733370094,0.49911023108927766,mech=M1,0.24285529411764567,False,0.02763317441469397,,,,M1,
4.0,79694,2783,1413,-0.0031620950134263557,0.0015533763194814584,-2.0356271521390985,-0.015810475067131777,0.007766881597407292,-0.03103356299805007,-0.0005873871362134866,0.021747268472740416,0.2152734208346927,0.21843551584811904,0.4991090922779632,mech=M1,0.24285529411764567,False,-0.06510245174837637,,,,M1,
0.5,59915,2023,1415,0.03081031461236752,0.0017146662142988125,17.968695222100088,0.04621547191855128,0.002571999321448219,0.04117435324851278,0.051256590588589786,0.007201598100055011,0.6687640824501377,0.6379537678377701,0.49770508219978304,mech=M2,0.23421201918828907,False,0.19732322909268576,,,,M2,
1.0,59869,2069,1413,0.013045148574387412,0.0019144169686617367,6.814162634332768,0.026090297148774824,0.0038288339373234734,0.018585782631620817,0.03359481166592883,0.010720735024505724,0.5107985768928828,0.4977534283184954,0.4976866157777815,mech=M2,0.23421201918828907,False,0.11139606429762326,,,,M2,
2.0,59799,2139,1413,0.001454873827321527,0.0019038570333120613,0.7641717848900362,0.004364621481964581,0.005711571099936184,-0.006830057873910339,0.015559300837839503,0.015992399079821314,0.34746400441478953,0.346009130587468,0.4976671850699845,mech=M2,0.23421201918828907,False,0.018635343724421546,,,,M2,
4.0,59731,2207,1413,-0.00349064974636286,0.0017324300349134659,-2.01488641735377,-0.0174532487318143,0.00866215017456733,-0.03443106307396627,-0.0004754343896623352,0.02425402048878852,0.2160519663156485,0.21954261606201136,0.497714754482597,mech=M2,0.23421201918828907,False,-0.07451901397845508,,,,M2,
0.5,5780,155,1206,0.05112456747404844,0.005871398542352407,8.707391791797038,0.07668685121107266,0.00880709781352861,0.05942493949655659,0.09394876292558874,0.024659873877880104,0.6773356401384083,0.6262110726643598,0.4764705882352941,mech=M3,0.13825572448591705,False,0.5546739673617211,,,,M3,
1.0,5775,160,1206,0.032034632034632034,0.006725804972718803,4.762943939732247,0.06406926406926407,0.013451609945437606,0.03770410857620636,0.09043441956232177,0.0376645078472253,0.5265800865800866,0.49454545454545457,0.4767099567099567,mech=M3,0.13825572448591705,False,0.46341129314895213,,,,M3,
2.0,5752,183,1205,0.017037552155771907,0.006521889882403623,2.612364278296089,0.05111265646731572,0.01956566964721087,0.012763943958782418,0.08946136897584903,0.054783875012190425,0.36178720445062584,0.34474965229485394,0.4775730180806676,mech=M3,0.13825572448591705,False,0.36969649291101964,,,,M3,
4.0,5732,203,1203,0.008810188415910677,0.005684929933944442,1.5497444151959496,0.04405094207955339,0.028424649669722208,-0.011661371273102138,0.09976325543220892,0.07958901907522219,0.22418004187020238,0.2153698534542917,0.4788904396371249,mech=M3,0.13825572448591705,False,0.3186192994420313,,,,M3,
0.5,43569,95,1415,0.005244554614519498,0.0021531616464765895,2.435745882387247,0.007866831921779248,0.003229742469714884,0.0015365366811380741,0.014197127162420421,0.009043278915201675,0.6627189056439211,0.6574743510294017,0.5118088549197825,mech=M4,0.2901111770975654,False,0.027116610950613615,,,,M4,
1.0,43535,129,1413,0.00530607557137935,0.002420058266509129,2.192540421364823,0.0106121511427587,0.004840116533018258,0.0011255227380429136,0.020098779547474487,0.013552326292451122,0.5092454347077064,0.5039393591363271,0.5117951073848628,mech=M4,0.2901111770975654,False,0.03657960113405005,,,,M4,
2.0,43492,172,1413,0.0008392348018026304,0.0022495987632819353,0.3730597720360907,0.0025177044054078912,0.006748796289845806,-0.010709936322689887,0.01574534513350567,0.018896629611568252,0.34604065115423527,0.3452014163524326,0.5117952726938287,mech=M4,0.2901111770975654,False,0.008678412292130263,,,,M4,
4.0,43430,234,1412,-0.0018075063320285517,0.0018378483968382714,-0.983490441941828,-0.009037531660142758,0.009189241984191358,-0.02704844594915782,0.008973382628872302,0.0257298775557358,0.21105226801749943,0.21285977434952796,0.5119502647939213,mech=M4,0.2901111770975654,False,-0.031151959571359102,,,,M4,
0.5,37685,1231,1405,0.027743133872893726,0.002627345589941611,10.559377486960244,0.041614700809340585,0.003941018384912416,0.033890304774912255,0.04933909684376892,0.011034851477754765,0.6671885365530051,0.6394454026801114,0.47077086373888816,mech=M5,0.2525027360736256,False,0.1648089104159506,,,,M5,
1.0,37665,1251,1405,0.012279304393999735,0.003186817400836027,3.8531559388305063,0.02455860878799947,0.006373634801672054,0.012066284576722245,0.0370509329992767,0.01784617744468175,0.5124651533253683,0.5001858489313686,0.4708615425461304,mech=M5,0.2525027360736256,False,0.09726076307085475,,,,M5,
2.0,37621,1295,1405,0.0027245421440153105,0.003461148873400415,0.7871785478382433,0.008173626432045932,0.010383446620201246,-0.012177928943548511,0.02852518180764037,0.029073650536563484,0.35033624837191996,0.3476117062279046,0.4711995959703357,mech=M5,0.2525027360736256,False,0.0323704469866126,,,,M5,
4.0,37569,1347,1405,-0.004445154249514227,0.0032437234311533617,-1.370386330357911,-0.022225771247571136,0.016218617155766807,-0.05401426087287407,0.009562718377731809,0.04541212803614707,0.21405946391972105,0.21850461816923528,0.4715057627299103,mech=M5,0.2525027360736256,False,-0.08802190262639557,,,,M5,
0.5,116368,2595,1415,0.020899216279389524,0.0013558566083609444,15.414031358857319,0.031348824419084285,0.002033784912541417,0.02736260599050311,0.03533504284766546,0.0056945977551159654,0.6657070672349786,0.6448078509555891,0.5029303588615427,POOLED-capped-5pct,0.2588414195297393,False,0.12111208660514433,,,,,0.05
1.0,116295,2668,1414,0.00959628530891268,0.0015984146981574206,6.003626793456566,0.01919257061782536,0.003196829396314841,0.01292678500104827,0.02545835623460245,0.008951122309681555,0.5097209682273528,0.5001246829184401,0.502867707124124,POOLED-capped-5pct,0.2588414195297393,False,0.07414798857421753,,,,,0.05
2.0,116195,2768,1414,0.0010972933430870519,0.0016054459704275726,0.6834819503734615,0.0032918800292611556,0.004816337911282718,-0.00614814227685297,0.012731902335375283,0.013485746151591607,0.3469942768621713,0.3458969835190843,0.5027841129136366,POOLED-capped-5pct,0.2588414195297393,False,0.012717748323439937,,,,,0.05
4.0,116061,2902,1413,-0.002959650528601339,0.0014328694566744212,-2.065540942906591,-0.014798252643006694,0.007164347283372106,-0.028840373318416018,-0.0007561319675973674,0.020060172393441898,0.2137668984413369,0.21672654896993823,0.5027700950362309,POOLED-capped-5pct,0.2588414195297393,False,-0.05717111531026225,,,,,0.05
