candidate_id,mechanism,exec_tf,pair,variant,trades,gross_expectancy,fee_drag,slippage_drag,funding_drag,net_expectancy,gross_total_R,net_total_R,win_rate,wins,losses,longs,shorts,median_net_R,avg_stop_pct,median_stop_pct,median_stop_bps,cost_per_R,pct_target,pct_stop,unresolved_at_boundary,effective_n,profit_factor,max_dd_R,t_gross,t_net,net_ci_low,net_ci_high,ca_net,cb_net,cb_seed_sd,ca_trades,cb_trades,cb_median_stop_pct,excess_vs_ca,excess_vs_cb,setups_detected,rejected_warmup,rejected_stop_invalid,rejected_no_entry_bar,rejected_outside_split,eligible_setups,skipped_stop,skipped_size,rejected_position_open,trades_entered,reconciled
M1|5m|5/20,M1,5,5/20,{},6312,-0.00522813688212928,-0.2201563492616794,-0.0746292709361625,0.0005252866300611924,-0.29948847044991,-33.000000000000014,-1890.371225479832,0.3314321926489227,2092.0,4220.0,3292.0,3020.0,-1.1674442101501254,0.7735205976046373,0.6424117009917673,64.24117009917673,0.29426033356778075,33.159062103929024,66.84093789607097,0.0,3403.2,0.653,1894.8,-0.219,-12.186,-0.3343,-0.2641,-2.9722360939394883,-0.4677785826862791,0.05855264906029654,41927,16410,0.6703501877965798,2.6727476234895784,0.16829011223636908,44167,14,0,0,17920,26233,11,0,19910,6312,True
M2|5m|5/20|s0.00,M2,5,5/20,"{""atr_period"": 14, ""slope_lookback"": 5, ""slope_threshold"": 0.0}",5497,-0.007822448608331818,-0.23332357597124292,-0.07909273761737047,5.703859086104562e-05,-0.3201817236060841,-43.0,-1760.0389346626444,0.3303620156448972,1816.0,3681.0,2778.0,2719.0,-1.1744681270028516,0.74260670498364,0.6123421366699866,61.23421366699866,0.3123592749977523,33.072585046388944,66.92741495361106,0.0,3861.0,0.635,1761.22,-0.349,-13.716,-0.3564,-0.2789,-3.0158244685183275,-0.5205858492137618,0.13632536566589348,33100,15407,0.6449190943323176,2.6956427449122433,0.20040412560767773,23065,6,0,0,9421,13638,8,0,8133,5497,True
M2|5m|5/20|s0.25,M2,5,5/20,"{""atr_period"": 14, ""slope_lookback"": 5, ""slope_threshold"": 0.25}",101,0.27722772277227725,-0.16424319135702226,-0.05567565808712618,-0.0019246443256226286,0.05538422900250619,28.0,5.5938071292531255,0.42574257425742573,43.0,58.0,50.0,51.0,-1.071194061459177,1.2088014642549791,0.946785578426804,94.6785578426804,0.22184349376977103,42.57425742574257,57.42574257425742,0.0,101.0,1.078,13.82,1.628,0.329,-0.2742,0.4164,-2.6936095841812064,-0.30063360908121295,0.1101929259468113,485,494,0.9448166237363536,2.748993813183713,0.3560178380837191,199,0,0,0,94,105,3,0,1,101,True
M2|5m|5/20|s0.50,M2,5,5/20,"{""atr_period"": 14, ""slope_lookback"": 5, ""slope_threshold"": 0.5}",3,1.0,-0.038516411344181455,-0.013056410625146257,0.012868348679487418,0.9612955267101597,3.0,2.883886580130479,0.6666666666666666,2.0,1.0,1.0,2.0,1.9599366818477553,3.050659861343857,3.3138569672926375,331.3856967292637,0.03870447328984029,66.66666666666666,33.33333333333333,0.0,3.0,3.712,0.0,,,,,-0.3990907099538383,-0.30371393192404494,0.6909234504569923,18,14,3.324531112465303,1.360386236663998,1.2650094586342047,6,0,0,0,2,4,1,0,0,3,True
M3|5m|5/20|v1.2,M3,5,5/20,"{""atr_period"": 14, ""atr_ratio_threshold"": 1.2, ""baseline_window"": 20}",1182,0.03553299492385786,-0.18020015748311147,-0.061084799146817456,0.0006326543788328001,-0.20511930732723826,41.999999999999986,-242.45102126079564,0.34517766497461927,408.0,774.0,620.0,562.0,-1.1192475843935106,1.0067644195941843,0.8114181106559682,81.14181106559683,0.24065230225109616,34.51776649746193,65.48223350253807,0.0,786.9,0.747,248.48,0.766,-4.05,-0.2903,-0.1219,-2.5137509197541283,-0.4960683800994362,0.2214364782281541,6552,4641,0.830526527909719,2.30863161242689,0.29094907277219795,2802,0,0,0,1146,1656,5,0,469,1182,True
M3|5m|5/20|v1.5,M3,5,5/20,"{""atr_period"": 14, ""atr_ratio_threshold"": 1.5, ""baseline_window"": 20}",234,-0.05128205128205128,-0.13175976409683798,-0.044664326812487457,0.0022670701465387797,-0.22543907204483796,-12.0,-52.752742858492084,0.3162393162393162,74.0,160.0,123.0,111.0,-1.086073424555033,1.3773985473298003,1.0781745512808585,107.81745512808584,0.17415702076278664,31.62393162393162,68.37606837606837,0.0,176.0,0.719,58.75,-0.496,-2.266,-0.3903,-0.0551,-1.398371869959496,-0.2566773287771522,0.10324847033017823,1216,1068,1.0698686633490113,1.172932797914658,0.031238256732314257,488,0,0,0,204,284,5,0,45,234,True
M4|5m|5/20|d0.25,M4,5,5/20,"{""arm_expiry_bars"": 10, ""atr_period"": 14, ""pullback_atr"": 0.25}",6213,0.0294543698696282,-0.33942731019551853,-0.11506010515102322,0.00044897535214094217,-0.4245840701247726,183.0,-2637.9408276852123,0.3399323998068566,2112.0,4101.0,3199.0,3014.0,-1.208248584571833,0.6008730854825902,0.4454997553665005,44.54997553665005,0.45403843999440074,34.31514566232094,65.68485433767906,0.0,4858.7,0.555,2638.49,1.465,-18.91,-0.4639,-0.3865,-0.579562233902808,-0.7678539020124583,0.09469948068489349,35549,17955,0.4753784487100405,0.15497816377803542,0.3432698318876857,20890,8,0,0,8659,12223,19,0,5991,6213,True
M4|5m|5/20|d0.5,M4,5,5/20,"{""arm_expiry_bars"": 10, ""atr_period"": 14, ""pullback_atr"": 0.5}",6157,0.01396784148124086,-0.28841641890334296,-0.09776827759435357,0.00033381597808342626,-0.3718830390383722,85.99999999999997,-2289.683871359258,0.3347409452655514,2061.0,4096.0,3127.0,3030.0,-1.1772088263473055,0.7178289172409966,0.5486395410365617,54.86395410365616,0.3858508805196131,33.798928049374695,66.2010719506253,0.0,4254.5,0.596,2291.65,0.632,-15.373,-0.413,-0.3331,-0.8533120056714804,-0.6883587315925067,0.0726478956673655,41111,16468,0.5772521143686365,0.48142896663310814,0.3164756925541345,30365,11,0,0,12394,17960,22,0,11781,6157,True
M5|5m|5/20,M5,5,5/20,"{""regime_fast"": 20, ""regime_slow"": 50, ""regime_tf"": 60, ""regime_tf_name"": ""1h""}",6105,0.027518427518427518,-0.2487130110682833,-0.08430949527738418,-0.0005915900173532712,-0.30609566884459327,168.0,-1868.714058296242,0.34250614250614253,2091.0,4014.0,2797.0,3308.0,-1.1855086716282794,0.6937257921669351,0.5750393312078053,57.50393312078053,0.33361409636302075,34.250614250614255,65.74938574938575,0.0,3490.9,0.651,1869.75,1.095,-11.168,-0.3458,-0.2654,-2.890088440206852,-0.5853066450591093,0.0727737579826216,35994,16897,0.599279812281372,2.583992771362259,0.27921097621451607,21651,0,0,0,8824,12827,12,0,6710,6105,True
M1|5m|9/21,M1,5,9/21,{},5923,-0.008272834712139113,-0.2312117494744495,-0.07837686422862694,0.0005029306358526286,-0.31735851777936286,-48.99999999999997,-1879.7145008071664,0.33040688840114807,1957.0,3966.0,3032.0,2891.0,-1.1751976438587923,0.753859984018051,0.6123546431900798,61.23546431900798,0.3090856830672238,33.05757217626203,66.94242782373797,0.0,3693.3,0.638,1889.95,-0.357,-12.481,-0.3564,-0.2777,-3.0968557697716768,-0.5725269443889216,0.10226582805624893,41667,15666,0.6463775369603578,2.779497251992314,0.25516842660955874,32015,11,0,1,13222,18781,14,0,12844,5923,True
M2|5m|9/21|s0.00,M2,5,9/21,"{""atr_period"": 14, ""slope_lookback"": 5, ""slope_threshold"": 0.0}",5754,-0.0005213764337851879,-0.2315740334768644,-0.07849967236503878,0.0004423498657992158,-0.31015273240988916,-2.9999999999999716,-1784.6188222865023,0.33315954118873825,1917.0,3837.0,2941.0,2813.0,-1.173277190708799,0.7527776750666391,0.6120641422974314,61.206414229743146,0.309631355976104,33.315954118873826,66.68404588112618,0.0,3634.1,0.645,1785.46,-0.023,-12.632,-0.3472,-0.2699,-3.1157265289792204,-0.5444786295860542,0.07660068901358118,39376,15566,0.6434208787182427,2.8055737965693313,0.23432589717616503,25889,6,0,1,10681,15201,13,0,9434,5754,True
M2|5m|9/21|s0.25,M2,5,9/21,"{""atr_period"": 14, ""slope_lookback"": 5, ""slope_threshold"": 0.25}",2616,0.02981651376146789,-0.24854864786598235,-0.08425377893762113,0.0005493201280196947,-0.30243659291411595,78.0,-791.1741270633273,0.34288990825688076,897.0,1719.0,1295.0,1321.0,-1.1681997949567768,0.7482897102719296,0.5953524386106704,59.535243861067045,0.3322531066755839,34.32721712538226,65.67278287461774,0.0,2097.3,0.654,789.1,1.006,-9.301,-0.362,-0.244,-3.588098722702962,-0.6489884849109329,0.1324393237284604,14384,9551,0.6139271976276548,3.2856621297888458,0.3465518919968169,5736,0,0,0,2300,3436,9,0,811,2616,True
M2|5m|9/21|s0.50,M2,5,9/21,"{""atr_period"": 14, ""slope_lookback"": 5, ""slope_threshold"": 0.5}",70,0.15714285714285714,-0.1803451404815923,-0.061133945925963495,-0.0027433642089610523,-0.08707959347365969,11.0,-6.095571543156178,0.38571428571428573,27.0,43.0,30.0,40.0,-1.1018836558478928,1.1979062584010496,1.0200489416654166,102.00489416654166,0.2442224506165169,38.57142857142858,61.42857142857143,0.0,56.4,0.89,17.67,0.802,-0.446,-0.422,0.2569,-2.5812193331016253,-0.2386065540650441,0.09541820719070344,337,342,1.074069484033554,2.4941397396279656,0.15152696059138443,123,0,0,0,48,75,3,0,2,70,True
M3|5m|9/21|v1.2,M3,5,9/21,"{""atr_period"": 14, ""atr_ratio_threshold"": 1.2, ""baseline_window"": 20}",1013,0.060217176702862786,-0.16793465437273647,-0.056927001482283544,0.0003276502884971983,-0.16431682886366003,61.0,-166.45294763888762,0.35340572556762095,358.0,655.0,521.0,492.0,-1.1111068042577028,1.0711392953575272,0.870017691747324,87.0017691747324,0.22453400556652284,35.3405725567621,64.6594274432379,0.0,729.7,0.793,172.04,1.015,-2.835,-0.2587,-0.0727,-2.647857516326688,-0.5094236559216434,0.1601988870697652,5460,4049,0.90471363405982,2.4835406874630284,0.34510682705798335,2215,0,0,0,925,1290,8,0,269,1013,True
M3|5m|9/21|v1.5,M3,5,9/21,"{""atr_period"": 14, ""atr_ratio_threshold"": 1.5, ""baseline_window"": 20}",217,-0.07373271889400922,-0.11661696965856086,-0.03953117615544435,0.0017090994959837505,-0.22817176521203067,-16.0,-49.51327305101066,0.3087557603686636,67.0,150.0,110.0,107.0,-1.0860493055897562,1.5075169546197635,1.2662526683485356,126.62526683485355,0.15443904631802147,30.87557603686636,69.12442396313364,0.0,156.9,0.713,51.77,-0.649,-2.167,-0.4015,-0.0468,-1.3406037853560058,-0.2859393430998459,0.15841529634495718,1118,970,1.2692839146966375,1.112432020143975,0.05776757788781525,425,0,0,0,172,253,6,0,30,217,True
M4|5m|9/21|d0.25,M4,5,9/21,"{""arm_expiry_bars"": 10, ""atr_period"": 14, ""pullback_atr"": 0.25}",4686,0.04225352112676055,-0.42323843178833354,-0.14347065484350288,-0.00015667718284903488,-0.5246122426879248,197.99999999999994,-2458.332969235616,0.3405889884763124,1596.0,3090.0,2388.0,2298.0,-1.2619874794363355,0.47461446350584235,0.361442490237295,36.14424902372951,0.5668657638146855,34.74178403755869,65.25821596244131,0.0,4032.6,0.486,2456.61,1.825,-20.285,-0.5722,-0.4776,-0.5565583235665822,-1.1384003842800319,0.11245631656893314,23898,16377,0.3746793896771622,0.03194608087865736,0.613788141592107,10953,5,0,0,4559,6389,9,0,1694,4686,True
M4|5m|9/21|d0.5,M4,5,9/21,"{""arm_expiry_bars"": 10, ""atr_period"": 14, ""pullback_atr"": 0.5}",6077,0.02583511601118972,-0.3875375272061196,-0.13136865329021005,0.00011413382839790984,-0.492956930656742,156.99999999999994,-2995.6992676010213,0.33388184959684053,2029.0,4048.0,3109.0,2968.0,-1.2287452531229475,0.5470159428395556,0.4145476494658994,41.45476494658994,0.5187920466679318,34.19450386703966,65.80549613296034,0.0,4486.4,0.509,2994.78,1.204,-19.696,-0.5331,-0.4504,-0.6119567674604374,-0.9614772753321285,0.20231702169765226,33603,18536,0.43423362384897013,0.11899983680369536,0.46852034467538645,18204,7,0,0,7587,10610,13,0,4520,6077,True
M5|5m|9/21,M5,5,9/21,"{""regime_fast"": 20, ""regime_slow"": 50, ""regime_tf"": 60, ""regime_tf_name"": ""1h""}",5627,0.03376577216989516,-0.26067923823632594,-0.088365843469941,-0.0005005128423420934,-0.3157798223787138,190.00000000000006,-1776.8930605250227,0.3445885907232984,1939.0,3688.0,2619.0,3008.0,-1.192907594391307,0.6606481569549332,0.5472213030334233,54.72213030334233,0.349545594548609,34.45885907232984,65.54114092767016,0.0,3353.4,0.644,1777.64,1.358,-11.224,-0.3586,-0.2731,-2.985102043490387,-0.5681347889572548,0.1074803120409286,32324,16806,0.5689300953484613,2.669322221111673,0.25235496657854095,15581,0,0,1,6470,9110,8,0,3475,5627,True
M1|5m|12/26,M1,5,12/26,{},5103,-0.030570252792475015,-0.2291440463711954,-0.0776759479224391,0.0003895325811329974,-0.33700071450497654,-156.0,-1719.7146461188954,0.32275132275132273,1647.0,3456.0,2637.0,2466.0,-1.1695480680035102,0.7825080219439707,0.6288475541139793,62.88475541139793,0.30643046171250155,32.314324906917506,67.6856750930825,0.0,3172.8,0.619,1725.98,-1.23,-12.644,-0.3772,-0.295,-3.0078874881704976,-0.4287012402402553,0.021629132266353025,36816,14083,0.6549172035567806,2.670886773665521,0.09170052573527876,24796,7,0,0,10296,14493,16,0,9374,5103,True
M2|5m|12/26|s0.00,M2,5,12/26,"{""atr_period"": 14, ""slope_lookback"": 5, ""slope_threshold"": 0.0}",4988,-0.0334803528468324,-0.22968860117872722,-0.0778605427724499,0.0003147045872361494,-0.34071479221077333,-167.0,-1699.4853835473375,0.3217722534081796,1605.0,3383.0,2582.0,2406.0,-1.1695399555034613,0.7834842205943551,0.6272677267464329,62.72677267464329,0.30723443936394096,32.21732157177225,67.78267842822775,0.0,3088.8,0.615,1702.5,-1.348,-12.459,-0.3834,-0.2979,-2.950651621469317,-0.49386260036513646,0.10613307854919256,35405,13988,0.6668793095026555,2.609936829258544,0.15314780815436313,21462,7,0,0,8915,12540,16,0,7536,4988,True
M2|5m|12/26|s0.25,M2,5,12/26,"{""atr_period"": 14, ""slope_lookback"": 5, ""slope_threshold"": 0.25}",2896,0.008977900552486194,-0.22736187439457325,-0.07707182182866892,0.00016622244018056636,-0.2952895732305754,26.00000000000002,-855.1586040757464,0.33598066298342544,973.0,1923.0,1451.0,1445.0,-1.1599637443147035,0.8140393568401618,0.6527415506663112,65.27415506663112,0.3042674737830616,33.63259668508287,66.36740331491713,0.0,2085.0,0.659,856.94,0.294,-8.685,-0.3521,-0.2402,-3.3428668776240094,-0.572011122252039,0.16441240831902376,16968,9885,0.6723668869024522,3.047577304393434,0.27672154902146356,7301,1,0,0,2984,4316,10,0,1410,2896,True
M2|5m|12/26|s0.50,M2,5,12/26,"{""atr_period"": 14, ""slope_lookback"": 5, ""slope_threshold"": 0.5}",172,0.18604651162790697,-0.20006505509571354,-0.06781866274430969,0.0005099549495095185,-0.08132725126260672,32.0,-13.988287217168356,0.38953488372093026,67.0,105.0,73.0,99.0,-1.0833981557152614,1.2468169525983217,0.8887269177608905,88.87269177608904,0.2673737628905137,39.53488372093023,60.46511627906976,0.0,151.4,0.894,33.58,1.724,-0.725,-0.2654,0.1349,-6.008244449740782,-0.3319640539069578,0.13274896793702745,860,812,0.9182689024978948,5.926917198478175,0.2506368026443511,325,0,0,0,146,179,2,0,5,172,True
M3|5m|12/26|v1.2,M3,5,12/26,"{""atr_period"": 14, ""atr_ratio_threshold"": 1.2, ""baseline_window"": 20}",905,0.007734806629834238,-0.15987059140539464,-0.05419342081538801,-0.001192489948409403,-0.20752169553935781,6.999999999999986,-187.8071344631188,0.33591160220994476,304.0,601.0,454.0,451.0,-1.1122266091031585,1.1213170462176445,0.9087131545494046,90.87131545494046,0.21525650216919207,33.591160220994475,66.40883977900552,0.0,669.4,0.745,193.62,0.146,-3.278,-0.3093,-0.1062,-2.66050951627255,-0.41627441297499523,0.17663136940442897,4807,3665,0.9219630203566118,2.452987820733192,0.20875271743563742,1918,0,0,0,791,1127,9,0,213,905,True
M3|5m|12/26|v1.5,M3,5,12/26,"{""atr_period"": 14, ""atr_ratio_threshold"": 1.5, ""baseline_window"": 20}",192,-0.125,-0.11538422623055526,-0.03911329702730688,-0.0002637995588393092,-0.27976132281670146,-24.0,-53.71417398080668,0.2916666666666667,56.0,136.0,95.0,97.0,-1.0912054012899577,1.514184419068964,1.3052333427715743,130.52333427715743,0.15476132281670146,29.166666666666668,70.83333333333334,0.0,140.8,0.658,63.61,-1.059,-2.479,-0.4524,-0.0862,-2.052944085328297,-0.1454002804956819,0.10333427543206668,999,869,1.3172956897394748,1.7731827625115955,-0.13436104232101956,381,0,0,0,155,226,8,0,26,192,True
M4|5m|12/26|d0.25,M4,5,12/26,"{""arm_expiry_bars"": 10, ""atr_period"": 14, ""pullback_atr"": 0.25}",3506,0.08071876782658298,-0.4587615713607398,-0.15551239707143721,-0.00031189158752666237,-0.5338670921931207,282.99999999999994,-1871.7380252290811,0.3482601254991443,1221.0,2285.0,1761.0,1745.0,-1.2647916802652213,0.4464064846343436,0.3419282651778667,34.19282651778666,0.6145858600197037,36.02395892755277,63.97604107244723,0.0,3056.8,0.481,1869.15,3.067,-18.515,-0.587,-0.4797,-0.5425822321482437,-1.05651726864183,0.23597190006871593,17206,13514,0.3482458377753391,0.008715139955123075,0.5226501764487094,7273,3,0,0,3055,4215,3,0,706,3506,True
M4|5m|12/26|d0.5,M4,5,12/26,"{""arm_expiry_bars"": 10, ""atr_period"": 14, ""pullback_atr"": 0.5}",4927,0.06860158311345646,-0.43136769696606886,-0.14622633795459963,-0.0002251555145912387,-0.5092176073218033,338.0,-2508.9151512745248,0.34503754820377514,1700.0,3227.0,2523.0,2404.0,-1.2366594827586257,0.5007048976991827,0.3829082270567642,38.29082270567642,0.5778191904352598,35.62005277044855,64.37994722955145,0.0,3430.7,0.501,2507.54,2.76,-16.565,-0.5599,-0.4604,-0.5759833545555259,-1.049524441688948,0.21214938188981397,25282,16559,0.4016818079435534,0.06676574723372253,0.5403068343671447,12326,3,0,0,5187,7136,6,0,2203,4927,True
M5|5m|12/26,M5,5,12/26,"{""regime_fast"": 20, ""regime_slow"": 50, ""regime_tf"": 60, ""regime_tf_name"": ""1h""}",4697,0.030232063018948267,-0.2575576851587227,-0.08730768988431278,-0.00048012287484344734,-0.3151134348989306,142.0,-1480.0878037202772,0.34298488396849053,1611.0,3086.0,2259.0,2438.0,-1.187182614145033,0.6676769975843324,0.5538700345727731,55.38700345727731,0.3453454979178789,34.341068767298275,65.65893123270172,0.0,2843.3,0.642,1481.56,1.1,-11.069,-0.3592,-0.2715,-3.140301082433421,-0.5658312222611904,0.056708277396453455,26748,14700,0.5766621438263355,2.8251876475344906,0.2507177873622598,11944,0,0,0,4986,6958,4,0,2257,4697,True
M1|5m|20/50,M1,5,20/50,{},3092,0.04689521345407503,-0.20628700154044696,-0.06992779713235489,0.00016461191410061793,-0.2291549733046262,145.0,-708.5471774579042,0.3483182406209573,1077.0,2015.0,1563.0,1529.0,-1.1203603787260594,0.9976042268582788,0.7809119887998601,78.09119887998601,0.27605018675870124,34.89650711513583,65.10349288486417,0.0,2396.2,0.726,712.26,1.665,-5.668,-0.3059,-0.1647,-2.5778158463756697,-0.39970372420916594,0.06981901390696275,22375,9391,0.8141529360065397,2.3486608730710437,0.17054875090453975,13828,1,0,0,5693,8134,15,0,5027,3092,True
M2|5m|20/50|s0.00,M2,5,20/50,"{""atr_period"": 14, ""slope_lookback"": 5, ""slope_threshold"": 0.0}",3067,0.04760352135637431,-0.20582967378636258,-0.06977277077503817,0.0002598813730350154,-0.22773904183199148,146.0,-698.4756412987178,0.348549070753179,1069.0,1998.0,1549.0,1518.0,-1.1203750602409643,0.9994479673843889,0.7859193373805899,78.591933738059,0.27534256318836575,34.92011737854581,65.07988262145419,0.0,2400.1,0.728,702.19,1.666,-5.629,-0.3034,-0.1637,-2.5696836157464946,-0.42977881333114976,0.08552721282339278,21967,9304,0.8157473530102988,2.3419445739145033,0.20203977149915828,12758,0,0,0,5229,7529,15,0,4447,3067,True
M2|5m|20/50|s0.25,M2,5,20/50,"{""atr_period"": 14, ""slope_lookback"": 5, ""slope_threshold"": 0.25}",1519,0.05661619486504281,-0.1590952395472447,-0.053930589677032105,-0.0006917669671959953,-0.15710140132642997,86.00000000000003,-238.63702861484714,0.35220539828834757,535.0,984.0,755.0,764.0,-1.10120737327189,1.1662928922956035,0.959412325256512,95.94123252565119,0.2137175961914728,35.22053982883476,64.77946017116524,0.0,1183.9,0.8,239.8,1.358,-3.616,-0.2335,-0.0824,-2.50834284185146,-0.38806678185006704,0.14517744594590284,9074,5532,1.0029905682079716,2.35124144052503,0.23096538052363708,3849,0,0,0,1563,2286,10,0,757,1519,True
M2|5m|20/50|s0.50,M2,5,20/50,"{""atr_period"": 14, ""slope_lookback"": 5, ""slope_threshold"": 0.5}",40,-0.175,-0.16110391631752735,-0.05461149705678894,-0.007993984783436294,-0.39870939815775264,-7.0,-15.948375926310105,0.275,11.0,29.0,13.0,27.0,-1.068436691050685,1.7024034125772507,1.7083258388810334,170.83258388810336,0.22370939815775262,27.500000000000004,72.5,0.0,39.6,0.539,19.05,-1.17,-2.759,-0.6532,-0.0942,-3.753847276075099,-0.32370079609709923,0.27264372686379845,195,195,1.743645017545439,3.3551378779173464,-0.0750086020606534,74,0,0,0,34,40,0,0,0,40,True
M3|5m|20/50|v1.2,M3,5,20/50,"{""atr_period"": 14, ""atr_ratio_threshold"": 1.2, ""baseline_window"": 20}",660,0.06363636363636364,-0.14547160322909752,-0.049312407874270346,-0.00012159382190459966,-0.1312692412889088,42.00000000000001,-86.6376992506798,0.353030303030303,233.0,427.0,296.0,364.0,-1.0927334128437884,1.3412831402264525,1.0812983406991132,108.12983406991134,0.19490560492527245,35.45454545454545,64.54545454545455,0.0,520.7,0.83,94.55,1.118,-2.066,-0.2353,-0.0182,-1.6619374243826335,-0.4189117612543575,0.21641844220396192,3519,2764,1.121826412123605,1.5306681830937248,0.28764251996544865,1451,0,0,0,646,805,9,0,136,660,True
M3|5m|20/50|v1.5,M3,5,20/50,"{""atr_period"": 14, ""atr_ratio_threshold"": 1.5, ""baseline_window"": 20}",149,0.18791946308724833,-0.10490161788684318,-0.035559870470116335,0.00027758590042678024,0.047735560630715594,28.0,7.112598533976623,0.3959731543624161,59.0,90.0,73.0,76.0,-1.0517337472065056,1.8108020742805055,1.543321299638981,154.3321299638981,0.14018390245653276,39.59731543624161,60.40268456375839,0.0,124.9,1.07,20.71,1.311,0.342,-0.2048,0.2886,-0.5500755116673459,-0.16859843304956612,0.21579072177701863,774,678,1.5766701354587336,0.5978110722980615,0.21633399368028172,308,0,0,0,141,167,7,0,11,149,True
M4|5m|20/50|d0.25,M4,5,20/50,"{""arm_expiry_bars"": 10, ""atr_period"": 14, ""pullback_atr"": 0.25}",1561,0.008968609865470925,-0.564114948758059,-0.19122540635866409,-0.0007029191044901025,-0.7470746643557423,14.000000000000114,-1166.1835510593137,0.31518257527226134,492.0,1069.0,769.0,792.0,-1.2976040301329572,0.44301329636256764,0.31652012956964254,31.652012956964256,0.7560432742212133,33.6322869955157,66.3677130044843,0.0,1386.5,0.376,1162.57,0.25,-13.786,-0.849,-0.649,-0.569649950704035,-1.3104123386139126,0.3491522702473663,7559,6816,0.32310303365971704,-0.1774247136517073,0.5633376742581703,2926,0,0,0,1203,1723,0,0,162,1561,True
M4|5m|20/50|d0.5,M4,5,20/50,"{""arm_expiry_bars"": 10, ""atr_period"": 14, ""pullback_atr"": 0.5}",2466,0.04379562043795625,-0.5388806500439366,-0.1826714067945548,-0.00010538211483220711,-0.6778618185153673,108.00000000000011,-1671.6072444588958,0.32684509326845096,806.0,1660.0,1238.0,1228.0,-1.251914138419721,0.4965518447107675,0.3486142656481586,34.861426564815865,0.7216574389533236,34.79318734793188,65.20681265206812,0.0,1904.2,0.413,1670.2,1.306,-12.932,-0.7656,-0.5828,-0.5923663010966376,-1.261990433647429,0.1841494015193996,12055,9900,0.35970461903049383,-0.08549551741872974,0.5841286151320617,5109,0,0,0,2098,3011,1,0,544,2466,True
M5|5m|20/50,M5,5,20/50,"{""regime_fast"": 20, ""regime_slow"": 50, ""regime_tf"": 60, ""regime_tf_name"": ""1h""}",2758,0.03770848440899202,-0.2271315073271298,-0.07699373129733214,-0.0010048205688865189,-0.26742157478435646,104.0,-737.5487032552551,0.345540246555475,953.0,1805.0,1337.0,1421.0,-1.1517818088397107,0.8058168144000556,0.6534194678937719,65.34194678937719,0.30513005919334846,34.59028281363307,65.40971718636693,0.0,1986.9,0.687,736.85,1.288,-8.141,-0.3198,-0.2096,-3.031340442376993,-0.531251761545317,0.030838193986803927,15485,9718,0.6647818445785929,2.7639188675926363,0.2638301867609605,6409,0,0,0,2655,3754,4,0,992,2758,True
M1|5m|50/200,M1,5,50/200,{},1296,0.0810185185185185,-0.25189525648368605,-0.08538822253684271,-0.0008800679214497442,-0.25714502842346,104.99999999999999,-333.2599568368042,0.35262345679012347,457.0,839.0,641.0,655.0,-1.0818161896023053,1.3078651058430144,1.0060674149338666,100.60674149338666,0.33816354694197853,36.03395061728395,63.96604938271605,0.0,1273.4,0.708,343.62,2.257,-4.845,-0.3688,-0.1636,-1.6508962118221646,-0.5520185060721762,0.15148728180073726,8352,4643,1.0284664830119417,1.3937511833987046,0.2948734776487162,4225,1,0,0,1708,2516,44,0,1176,1296,True
M2|5m|50/200|s0.00,M2,5,50/200,"{""atr_period"": 14, ""slope_lookback"": 5, ""slope_threshold"": 0.0}",1285,0.07392996108949415,-0.25271515915443354,-0.0856661556455707,-0.0007583399725501033,-0.2652096936830602,94.99999999999999,-340.79445638273233,0.35019455252918286,450.0,835.0,637.0,648.0,-1.0820962524890483,1.310542859590639,1.0072863987223837,100.72863987223838,0.3391396547725543,35.797665369649806,64.2023346303502,0.0,1258.6,0.7,349.39,2.065,-5.179,-0.367,-0.1697,-1.6468507454478813,-0.5089257306541205,0.2556795298959621,8281,4531,1.034536973171304,1.3816410517648212,0.2437160369710603,4090,1,0,0,1654,2435,44,0,1106,1285,True
M2|5m|50/200|s0.25,M2,5,50/200,"{""atr_period"": 14, ""slope_lookback"": 5, ""slope_threshold"": 0.25}",12,0.25,-0.08331660233256143,-0.028242916044936076,-0.005384296096876739,0.13305618552562573,3.0,1.5966742263075089,0.4166666666666667,5.0,7.0,7.0,5.0,-1.0538706537160452,1.9143353347534364,1.957119244496569,195.7119244496569,0.1169438144743742,41.66666666666667,58.333333333333336,0.0,12.0,1.206,3.26,,,,,-3.0418940156736185,-0.19608448585593957,0.11158460801750063,64,57,1.9480004756054028,3.1749502011992443,0.32914067138156533,30,0,0,0,16,14,1,0,1,12,True
M2|5m|50/200|s0.50,M2,5,50/200,"{""atr_period"": 14, ""slope_lookback"": 5, ""slope_threshold"": 0.5}",0,,,,,,,,,,,,,,,,,,,,,,,,,,,,,,,0,0,,,,0,0,0,0,0,0,0,0,0,0,True
M3|5m|50/200|v1.2,M3,5,50/200,"{""atr_period"": 14, ""atr_ratio_threshold"": 1.2, ""baseline_window"": 20}",258,0.11627906976744186,-0.14146420440963559,-0.04795396759648664,-0.0006977392286166313,-0.07383684146729699,30.0,-19.049905098562625,0.3682170542635659,95.0,163.0,111.0,147.0,-1.0670046972709768,1.6236050269398692,1.4822718164113724,148.22718164113724,0.19011591123473887,37.2093023255814,62.7906976744186,0.0,247.6,0.902,30.59,1.7,-1.091,-0.2085,0.0499,-1.110366998761719,-0.3385741133997685,0.2158799022466296,1383,1141,1.5033378724158066,1.036530157294422,0.26473727193247154,567,0,0,0,251,316,12,0,46,258,True
M3|5m|50/200|v1.5,M3,5,50/200,"{""atr_period"": 14, ""atr_ratio_threshold"": 1.5, ""baseline_window"": 20}",72,0.375,-0.08347155364499804,-0.028295441913558657,-0.00348663509929748,0.2597463693421458,27.0,18.7017385926345,0.4583333333333333,33.0,39.0,36.0,36.0,-1.0361378599245903,2.192911309410987,2.0323756362923504,203.237563629235,0.11525363065785418,45.83333333333333,54.166666666666664,0.0,67.7,1.44,8.12,2.33,1.748,-0.0168,0.5277,-0.23647896525129486,-1.0662293018926092,1.7944245088976558,386,345,1.9929161747343467,0.49622533459344065,1.325975671234755,162,0,0,0,77,85,8,0,5,72,True
M4|5m|50/200|d0.25,M4,5,50/200,"{""arm_expiry_bars"": 10, ""atr_period"": 14, ""pullback_atr"": 0.25}",218,0.01834862385321101,-0.9507918034765703,-0.32230230626324413,-0.0012570976013247597,-1.256002583487928,4.0,-273.8085632003683,0.2706422018348624,59.0,159.0,113.0,105.0,-1.4704218135654856,0.29485001057820653,0.21205741496849265,21.205741496849264,1.2743512073411392,33.94495412844037,66.05504587155964,0.0,199.3,0.206,275.65,0.189,-6.667,-1.6242,-0.9156,-0.9094476239857116,-2.2844437222815026,0.7062822828564401,1064,1058,0.2114343463902062,-0.3465549595022165,1.0284411387935746,386,0,0,0,162,224,0,0,6,218,True
M4|5m|50/200|d0.5,M4,5,50/200,"{""arm_expiry_bars"": 10, ""atr_period"": 14, ""pullback_atr"": 0.5}",373,0.08579088471849866,-0.8646880065287493,-0.29311457848432176,-0.0014853932352013176,-1.0734970935297738,32.0,-400.41441588660564,0.30294906166219837,113.0,260.0,191.0,182.0,-1.3941385067873238,0.36489852628777875,0.22374983151367678,22.37498315136768,1.1592879782482726,36.193029490616624,63.806970509383376,0.0,292.6,0.271,399.76,1.172,-6.609,-1.3767,-0.8081,-0.8205071921948713,-1.9315051439468054,0.4879430597770623,1810,1813,0.2282124953538745,-0.2529899013349025,0.8580080504170315,703,0,0,0,299,404,0,0,31,373,True
M5|5m|50/200,M5,5,50/200,"{""regime_fast"": 20, ""regime_slow"": 50, ""regime_tf"": 60, ""regime_tf_name"": ""1h""}",788,0.06218274111675127,-0.2239144791642192,-0.0759032132760065,-0.003019921943281827,-0.24065487326675628,49.0,-189.63604013420394,0.3489847715736041,275.0,513.0,351.0,437.0,-1.0991921158580724,1.1281024837136306,0.8884586833678269,88.84586833678269,0.30283761438350754,35.40609137055837,64.59390862944161,0.0,599.1,0.716,193.92,1.131,-4.049,-0.3358,-0.1335,-1.6175807848131811,-0.6018469632474299,0.21753366202874577,4236,3263,0.904010231338485,1.376925911546425,0.36119208998067365,1607,0,0,0,652,955,14,0,153,788,True
M1|15m|5/20,M1,15,5/20,{},1966,0.03458799593082401,-0.1088154102475336,-0.036886579744926644,0.0001394406561196655,-0.11097455340551657,68.0,-218.17597199524556,0.34486266531027465,678.0,1288.0,1004.0,962.0,-1.0906233300955326,1.4279331186979616,1.2350212591086158,123.50212591086158,0.1455625493363406,34.48626653102747,65.51373346897253,0.0,1264.5,0.852,226.88,0.842,-2.62,-0.1796,-0.0473,-1.3313217224425824,-0.20891673428225294,0.0698873524201061,13503,5586,1.2877275945674818,1.2203471690370657,0.09794218087673637,14443,8,0,0,5812,8623,27,0,6630,1966,True
M2|15m|5/20|s0.00,M2,15,5/20,"{""atr_period"": 14, ""slope_lookback"": 5, ""slope_threshold"": 0.0}",1767,-0.030560271646859084,-0.11797097940069468,-0.03999016250871007,5.709979869022434e-05,-0.1884643137575736,-54.0,-333.0164424096326,0.32314657611771364,571.0,1196.0,875.0,892.0,-1.1018902072538859,1.335130123982225,1.168503013221257,116.8503013221257,0.15790404211071457,32.314657611771366,67.68534238822863,0.0,1413.2,0.76,336.5,-0.83,-4.932,-0.2534,-0.1237,-1.2664225427719242,-0.1624963034911276,0.052346925238524064,10867,5368,1.2132743856526622,1.0779582290143506,-0.025968010266446018,7535,4,0,0,2987,4544,22,0,2755,1767,True
M2|15m|5/20|s0.25,M2,15,5/20,"{""atr_period"": 14, ""slope_lookback"": 5, ""slope_threshold"": 0.25}",25,0.44,-0.060673582401591465,-0.02056731606833609,0.010345219892802982,0.36910432142287547,11.0,9.227608035571887,0.48,12.0,13.0,14.0,11.0,-1.0319766748516968,2.3027358697930036,2.0814536274369537,208.14536274369536,0.07089567857712457,48.0,52.0,0.0,23.0,1.648,3.33,1.997,1.592,-0.0218,0.8437,-1.9118649081166947,-0.08533272598121974,0.45345517196252133,128,121,2.1117452292818752,2.2809692295395703,0.4544370474040952,49,0,0,0,21,28,3,0,0,25,True
M2|15m|5/20|s0.50,M2,15,5/20,"{""atr_period"": 14, ""slope_lookback"": 5, ""slope_threshold"": 0.5}",0,,,,,,,,,,,,,,,,,,,,,,,,,,,,-2.4023731696173973,,,2,0,,,,4,0,0,0,2,2,2,0,0,0,True
M3|15m|5/20|v1.2,M3,15,5/20,"{""atr_period"": 14, ""atr_ratio_threshold"": 1.2, ""baseline_window"": 20}",529,0.0888468809073724,-0.09309267746021088,-0.03155683981702064,-0.00301591752632877,-0.03881855389618788,47.0,-20.535015011083388,0.3629489603024575,192.0,337.0,270.0,259.0,-1.0685646758626837,1.688428164857195,1.492665837459153,149.2665837459153,0.12766543480356027,36.29489603024575,63.70510396975425,0.0,401.5,0.946,51.42,1.297,-0.56,-0.1537,0.0809,-1.5214914540585665,-0.1495670828085343,0.12303806418940334,2971,2033,1.5067966145165332,1.4826729001623786,0.11074852891234643,1351,0,0,0,601,750,7,0,214,529,True
M3|15m|5/20|v1.5,M3,15,5/20,"{""atr_period"": 14, ""atr_ratio_threshold"": 1.5, ""baseline_window"": 20}",104,0.3557692307692308,-0.07168736891729491,-0.02430080302281183,-0.005471731430377878,0.2543093273987461,37.0,26.4481700494696,0.4519230769230769,47.0,57.0,43.0,61.0,-1.0351830807699645,2.2103737284954414,2.056605732987746,205.66057329877458,0.10145990337048462,45.19230769230769,54.807692307692314,0.0,80.6,1.42,5.28,3.016,2.155,0.0527,0.4562,-1.8447665905614792,-0.11812554225365504,0.0958438079867709,569,465,2.080154934670613,2.099075917960225,0.37243486965240113,236,0,0,0,106,130,6,0,20,104,True
M4|15m|5/20|d0.25,M4,15,5/20,"{""arm_expiry_bars"": 10, ""atr_period"": 14, ""pullback_atr"": 0.25}",2050,0.03170731707317073,-0.16201519313888602,-0.05492040445385966,5.190759951289936e-05,-0.185176372920062,65.0,-379.6115644861271,0.3439024390243902,705.0,1345.0,1036.0,1014.0,-1.1121534493774679,1.1046660967267996,0.8968836054080536,89.68836054080536,0.21688368999323276,34.390243902439025,65.60975609756098,0.0,1696.2,0.769,388.47,0.888,-4.924,-0.2536,-0.1217,-0.25442772148112136,-0.29533906101292035,0.09765211861114023,11573,6127,0.9538601875272769,0.06925134856105936,0.11016268809285834,7142,3,0,1,2940,4198,45,0,2103,2050,True
M4|15m|5/20|d0.5,M4,15,5/20,"{""arm_expiry_bars"": 10, ""atr_period"": 14, ""pullback_atr"": 0.5}",2110,0.043601895734597156,-0.14013868010373903,-0.04750463732330137,0.0005721367595744697,-0.1434692849328688,92.0,-302.7201912083532,0.34786729857819904,734.0,1376.0,1077.0,1033.0,-1.0925935287238642,1.301413919996025,1.0913742830518123,109.13742830518123,0.18707118066746597,34.78672985781991,65.2132701421801,0.0,1790.1,0.815,313.96,1.331,-4.359,-0.1991,-0.0823,-0.4847446838469323,-0.2704365410447468,0.15975937285757144,13181,5944,1.1466942148760368,0.3412753989140635,0.12696725611187798,10185,5,0,1,4114,6065,56,0,3899,2110,True
M5|15m|5/20,M5,15,5/20,"{""regime_fast"": 20, ""regime_slow"": 50, ""regime_tf"": 240, ""regime_tf_name"": ""4h""}",1874,0.051760939167556023,-0.12082343306443245,-0.04095709595404489,-0.0020085412012396803,-0.112028131052161,96.99999999999999,-209.94071759174972,0.3505869797225187,657.0,1217.0,849.0,1025.0,-1.0953597750180029,1.306550011876383,1.137736411496509,113.77364114965089,0.163789070219717,35.05869797225187,64.94130202774814,0.0,1167.7,0.852,211.12,1.271,-2.839,-0.1729,-0.0526,-1.3302473945016124,-0.21427020087571963,0.08607338711835869,10939,5520,1.1716362245600054,1.2182192634494515,0.10224206982355863,7046,0,0,0,2875,4171,31,0,2266,1874,True
M1|15m|9/21,M1,15,9/21,{},1891,0.05023796932839767,-0.11593814367513844,-0.039301065652589305,4.069863926924992e-05,-0.1049605413600608,95.0,-198.480383711875,0.3500793231094659,662.0,1229.0,955.0,936.0,-1.0904895116367805,1.3888586880355507,1.1882455098030165,118.82455098030164,0.1551985106884585,35.007932310946586,64.99206768905341,0.0,1221.1,0.86,220.65,1.258,-2.581,-0.1684,-0.0395,-1.402761597731395,-0.23857675632552738,0.13263737257072103,13187,5366,1.256901238504488,1.2978010563713342,0.13361621496546658,10363,7,0,0,4232,6124,25,0,4208,1891,True
M2|15m|9/21|s0.00,M2,15,9/21,"{""atr_period"": 14, ""slope_lookback"": 5, ""slope_threshold"": 0.0}",1846,0.06608884073672806,-0.11646080246524135,-0.03947823812381063,0.00017041367166294747,-0.08967978618066097,122.0,-165.54888528950016,0.3553629469122427,656.0,1190.0,924.0,922.0,-1.0904573171832985,1.3741494816531068,1.1798809816206415,117.98809816206415,0.15576862691738905,35.53629469122427,64.46370530877573,0.0,1260.9,0.88,185.72,1.704,-2.211,-0.156,-0.027,-1.4435791331938652,-0.33065823785051973,0.14595686541922748,12520,5355,1.236164104894445,1.3538993470132041,0.24097845166985876,8429,7,0,0,3452,4970,23,0,3101,1846,True
M2|15m|9/21|s0.25,M2,15,9/21,"{""atr_period"": 14, ""slope_lookback"": 5, ""slope_threshold"": 0.25}",710,0.06056338028169011,-0.12414085935858202,-0.042081647240197285,0.0006893895666080379,-0.10496973675048116,42.99999999999998,-74.52851309284162,0.35352112676056335,251.0,459.0,348.0,362.0,-1.0917013180334605,1.3518734321479808,1.1332564975285495,113.32564975285494,0.16553311703217127,35.352112676056336,64.64788732394366,0.0,556.8,0.86,92.97,0.962,-1.649,-0.2165,0.0064,-1.6322905541816557,-0.1467368380466776,0.07460773389735896,3868,2817,1.1792228604777832,1.5273208174311745,0.04176710129619643,1477,3,0,0,596,878,10,0,158,710,True
M2|15m|9/21|s0.50,M2,15,9/21,"{""atr_period"": 14, ""slope_lookback"": 5, ""slope_threshold"": 0.5}",18,0.16666666666666666,-0.056580170327894405,-0.01917971875521844,0.01046523720749797,0.10137201479105183,3.0,1.824696266238933,0.3888888888888889,7.0,11.0,7.0,11.0,-1.0298892601407428,2.4349271274743614,2.589693415818256,258.96934158182563,0.06529465187561487,38.88888888888889,61.111111111111114,0.0,18.0,1.155,7.92,,,,,-0.49460513488458346,-0.24066661273062767,0.2155221696382507,93,89,2.626104421556162,0.5959771496756353,0.3420386275216795,36,0,0,0,15,21,3,0,0,18,True
M3|15m|9/21|v1.2,M3,15,9/21,"{""atr_period"": 14, ""atr_ratio_threshold"": 1.2, ""baseline_window"": 20}",435,0.07586206896551721,-0.09233329560856496,-0.03129942224019151,-0.002814117049396133,-0.0505847659326354,32.999999999999986,-22.0043731806964,0.3586206896551724,156.0,279.0,196.0,239.0,-1.0728303495440727,1.7170184112592444,1.5273058634779446,152.73058634779446,0.12644683489815262,35.86206896551724,64.13793103448275,0.0,321.1,0.93,42.48,0.969,-0.644,-0.1795,0.0867,-1.5747075677178402,-0.12449089027801641,0.06105165016321285,2436,1783,1.5790979381480572,1.5241228017852047,0.073906124345381,1068,0,0,0,467,601,9,0,157,435,True
M3|15m|9/21|v1.5,M3,15,9/21,"{""atr_period"": 14, ""atr_ratio_threshold"": 1.5, ""baseline_window"": 20}",86,0.2558139534883721,-0.06372536248002955,-0.021601817789840532,-0.008069569143136675,0.16241720407536528,22.0,13.967879550481413,0.4186046511627907,36.0,50.0,37.0,49.0,-1.042165933104962,2.4637667790593967,2.252613893835795,225.26138938357948,0.09339674941300678,41.86046511627907,58.139534883720934,0.0,63.9,1.255,7.86,1.746,1.105,-0.0909,0.4103,-0.46116906761497134,-0.01891591358015448,0.13297580110910448,467,394,2.26128268432343,0.6235862716903366,0.18133311765551977,194,0,0,0,84,110,6,0,18,86,True
M4|15m|9/21|d0.25,M4,15,9/21,"{""arm_expiry_bars"": 10, ""atr_period"": 14, ""pullback_atr"": 0.25}",1494,0.02610441767068273,-0.2130165345273178,-0.07220899475502299,0.00014131349285921365,-0.25897979811879884,39.0,-386.9158183894855,0.3413654618473896,510.0,984.0,728.0,766.0,-1.1414962551948726,0.8751765366839634,0.6920988104329293,69.20988104329292,0.28508421578948157,34.20348058902275,65.79651941097724,0.0,1077.9,0.695,405.03,0.564,-5.275,-0.3398,-0.1778,-0.24406298131968276,-0.3729666476942764,0.11193552210996206,7448,5424,0.7127260742388701,-0.014916816799116078,0.11398684957547756,3704,2,0,1,1585,2116,9,0,613,1494,True
M4|15m|9/21|d0.5,M4,15,9/21,"{""arm_expiry_bars"": 10, ""atr_period"": 14, ""pullback_atr"": 0.5}",2017,0.04115022310361924,-0.18911038724115337,-0.06410521601395029,-0.0005306426724356159,-0.21259602282392004,83.0,-428.8061780358467,0.34655428854734754,699.0,1318.0,999.0,1018.0,-1.1211106830316242,1.0146541333051577,0.8100758148387085,81.00758148387085,0.25374624592753925,34.705007436787305,65.2949925632127,0.0,1567.7,0.741,439.98,1.138,-5.741,-0.2786,-0.1488,-0.25480687178726485,-0.37797306147669996,0.11226220671065124,10750,6296,0.8738904707191081,0.042210848963344816,0.16537703865277992,6066,3,0,1,2512,3550,17,0,1516,2017,True
M5|15m|9/21,M5,15,9/21,"{""regime_fast"": 20, ""regime_slow"": 50, ""regime_tf"": 240, ""regime_tf_name"": ""4h""}",1684,0.04572446555819477,-0.13028369548842558,-0.044163964572347655,-0.001687854308948823,-0.13041104881152732,76.99999999999999,-219.612206198612,0.3485748218527316,587.0,1097.0,762.0,922.0,-1.103574467624513,1.2488806453392842,1.0665264935644982,106.65264935644983,0.17613551436972205,34.857482185273156,65.14251781472684,0.0,1024.1,0.829,228.4,1.015,-2.927,-0.1981,-0.0634,-1.661565959846681,-0.27317162781269244,0.07708660667873228,9939,5325,1.1238542986795343,1.5311549110351537,0.14276057900116512,5032,0,0,0,2085,2947,12,0,1251,1684,True
M1|15m|12/26,M1,15,12/26,{},1662,0.12454873646209386,-0.11884998345841122,-0.040288129985902116,-0.00024283372368383256,-0.03483221070590331,207.0,-57.8911341932113,0.37484957882069797,623.0,1039.0,842.0,820.0,-1.083463230996637,1.3994147168318234,1.1988716156211938,119.88716156211939,0.1593809471679972,37.4849578820698,62.51504211793021,0.0,1217.5,0.952,103.26,3.097,-0.805,-0.1093,0.036,-1.499395903411766,-0.23674665985584165,0.15732838424815046,11939,4967,1.2496045555204036,1.4645636927058627,0.20191444914993834,7933,9,0,0,3267,4657,31,0,2964,1662,True
M2|15m|12/26|s0.00,M2,15,12/26,"{""atr_period"": 14, ""slope_lookback"": 5, ""slope_threshold"": 0.0}",1640,0.1323170731707317,-0.11945942288016215,-0.04049471962039395,-6.044424896403348e-05,-0.027697513578788437,217.0,-45.42392226921304,0.3774390243902439,619.0,1021.0,813.0,827.0,-1.0833795211647148,1.390494560697039,1.1874402739025463,118.74402739025463,0.16001458674952013,37.74390243902439,62.25609756097561,0.0,1181.1,0.962,76.4,3.183,-0.65,-0.0948,0.0459,-1.536787002100487,-0.18295233189967625,0.040620906098881776,11552,4986,1.2269060055675254,1.5090894885216986,0.1552548183208878,6845,8,0,0,2795,4042,30,0,2372,1640,True
M2|15m|12/26|s0.25,M2,15,12/26,"{""atr_period"": 14, ""slope_lookback"": 5, ""slope_threshold"": 0.25}",868,0.18548387096774194,-0.1240273320741165,-0.042043163414954746,-0.0009896936231023553,0.018423681855568363,161.0,15.99175585063334,0.3951612903225806,343.0,525.0,413.0,455.0,-1.0759353556327806,1.3936016135970632,1.166167875193632,116.6167875193632,0.1670601891121736,39.516129032258064,60.483870967741936,0.0,683.2,1.026,42.28,3.464,0.334,-0.0744,0.117,-1.7970847495226348,-0.1447937961382079,0.02759880882159755,4986,3203,1.1921806598450573,1.815508431378203,0.16321747799377626,1983,3,0,0,802,1178,21,0,289,868,True
M2|15m|12/26|s0.50,M2,15,12/26,"{""atr_period"": 14, ""slope_lookback"": 5, ""slope_threshold"": 0.5}",30,0.1,-0.07005734851195188,-0.023748253732865036,0.007986977639912168,0.014181375395095253,3.0,0.4254412618528576,0.36666666666666664,11.0,19.0,7.0,23.0,-1.0536197087047494,2.1541794612626255,2.2974309844281575,229.74309844281572,0.08581862460490472,36.666666666666664,63.33333333333333,0.0,29.8,1.021,6.69,0.553,0.081,-0.3667,0.3267,-0.5714634966501477,-0.12456935704859859,0.35632509356149017,151,148,2.274571649753708,0.585644872045243,0.13875073244369385,59,0,0,0,26,33,3,0,0,30,True
M3|15m|12/26|v1.2,M3,15,12/26,"{""atr_period"": 14, ""atr_ratio_threshold"": 1.2, ""baseline_window"": 20}",362,0.09392265193370164,-0.08341892729553463,-0.028277602473062588,-0.0001648247925209401,-0.0179387026274165,33.99999999999999,-6.493810351124774,0.36464088397790057,132.0,230.0,170.0,192.0,-1.0634110738940832,1.8649871516065533,1.7128027829454506,171.28027829454507,0.11186135456111813,36.46408839779006,63.53591160220995,0.0,278.2,0.975,23.34,1.156,-0.217,-0.1609,0.1217,-1.4978158351150934,-0.11951154182252399,0.10913763003226354,2011,1503,1.7286586292122763,1.479877132487677,0.10157283919510748,910,1,0,0,425,484,16,0,106,362,True
M3|15m|12/26|v1.5,M3,15,12/26,"{""atr_period"": 14, ""atr_ratio_threshold"": 1.5, ""baseline_window"": 20}",74,0.25675675675675674,-0.05499774477464866,-0.018643303313440225,-0.0030571359926799065,0.18005857267598796,19.0,13.32433437802311,0.4189189189189189,31.0,43.0,38.0,36.0,-1.0403854185084747,2.613404137254677,2.5478033590713003,254.78033590713002,0.0766981840807688,41.891891891891895,58.108108108108105,0.0,62.5,1.288,6.01,1.697,1.253,-0.0676,0.439,-0.46658635390715675,-0.27792108543314165,0.26781412507321944,408,347,2.5729825942618634,0.6466449265831447,0.4579796581091296,176,0,0,0,78,98,8,0,16,74,True
M4|15m|12/26|d0.25,M4,15,12/26,"{""arm_expiry_bars"": 10, ""atr_period"": 14, ""pullback_atr"": 0.25}",1017,0.10619469026548672,-0.2369617866177468,-0.08032602936194806,0.00044090122415346857,-0.21065222449005466,108.0,-214.23331230638559,0.36774827925270404,374.0,643.0,483.0,534.0,-1.1423242671119764,0.8097024562320541,0.6317814774963314,63.17814774963314,0.3168469147555414,36.87315634218289,63.12684365781711,0.0,866.6,0.748,223.51,2.247,-4.066,-0.3022,-0.113,-0.21029135184420342,-0.561652129427302,0.10473002123863172,4944,4073,0.6469614650286288,-0.0003608726458512457,0.35099990493724736,2316,2,0,1,1016,1297,7,0,273,1017,True
M4|15m|12/26|d0.5,M4,15,12/26,"{""arm_expiry_bars"": 10, ""atr_period"": 14, ""pullback_atr"": 0.5}",1556,0.043059125964010285,-0.21017811434273428,-0.07124681842126586,0.0004131127476944628,-0.2379526940522954,67.0,-370.25439194537165,0.34640102827763497,539.0,1017.0,763.0,793.0,-1.1321158273744114,0.9327563803349617,0.7373596885550756,73.73596885550755,0.2810118200163057,34.76863753213368,65.23136246786633,0.0,1146.3,0.717,399.25,0.974,-4.87,-0.3275,-0.1661,-0.2520055412263857,-0.33695479824905034,0.04931643290505262,7948,5487,0.7795463722334802,0.014052847174090277,0.09900210419675493,3984,4,0,1,1677,2302,10,0,736,1556,True
M5|15m|12/26,M5,15,12/26,"{""regime_fast"": 20, ""regime_slow"": 50, ""regime_tf"": 240, ""regime_tf_name"": ""4h""}",1424,0.061797752808988755,-0.1297700057827407,-0.04398983246872567,-0.001530334546944054,-0.1134924199894217,87.99999999999999,-161.6132060649365,0.3539325842696629,504.0,920.0,683.0,741.0,-1.1015029909490364,1.24779111730323,1.0561023981736566,105.61023981736567,0.17529017279841042,35.39325842696629,64.60674157303372,0.0,901.2,0.85,175.5,1.287,-2.498,-0.1853,-0.0434,-1.4501030109269908,-0.18568640580673454,0.0752033278985374,8323,4759,1.0826473326631063,1.3366105909375692,0.07219398581731284,3830,0,0,0,1601,2229,10,0,795,1424,True
M1|15m|20/50,M1,15,20/50,{},1120,0.0875,-0.11333948277601669,-0.038420163652887016,-0.0007218806769520305,-0.06498152710585574,98.0,-72.77931035855843,0.3625,406.0,714.0,549.0,571.0,-1.0685386609048824,1.6270403046714854,1.3431166809841446,134.31166809841446,0.15248152710585572,36.25,63.74999999999999,0.0,826.6,0.912,80.7,1.846,-1.337,-0.1446,0.0223,-1.3867864310950675,-0.17193146540681442,0.05498270545779066,7723,3532,1.3923568496339245,1.3218049039892117,0.10694993830095868,4466,2,0,0,1800,2664,43,0,1501,1120,True
M2|15m|20/50|s0.00,M2,15,20/50,"{""atr_period"": 14, ""slope_lookback"": 5, ""slope_threshold"": 0.0}",1099,0.08371246587807098,-0.11309296311569406,-0.038336597666336965,-0.0006429770333142769,-0.06836007193727431,92.0,-75.12771905906446,0.3612374886260237,397.0,702.0,538.0,561.0,-1.0685910912117647,1.6297594907266626,1.3474688973797102,134.74688973797103,0.1520725378153453,36.12374886260237,63.87625113739763,0.0,807.9,0.908,86.66,1.72,-1.407,-0.1515,0.01,-1.357146464437174,-0.20317981909317573,0.06587823477979768,7568,3586,1.3942971738286045,1.2887863924998997,0.13481974715590142,4097,2,0,0,1641,2454,44,0,1311,1099,True
M2|15m|20/50|s0.25,M2,15,20/50,"{""atr_period"": 14, ""slope_lookback"": 5, ""slope_threshold"": 0.25}",457,0.15536105032822758,-0.09150728602423314,-0.031019418991265466,-0.0005899189483690568,0.03224442636435993,71.0,14.735702848512489,0.3851203501094092,176.0,281.0,211.0,246.0,-1.0541112049469648,1.8971457805484198,1.636560135865372,163.65601358653723,0.12311662396386766,38.51203501094092,61.48796498905909,0.0,363.8,1.047,24.67,2.241,0.461,-0.0808,0.1564,-1.2400927605008834,-0.14350309348604162,0.08362982007084453,2640,1802,1.64740854670308,1.2723371868652433,0.17574751985040155,1050,0,0,0,410,640,27,0,156,457,True
M2|15m|20/50|s0.50,M2,15,20/50,"{""atr_period"": 14, ""slope_lookback"": 5, ""slope_threshold"": 0.5}",11,0.9090909090909091,-0.05842371321059617,-0.019804648545964806,0.02200492162483045,0.8528674689591788,10.0,9.381542158550966,0.6363636363636364,7.0,4.0,2.0,9.0,1.8868887169691182,2.809784770246173,3.299025959629303,329.9025959629303,0.05622344013173052,63.63636363636363,36.36363636363637,0.0,10.0,3.282,2.04,,,,,0.002158380424969497,0.03254364929981028,0.7474807757059446,59,52,2.2805506131743085,0.8507090885342092,0.8203238196593685,24,0,0,0,10,14,2,0,1,11,True
M3|15m|20/50|v1.2,M3,15,20/50,"{""atr_period"": 14, ""atr_ratio_threshold"": 1.2, ""baseline_window"": 20}",276,0.3478260869565217,-0.07923500265633698,-0.026859322934351514,0.0016333969835874997,0.2433651583494207,95.99999999999999,67.16878370444012,0.4492753623188406,124.0,152.0,121.0,155.0,-1.042565036013454,2.061598497360604,1.8983417646658605,189.83417646658603,0.10446092860710099,44.927536231884055,55.072463768115945,0.0,247.2,1.399,10.96,3.995,2.936,0.0964,0.3956,-1.4024541175969572,-0.3775990225712632,0.5662376771700022,1519,1111,1.9286816389508128,1.645819275946378,0.620964180920684,640,1,0,0,282,357,17,0,64,276,True
M3|15m|20/50|v1.5,M3,15,20/50,"{""atr_period"": 14, ""atr_ratio_threshold"": 1.5, ""baseline_window"": 20}",66,0.5,-0.05296245664402191,-0.017953375133566752,-0.001791225362414352,0.4272929428599969,33.0,28.201334228759798,0.5,33.0,33.0,30.0,36.0,0.489448727382895,2.7589259339950947,2.9567698567383913,295.6769856738391,0.07270705714000303,50.0,50.0,0.0,59.3,1.799,6.22,3.463,2.917,0.1517,0.6941,-0.28854541851093984,-0.14517224269281376,0.3530949724541542,348,307,2.920235273775249,0.7158383613709367,0.5724651855528107,146,0,0,0,62,84,6,0,12,66,True
M4|15m|20/50|d0.25,M4,15,20/50,"{""arm_expiry_bars"": 10, ""atr_period"": 14, ""pullback_atr"": 0.25}",438,0.136986301369863,-0.27314173506508016,-0.09259041866612885,-0.0006903509983938631,-0.2294362033597398,60.0,-100.49305707156603,0.3767123287671233,165.0,273.0,211.0,227.0,-1.1295021167268913,0.8148762489801941,0.5899892006786234,58.99892006786234,0.36642250472960286,37.89954337899543,62.10045662100456,0.0,438.0,0.732,103.96,1.937,-3.024,-0.3746,-0.0798,-0.20401332934361655,-0.5441103628230988,0.20936823912669164,2169,2010,0.6134234423513427,-0.025422874016123254,0.31467415946335897,894,0,0,0,392,502,1,0,63,438,True
M4|15m|20/50|d0.5,M4,15,20/50,"{""arm_expiry_bars"": 10, ""atr_period"": 14, ""pullback_atr"": 0.5}",735,0.08979591836734692,-0.24031248329898133,-0.08146185874541739,-0.001237066142488719,-0.2332154898195405,65.99999999999999,-171.41338501736226,0.36054421768707484,265.0,470.0,377.0,358.0,-1.1288094605783043,0.9104230262893325,0.7037552059990378,70.3755205999038,0.32301140818688745,36.3265306122449,63.6734693877551,0.0,637.2,0.725,171.42,1.572,-3.595,-0.3476,-0.1125,-0.23276169349599724,-0.6473415934799831,0.24422636893187216,3675,3064,0.731530334202525,-0.00045379632354325405,0.4141261036604426,1655,1,0,0,701,953,3,0,215,735,True
M5|15m|20/50,M5,15,20/50,"{""regime_fast"": 20, ""regime_slow"": 50, ""regime_tf"": 240, ""regime_tf_name"": ""4h""}",924,-0.006493506493506497,-0.12859732795635723,-0.04359231456147703,-0.0025659841646060075,-0.18124913317594682,-6.0000000000000036,-167.47419905457485,0.33116883116883117,306.0,618.0,427.0,497.0,-1.0921044377673979,1.3915070218730161,1.157231595867725,115.7231595867725,0.1747556266824403,33.116883116883116,66.88311688311688,0.0,604.6,0.77,173.32,-0.125,-3.451,-0.2603,-0.1006,-1.2788415463484433,-0.19597547652666214,0.056308752937810465,5071,3383,1.1836686401415477,1.0975924131724963,0.01472634335071532,2097,0,0,0,858,1239,17,0,298,924,True
M1|15m|50/200,M1,15,50/200,{},392,0.14030612244897958,-0.09041261468504615,-0.03064834396103259,0.002316598470131077,0.02156176227303194,55.0,8.45221081102852,0.37755102040816324,148.0,244.0,198.0,194.0,-1.043933251729782,2.2408000819059652,2.1158709968289036,211.58709968289037,0.11874436017594765,38.01020408163265,61.98979591836735,0.0,313.6,1.031,23.49,1.784,0.259,-0.1193,0.165,-0.6638636088101645,-0.2556308120274262,0.3543609606910567,2677,1508,2.1696522503566817,0.6854253710831965,0.2771925743004581,1397,0,0,0,549,848,90,0,366,392,True
M2|15m|50/200|s0.00,M2,15,50/200,"{""atr_period"": 14, ""slope_lookback"": 5, ""slope_threshold"": 0.0}",393,0.1450381679389313,-0.09219823705402805,-0.03125363967933154,0.0022996160392366096,0.023885907244808335,57.0,9.387161547209676,0.3791348600508906,149.0,244.0,199.0,194.0,-1.0436722318867637,2.222367239948784,2.1022800051235953,210.22800051235953,0.12115226069412297,38.16793893129771,61.832061068702295,0.0,315.6,1.035,21.96,1.822,0.295,-0.1237,0.1648,-0.6651674401909229,-0.2919354584828814,0.3888642347168366,2667,1511,2.176268620174812,0.6890533474357312,0.3158213657276897,1360,0,0,0,532,828,90,0,345,393,True
M2|15m|50/200|s0.25,M2,15,50/200,"{""atr_period"": 14, ""slope_lookback"": 5, ""slope_threshold"": 0.25}",3,0.0,-0.03773279064894974,-0.012790776491169406,0.05819665358194729,0.007673086441828107,0.0,0.02301925932548432,0.3333333333333333,1.0,2.0,3.0,0.0,-0.7245018531273131,3.4633336663897905,3.813157016876085,381.3157016876085,-0.0076730864418281435,33.33333333333333,66.66666666666666,0.0,3.0,1.013,1.78,,,,,-1.4509103012300772,-0.40525265173618596,0.7171153181312864,30,14,3.8226456108944444,1.4585833876719054,0.4129257381780141,11,0,0,0,2,9,6,0,0,3,True
M2|15m|50/200|s0.50,M2,15,50/200,"{""atr_period"": 14, ""slope_lookback"": 5, ""slope_threshold"": 0.5}",0,,,,,,,,,,,,,,,,,,,,,,,,,,,,,,,0,0,,,,0,0,0,0,0,0,0,0,0,0,True
M3|15m|50/200|v1.2,M3,15,50/200,"{""atr_period"": 14, ""atr_ratio_threshold"": 1.2, ""baseline_window"": 20}",122,0.1557377049180328,-0.07537797729075198,-0.025551856708729483,0.005247310302716476,0.06005518122126775,19.0,7.3267321089946655,0.38524590163934425,47.0,75.0,50.0,72.0,-1.041533957100882,2.2658913630912756,2.1432170141726186,214.32170141726186,0.09568252369676498,38.52459016393443,61.47540983606557,0.0,111.9,1.089,13.08,1.342,0.521,-0.1465,0.26,-0.5278905014899293,-0.1848282260627751,0.18333651559534556,671,549,2.1981291826941285,0.5879456827111971,0.24488340728404284,258,0,0,0,103,155,13,0,20,122,True
M3|15m|50/200|v1.5,M3,15,50/200,"{""atr_period"": 14, ""atr_ratio_threshold"": 1.5, ""baseline_window"": 20}",29,0.4482758620689655,-0.05752570759373891,-0.019500239862284375,-0.006119203787167487,0.3651307108257747,13.0,10.588790613947467,0.4827586206896552,14.0,15.0,13.0,16.0,-0.9888168499564952,2.5026964925271153,2.482778700511517,248.2778700511517,0.08314515124319076,48.275862068965516,51.724137931034484,0.0,25.8,1.653,5.76,1.844,1.461,-0.087,0.7875,-0.28991062008688545,-0.16652901665092532,0.3546234667536686,166,140,2.4799276708236286,0.6550413309126601,0.5316597274767,56,0,0,0,18,38,6,0,3,29,True
M4|15m|50/200|d0.25,M4,15,50/200,"{""arm_expiry_bars"": 10, ""atr_period"": 14, ""pullback_atr"": 0.25}",74,0.33783783783783783,-0.4134555166238818,-0.1401544124148752,-0.002349232992123242,-0.2181213241930424,25.0,-16.140977990285137,0.43243243243243246,32.0,42.0,40.0,34.0,-1.1326956712110599,0.5271463573229102,0.3732127400759282,37.32127400759282,0.5559591620308801,44.5945945945946,55.4054054054054,0.0,70.6,0.744,17.48,3.003,-2.081,-0.4069,-0.0001,-0.2401924352010401,-1.5780916992140108,1.7677691991240807,361,363,0.3976326080579712,0.022071111007997718,1.3599703750209684,124,0,0,0,47,77,0,0,3,74,True
M4|15m|50/200|d0.5,M4,15,50/200,"{""arm_expiry_bars"": 10, ""atr_period"": 14, ""pullback_atr"": 0.5}",125,0.104,-0.4360821539875925,-0.1478244589788449,-0.0006105991119999492,-0.4805172120784374,13.0,-60.064651509804676,0.36,45.0,80.0,65.0,60.0,-1.2532253846153842,0.533893395862719,0.36529374308790813,36.529374308790814,0.5845172120784373,36.8,63.2,0.0,113.3,0.527,61.22,0.995,-3.914,-0.6995,-0.2536,-0.287958389669318,-0.6567386801008503,0.28743283137130005,589,610,0.3705489575362425,-0.19255882240911937,0.17622146802241295,208,0,0,0,79,129,0,0,4,125,True
M5|15m|50/200,M5,15,50/200,"{""regime_fast"": 20, ""regime_slow"": 50, ""regime_tf"": 240, ""regime_tf_name"": ""4h""}",252,-0.05952380952380952,-0.09676513956938525,-0.032801742226910256,-0.0020814145764363537,-0.19117210589654138,-15.0,-48.17537068592843,0.3134920634920635,79.0,173.0,116.0,136.0,-1.0605340934858356,1.897043222921506,1.6587307004719374,165.87307004719372,0.13164829637273187,31.349206349206348,68.65079365079364,0.0,227.2,0.753,48.63,-0.64,-2.113,-0.3563,-0.0216,-1.1009057798925312,-0.1267373953629234,0.1533326282353913,1437,1079,1.6650776812450485,0.9097336739959898,-0.06443471053361799,564,0,0,0,226,338,28,0,58,252,True
M1|1h|5/20,M1,60,5/20,{},549,-0.04918032786885247,-0.05425821806882027,-0.018392616294515347,0.0009462703356940446,-0.12088489189649403,-27.000000000000007,-66.36580565117522,0.31693989071038253,174.0,375.0,292.0,257.0,-1.043944266096807,2.6552813669550437,2.5817139305032506,258.17139305032504,0.07170456402764158,31.693989071038253,68.30601092896174,0.0,380.9,0.835,76.84,-0.73,-1.711,-0.2336,-0.004,-0.7016625946264036,-0.03708626026409131,0.1187013335927807,3891,1726,2.65849684773603,0.5807777027299096,-0.08379863163240273,3470,2,0,0,1370,2098,81,0,1468,549,True
M2|1h|5/20|s0.00,M2,60,5/20,"{""atr_period"": 14, ""slope_lookback"": 5, ""slope_threshold"": 0.0}",482,0.11410788381742736,-0.0579008270535351,-0.01962739900119834,-0.000269983096626521,0.03630967466606742,54.999999999999986,17.501263189044494,0.37136929460580914,179.0,303.0,263.0,219.0,-1.041968589462687,2.551065200255368,2.502130740034341,250.21307400343412,0.07779820915135997,37.136929460580916,62.863070539419084,0.0,365.0,1.054,37.8,1.774,0.535,-0.0714,0.1586,-1.0039336881722587,-0.04844094477140527,0.08261221352764594,3083,1549,2.5503101239009824,1.040243362838326,0.0847506194374727,1913,1,0,0,753,1159,56,0,621,482,True
M2|1h|5/20|s0.25,M2,60,5/20,"{""atr_period"": 14, ""slope_lookback"": 5, ""slope_threshold"": 0.25}",6,0.0,-0.035079966033126825,-0.011891513909534517,0.045925078478915,-0.0010464014637463492,0.0,-0.006278408782478095,0.3333333333333333,2.0,4.0,4.0,2.0,-0.94036924218875,3.3687075481112103,3.1758243566264306,317.58243566264304,0.00104640146374634,33.33333333333333,66.66666666666666,0.0,5.0,0.998,1.04,,,,,-0.417677933499912,-0.46065976296670313,0.5553291957117114,36,30,3.6782851047926695,0.41663153203616565,0.4596133615029568,19,0,0,0,10,9,3,0,0,6,True
M2|1h|5/20|s0.50,M2,60,5/20,"{""atr_period"": 14, ""slope_lookback"": 5, ""slope_threshold"": 0.5}",0,,,,,,,,,,,,,,,,,,,,,,,,,,,,,,,0,0,,,,0,0,0,0,0,0,0,0,0,0,True
M3|1h|5/20|v1.2,M3,60,5/20,"{""atr_period"": 14, ""atr_ratio_threshold"": 1.2, ""baseline_window"": 20}",110,0.2818181818181818,-0.04498738830894434,-0.015249962138625199,-0.006437619165675387,0.21514321220493687,31.0,23.665753342543056,0.42727272727272725,47.0,63.0,52.0,58.0,-1.0255253888906006,3.0938551528998337,3.0141310700864685,301.4131070086469,0.06667496961324491,42.72727272727273,57.27272727272727,0.0,99.5,1.353,15.82,1.659,1.241,-0.1115,0.5227,-0.33727397175060064,0.015341130046927031,0.07809008837064155,668,456,3.291928925527754,0.5524171839555375,0.19980208215800985,310,0,0,0,136,174,25,0,39,110,True
M3|1h|5/20|v1.5,M3,60,5/20,"{""atr_period"": 14, ""atr_ratio_threshold"": 1.5, ""baseline_window"": 20}",8,-0.25,-0.039396803018821286,-0.013354848480956368,0.0035127904763218175,-0.29923886102345587,-2.0,-2.393910888187647,0.25,2.0,6.0,3.0,5.0,-1.041121079069969,3.184189220964496,3.250350400646323,325.03504006463226,0.04923886102345584,25.0,75.0,0.0,7.0,0.622,6.33,,,,,-0.4523797898640419,-0.5321704331831096,0.5338803791768625,60,40,3.6226810460603707,0.15314092884058605,0.23293157215965377,42,0,0,0,25,17,9,0,0,8,True
M4|1h|5/20|d0.25,M4,60,5/20,"{""arm_expiry_bars"": 10, ""atr_period"": 14, ""pullback_atr"": 0.25}",563,0.028419182948490232,-0.07601323826677657,-0.025767199412466635,-0.0013256794914003073,-0.07468693422215328,16.0,-42.0487439670723,0.3428063943161634,193.0,370.0,283.0,280.0,-1.055342609199795,2.138243538883749,1.921277489844517,192.1277489844517,0.10310611717064351,34.280639431616336,65.71936056838365,0.0,474.4,0.897,52.79,0.465,-1.217,-0.1846,0.0368,-0.12622409077900515,-0.10849003371618063,0.04226168294876099,3151,1882,1.9996954778460179,0.05153715655685187,0.03380309949402735,1787,1,0,0,728,1058,54,0,441,563,True
M4|1h|5/20|d0.5,M4,60,5/20,"{""arm_expiry_bars"": 10, ""atr_period"": 14, ""pullback_atr"": 0.5}",602,0.05149501661129568,-0.06510753472450347,-0.022070350754068973,0.0009757853631394703,-0.034707083504137294,30.999999999999996,-20.89366426949065,0.3504983388704319,211.0,391.0,283.0,319.0,-1.047814758290538,2.3661623543327037,2.1893560721681076,218.93560721681075,0.08620210011543296,35.04983388704319,64.95016611295681,0.0,453.1,0.951,52.83,0.781,-0.531,-0.1415,0.0763,-0.13668043136546476,-0.08280552783864745,0.11743211558086253,3754,1925,2.3273994938714373,0.10197334786132747,0.04809844433451015,2492,1,0,0,995,1496,87,0,807,602,True
M5|1h|5/20,M5,60,5/20,"{""regime_fast"": 20, ""regime_slow"": 50, ""regime_tf"": 1440, ""regime_tf_name"": ""1D""}",432,0.02777777777777777,-0.059420907136981706,-0.02014268038541753,-0.011071488210059622,-0.06285729795468108,11.999999999999996,-27.154352716422228,0.3425925925925926,148.0,284.0,196.0,236.0,-1.0562588032177096,2.4484892695335643,2.328157648008098,232.8157648008098,0.09063507573245887,34.25925925925926,65.74074074074075,0.0,304.5,0.912,38.66,0.366,-0.791,-0.1997,0.0668,-0.5485308231390866,-0.0896180198350083,0.10200645442938598,2581,1503,2.402774336115426,0.48567352518440554,0.02676072188032723,1589,0,0,0,684,905,42,0,431,432,True
M1|1h|9/21,M1,60,9/21,{},545,-0.014678899082568813,-0.05776260358703286,-0.019580543588824703,0.002117420006718706,-0.08990462625170767,-8.000000000000004,-48.99802130718068,0.3284403669724771,179.0,366.0,277.0,268.0,-1.044384328217206,2.516576314735131,2.4456598747414118,244.56598747414117,0.07522572716913886,32.84403669724771,67.1559633027523,0.0,415.9,0.876,94.77,-0.209,-1.213,-0.2236,0.029,-0.575458981925237,-0.05300245045623401,0.05966541836337018,3899,1704,2.4558714960066332,0.48555435567352934,-0.03690217579547366,2500,4,0,1,951,1544,69,0,930,545,True
M2|1h|9/21|s0.00,M2,60,9/21,"{""atr_period"": 14, ""slope_lookback"": 5, ""slope_threshold"": 0.0}",525,0.028571428571428564,-0.05825911562473375,-0.019748852754147037,0.0014934072518485247,-0.0479431325556037,14.999999999999996,-25.170144591691944,0.34285714285714286,180.0,345.0,283.0,242.0,-1.044064462758189,2.489938306153944,2.4131067721612656,241.31067721612655,0.07651456112703225,34.285714285714285,65.71428571428571,0.0,386.1,0.932,70.43,0.403,-0.653,-0.1675,0.0771,-0.5901553352075423,0.0029186353298490146,0.07102496212814804,3635,1714,2.442101113629637,0.5422122026519386,-0.05086176788545271,2066,2,0,1,800,1263,63,0,675,525,True
M2|1h|9/21|s0.25,M2,60,9/21,"{""atr_period"": 14, ""slope_lookback"": 5, ""slope_threshold"": 0.25}",173,0.023121387283236993,-0.059332894335637446,-0.020112845537504215,0.002238971010923416,-0.0540853815789812,4.0,-9.356771013163748,0.34104046242774566,59.0,114.0,97.0,76.0,-1.0414538387656058,2.4896827217751247,2.382411096990549,238.24110969905493,0.07720676886221825,34.104046242774565,65.89595375722543,0.0,145.9,0.924,39.72,0.166,-0.415,-0.2632,0.2065,-1.0359697401574965,0.04482266299811233,0.1053891130721206,954,724,2.4205220787218247,0.9818843585785153,-0.09890804457709353,363,0,0,0,143,220,20,0,27,173,True
M2|1h|9/21|s0.50,M2,60,9/21,"{""atr_period"": 14, ""slope_lookback"": 5, ""slope_threshold"": 0.5}",1,-1.0,-0.026143225419664275,-0.008862110311750602,-0.0021818661755395687,-1.0371872019069543,-1.0,-1.0371872019069543,0.0,0.0,1.0,1.0,0.0,-1.0371872019069543,4.413982905078197,4.413982905078197,441.39829050781975,0.037187201906954445,0.0,100.0,0.0,1.0,0.0,0.0,,,,,-0.4894070096101343,-1.0958699189689312,0.2853094171583655,6,5,4.558054179737605,-0.5477801922968201,0.05868271706197681,9,0,0,0,7,2,1,0,0,1,True
M3|1h|9/21|v1.2,M3,60,9/21,"{""atr_period"": 14, ""atr_ratio_threshold"": 1.2, ""baseline_window"": 20}",89,0.011235955056179775,-0.04690549303935348,-0.01590016713198423,-0.0029432224633874045,-0.05451292757854531,1.0,-4.851650554490533,0.33707865168539325,30.0,59.0,41.0,48.0,-1.0376765214761041,3.036051139852086,2.9618973561430777,296.1897356143078,0.06574888263472511,33.70786516853933,66.29213483146067,0.0,74.6,0.923,24.47,0.066,-0.322,-0.3548,0.251,-0.5077203711666213,-0.07053609848305789,0.22751357415342022,525,389,2.987506540477524,0.45320744358807596,0.01602317090451258,236,0,0,0,98,138,19,0,30,89,True
M3|1h|9/21|v1.5,M3,60,9/21,"{""atr_period"": 14, ""atr_ratio_threshold"": 1.5, ""baseline_window"": 20}",10,-0.1,-0.037015894704641505,-0.01254776091682763,0.030536799140566263,-0.1190268564809029,-1.0,-1.190268564809029,0.3,3.0,7.0,5.0,5.0,-1.0311481817008437,3.3254097182557714,2.9841828377667174,298.4182837766718,0.01902685648090288,30.0,70.0,0.0,9.0,0.833,4.21,,,,,-0.7283476389929124,-0.138202392931969,0.08399303631758213,69,49,3.2433662965908145,0.6093207825120095,0.019175536451066108,35,0,0,0,17,18,8,0,0,10,True
M4|1h|9/21|d0.25,M4,60,9/21,"{""arm_expiry_bars"": 10, ""atr_period"": 14, ""pullback_atr"": 0.25}",393,-0.03816793893129772,-0.09463074836621531,-0.03207821978515772,-0.0003182661391117404,-0.16519517322178248,-15.000000000000004,-64.92170307616051,0.32061068702290074,126.0,267.0,216.0,177.0,-1.0701146511627906,1.757866440665583,1.5505502229477302,155.055022294773,0.12702723429048476,32.06106870229007,67.93893129770993,0.0,331.2,0.784,64.53,-0.519,-2.26,-0.2949,-0.035,-0.040720382566287704,-0.14000704956415064,0.13461582928435764,1965,1530,1.59028480555154,-0.12447479065549477,-0.025188123657631845,908,0,0,0,361,547,16,0,138,393,True
M4|1h|9/21|d0.5,M4,60,9/21,"{""arm_expiry_bars"": 10, ""atr_period"": 14, ""pullback_atr"": 0.5}",539,0.07421150278293133,-0.08786810004592274,-0.02978579662573653,-0.0009726890697014584,-0.044415082958429386,39.999999999999986,-23.93972971459344,0.3580705009276438,193.0,346.0,278.0,261.0,-1.057601111111111,1.9613855787075987,1.7472831877263981,174.72831877263982,0.11862658574136072,35.80705009276438,64.19294990723562,0.0,415.4,0.938,32.76,1.197,-0.709,-0.1473,0.0597,-0.07491077719542513,-0.09268243033342428,0.04525855029215384,2911,1946,1.7786798793626541,0.030495694236995746,0.0482673473749949,1505,0,0,0,592,913,33,0,341,539,True
M5|1h|9/21,M5,60,9/21,"{""regime_fast"": 20, ""regime_slow"": 50, ""regime_tf"": 1440, ""regime_tf_name"": ""1D""}",390,0.04615384615384614,-0.06264893990803608,-0.021236928782385114,-0.011539994210671728,-0.04927201674724677,17.999999999999996,-19.216086531426242,0.3487179487179487,136.0,254.0,176.0,214.0,-1.055852499535721,2.326792093620158,2.2623364792666347,226.23364792666345,0.09542586290109292,34.87179487179487,65.12820512820512,0.0,287.7,0.931,37.14,0.544,-0.57,-0.1902,0.0949,-0.6462909235277842,-0.11143775410271803,0.09653839761464726,2329,1404,2.331112082674727,0.5970189067805374,0.062165737355471255,1124,0,0,0,473,651,25,0,236,390,True
M1|1h|12/26,M1,60,12/26,{},489,0.0736196319018405,-0.060280065626920176,-0.020433920551498362,0.002801604114956908,-0.0042927501616211484,36.0,-2.0991548290327415,0.35787321063394684,175.0,314.0,221.0,268.0,-1.041702925659883,2.488223176479393,2.4239341637210448,242.3934163721045,0.07791238206346164,35.787321063394685,64.21267893660531,0.0,374.7,0.994,40.02,0.961,-0.057,-0.1398,0.1175,-0.5075631861211801,-0.05520443036913686,0.06052336248241052,3318,1638,2.4753080214654855,0.503270435959559,0.050911680207515714,1963,0,0,0,757,1206,74,0,643,489,True
M2|1h|12/26|s0.00,M2,60,12/26,"{""atr_period"": 14, ""slope_lookback"": 5, ""slope_threshold"": 0.0}",479,0.09603340292275574,-0.059952534145961106,-0.020322892930834273,0.003484100221593556,0.019242076067553907,46.0,9.216954436358321,0.3653444676409186,175.0,304.0,235.0,244.0,-1.041246789053673,2.4914455373810047,2.4239341637210448,242.3934163721045,0.07679132685520183,36.53444676409186,63.465553235908146,0.0,374.2,1.028,35.2,1.289,0.263,-0.1151,0.1363,-0.5374875858319735,-0.06524059661346956,0.05658446827237418,3181,1533,2.4801222649977714,0.5567296618995274,0.08448267268102347,1718,0,0,0,671,1047,73,0,495,479,True
M2|1h|12/26|s0.25,M2,60,12/26,"{""atr_period"": 14, ""slope_lookback"": 5, ""slope_threshold"": 0.25}",220,0.10454545454545452,-0.05909573024375818,-0.020032450930087518,0.004662591079846875,0.030079864451455728,22.999999999999996,6.617570179320261,0.36818181818181817,81.0,139.0,116.0,104.0,-1.044741226475951,2.5008678818707044,2.4178588364319005,241.78588364319003,0.07446559009399882,36.81818181818181,63.18181818181819,0.0,175.6,1.044,20.58,0.93,0.261,-0.1694,0.2313,-0.5397102841232355,-0.054082585857436916,0.10086877766464684,1315,892,2.4280410061513558,0.5697901485746912,0.08416245030889265,515,0,0,0,200,315,40,0,55,220,True
M2|1h|12/26|s0.50,M2,60,12/26,"{""atr_period"": 14, ""slope_lookback"": 5, ""slope_threshold"": 0.5}",7,0.2857142857142857,-0.050446249170518105,-0.01710042344763326,-0.017218134627702716,0.20094947846843167,2.0,1.4066463492790218,0.42857142857142855,3.0,4.0,4.0,3.0,-1.046146705772967,3.132804226970564,3.583975000510611,358.39750005106106,0.08476480724585408,42.857142857142854,57.14285714285714,0.0,7.0,1.326,2.22,,,,,-0.5828966093256996,-0.06443983867516531,0.31330594205751866,38,32,3.731200902260253,0.7838460877941313,0.265389317143597,20,0,0,0,12,8,1,0,0,7,True
M3|1h|12/26|v1.2,M3,60,12/26,"{""atr_period"": 14, ""atr_ratio_threshold"": 1.2, ""baseline_window"": 20}",73,0.1917808219178082,-0.044836708574356315,-0.015198884262493665,0.00132367554457558,0.13306890462553383,14.0,9.71403003766397,0.3972602739726027,29.0,44.0,27.0,46.0,-1.0326646304164344,3.1157662183156694,3.0534351145038165,305.34351145038164,0.05871191729227441,39.726027397260275,60.273972602739725,0.0,58.6,1.207,10.43,1.108,0.777,-0.1549,0.4219,-0.441960623287806,-0.12709395532316167,0.13515066701081843,452,327,3.052824094972613,0.5750295279133398,0.2601628599486955,192,0,0,0,73,119,28,0,18,73,True
M3|1h|12/26|v1.5,M3,60,12/26,"{""atr_period"": 14, ""atr_ratio_threshold"": 1.5, ""baseline_window"": 20}",7,-0.14285714285714285,-0.03400741343824977,-0.011527936758728737,0.031761985466412214,-0.15663050758770916,-1.0,-1.096413553113964,0.2857142857142857,2.0,5.0,4.0,3.0,-1.0376765214761041,3.62332012387339,3.0534351145038165,305.34351145038164,0.013773364730566293,28.57142857142857,71.42857142857143,0.0,7.0,0.782,2.11,,,,,-1.047081288055666,0.19887995470457787,0.6295112239693487,46,35,3.9659674079409313,0.8904507804679568,-0.355510462292287,28,0,0,0,15,13,6,0,0,7,True
M4|1h|12/26|d0.25,M4,60,12/26,"{""arm_expiry_bars"": 10, ""atr_period"": 14, ""pullback_atr"": 0.25}",262,-0.10687022900763359,-0.10459283876493045,-0.03545519958133236,0.0004372304213375644,-0.24648103693255882,-28.0,-64.57803167633041,0.29770992366412213,78.0,184.0,134.0,128.0,-1.0820770692760262,1.5820588870690064,1.3353383642817223,133.53383642817224,0.13961080792492522,29.770992366412212,70.22900763358778,0.0,229.7,0.691,64.17,-1.173,-2.726,-0.4097,-0.084,-0.1043466416917032,-0.265106635974647,0.10511251508834092,1245,1134,1.374370181509145,-0.14213439524085564,0.018625599042088187,572,0,0,0,239,333,8,0,63,262,True
M4|1h|12/26|d0.5,M4,60,12/26,"{""arm_expiry_bars"": 10, ""atr_period"": 14, ""pullback_atr"": 0.5}",406,0.06403940886699508,-0.09636474714843254,-0.03266601598251951,-0.0014960420789881174,-0.06648739634294512,26.0,-26.99388291523572,0.35467980295566504,144.0,262.0,209.0,197.0,-1.0632259735856724,1.8234592460850136,1.58566958963905,158.566958963905,0.1305268052099402,35.467980295566505,64.5320197044335,0.0,334.4,0.909,38.62,0.839,-0.881,-0.1996,0.0629,-0.040578434208137046,-0.23059057500393748,0.1271938134098946,2004,1536,1.6422454036099277,-0.025908962134808075,0.16410317866099236,1002,0,0,0,393,609,21,0,182,406,True
M5|1h|12/26,M5,60,12/26,"{""regime_fast"": 20, ""regime_slow"": 50, ""regime_tf"": 1440, ""regime_tf_name"": ""1D""}",329,0.11246200607902736,-0.06364540324399835,-0.021574712964067235,-0.01169992157644516,0.015541968294516602,37.0,5.113307568895962,0.3708206686930091,122.0,207.0,148.0,181.0,-1.054503899723118,2.27962683882343,2.1987514232989125,219.87514232989125,0.09692003778451075,37.08206686930091,62.91793313069909,0.0,261.0,1.023,31.54,1.238,0.173,-0.1418,0.1699,-0.6963420038383134,-0.09957224827267543,0.07504361401197368,1901,1246,2.245920619414595,0.71188397213283,0.11511421656719203,875,0,0,0,374,501,25,0,147,329,True
M1|1h|20/50,M1,60,20/50,{},263,0.03802281368821293,-0.04839163778140736,-0.016403945010646567,-0.0007737064685766822,-0.027546475572417684,10.0,-7.244723075545851,0.34600760456273766,91.0,172.0,135.0,128.0,-1.0409948703926413,2.9195970773925857,2.8695382708397896,286.9538270839789,0.0655692892606306,34.60076045627377,65.39923954372624,0.0,235.5,0.96,40.58,0.367,-0.275,-0.2078,0.1565,-0.349813451604231,-0.0799088725609664,0.10436044957609845,2035,989,2.9128517637833995,0.3222669760318133,0.05236239698854872,1121,0,0,0,443,678,91,0,324,263,True
M2|1h|20/50|s0.00,M2,60,20/50,"{""atr_period"": 14, ""slope_lookback"": 5, ""slope_threshold"": 0.0}",264,0.045454545454545456,-0.04874030620964725,-0.016522137698185505,-0.0007760632756753524,-0.02058396172896265,12.0,-5.434165896446139,0.3484848484848485,92.0,172.0,137.0,127.0,-1.042064972549949,2.892381599435583,2.8435312614835833,284.35312614835834,0.06603850718350812,34.84848484848485,65.15151515151516,0.0,238.7,0.97,39.95,0.421,-0.207,-0.198,0.1669,-0.34533592224607773,-0.0734611521537669,0.09732363065866087,1985,1009,2.85766027208555,0.3247519605171151,0.05287719042480425,1047,0,0,0,415,632,90,0,278,264,True
M2|1h|20/50|s0.25,M2,60,20/50,"{""atr_period"": 14, ""slope_lookback"": 5, ""slope_threshold"": 0.25}",86,0.011627906976744186,-0.038810448007372676,-0.013156084070295823,0.009423372145831697,-0.030915252955092613,1.0,-2.658711754137965,0.3372093023255814,29.0,57.0,41.0,45.0,-1.0337708341136422,3.2972817855542838,3.4097527166190535,340.97527166190537,0.0425431599318368,33.72093023255814,66.27906976744185,0.0,83.8,0.955,21.85,0.071,-0.187,-0.3252,0.2935,-0.23220229310474388,-0.11030937726459829,0.20113711186999597,648,365,3.363926146908889,0.20128704014965126,0.07939412430950568,282,0,0,0,110,172,54,0,32,86,True
M2|1h|20/50|s0.50,M2,60,20/50,"{""atr_period"": 14, ""slope_lookback"": 5, ""slope_threshold"": 0.5}",2,-1.0,-0.02566470812554418,-0.008699901059506502,0.17813774910263483,-0.8562268600824159,-2.0,-1.7124537201648318,0.0,0.0,2.0,0.0,2.0,-0.8562268600824159,4.710729329192758,4.710729329192758,471.0729329192758,-0.14377313991758414,0.0,100.0,0.0,2.0,0.0,0.71,,,,,-0.25447878192409473,0.6997848793400862,1.23457858233028,34,10,2.818974875250651,-0.6017480781583211,-1.5560117394225021,14,0,0,0,4,10,8,0,0,2,True
M3|1h|20/50|v1.2,M3,60,20/50,"{""atr_period"": 14, ""atr_ratio_threshold"": 1.2, ""baseline_window"": 20}",49,-0.14285714285714285,-0.04729026882020927,-0.01603059960007094,-0.0035388289584386274,-0.2097168402358617,-7.0,-10.276125171557224,0.2857142857142857,14.0,35.0,24.0,25.0,-1.0437449547196256,3.0462992496638743,2.9149305610296183,291.4930561029619,0.06685969737871884,28.57142857142857,71.42857142857143,0.0,45.1,0.726,19.38,-0.592,-0.89,-0.6383,0.2247,-0.6054535020275252,-0.05917639019751865,0.22859966339206111,308,225,2.9434004490236307,0.39573666179166356,-0.15054045003834304,113,0,0,0,39,74,22,0,3,49,True
M3|1h|20/50|v1.5,M3,60,20/50,"{""atr_period"": 14, ""atr_ratio_threshold"": 1.5, ""baseline_window"": 20}",4,-0.25,-0.03338453876516462,-0.01131679280175072,-0.01474327998165384,-0.3094446115485692,-1.0,-1.237778446194277,0.25,1.0,3.0,3.0,1.0,-1.0536004222914945,3.7943566597139746,3.771165521262808,377.1165521262808,0.059444611548569185,25.0,75.0,0.0,4.0,0.61,2.14,,,,,-0.9093267188202987,-0.2494375922830435,0.02320785603216518,26,20,4.314975103394044,0.5998821072717295,-0.060007019265525735,16,0,0,0,7,9,5,0,0,4,True
M4|1h|20/50|d0.25,M4,60,20/50,"{""arm_expiry_bars"": 10, ""atr_period"": 14, ""pullback_atr"": 0.25}",121,-0.008264462809917356,-0.11274044474395102,-0.03821709991320373,-0.0010145672142610578,-0.16023657468133318,-1.0,-19.388625536441314,0.3305785123966942,40.0,81.0,74.0,47.0,-1.0837006666666666,1.6629402754179987,1.299743086645917,129.97430866459172,0.1519721118714158,33.057851239669425,66.94214876033058,0.0,110.0,0.791,24.44,-0.08,-1.53,-0.3511,0.0392,-0.11078583692717452,-0.21022541738172973,0.15663123632215162,574,562,1.2851897184822465,-0.04945073775415866,0.04998884270039655,215,0,0,0,82,133,5,0,7,121,True
M4|1h|20/50|d0.5,M4,60,20/50,"{""arm_expiry_bars"": 10, ""atr_period"": 14, ""pullback_atr"": 0.5}",200,-0.04,-0.10491099061508297,-0.035563047666129825,-0.0004279841248274207,-0.18090202240604022,-8.0,-36.18040448120804,0.32,64.0,136.0,111.0,89.0,-1.0704491656692188,1.8101908666746314,1.5184501547747646,151.84501547747647,0.14090202240604022,32.0,68.0,0.0,180.4,0.766,48.48,-0.441,-1.948,-0.3462,-0.0021,-0.1888975664521592,-0.15872069316852122,0.08363858199088174,942,855,1.533754843973072,0.007995544046118963,-0.022181329237519004,404,0,0,0,154,250,12,0,38,200,True
M5|1h|20/50,M5,60,20/50,"{""regime_fast"": 20, ""regime_slow"": 50, ""regime_tf"": 1440, ""regime_tf_name"": ""1D""}",196,-0.0663265306122449,-0.058850263798114186,-0.01994924196546244,-0.012712650277114892,-0.15783868665293643,-13.0,-30.936382583975544,0.3112244897959184,61.0,135.0,98.0,98.0,-1.0516781889998987,2.505900908203756,2.458213146192176,245.8213146192176,0.09151215604069153,31.122448979591837,68.87755102040816,0.0,160.4,0.79,38.72,-0.713,-1.7,-0.3275,-0.002,-0.43622941553105854,-0.1176942895609745,0.0563859231479323,1156,791,2.506913132544942,0.2783907288781221,-0.040144397091961936,493,0,0,0,215,278,35,0,47,196,True
M1|1h|50/200,M1,60,50/200,{},98,0.1326530612244898,-0.05539036674320623,-0.0187763955061716,-0.002248797735094791,0.056237501240017175,13.0,5.511275121521683,0.37755102040816324,37.0,61.0,51.0,47.0,-1.0323201672724451,2.8210985124735766,2.8719341897743647,287.19341897743647,0.07641555998447262,37.755102040816325,62.244897959183675,0.0,89.2,1.084,12.05,1.015,0.449,-0.1643,0.2973,-0.2690354802855067,-0.002155545483556635,0.014371148476358007,718,421,2.9332892066443113,0.3252729815255239,0.05839304672357381,347,0,0,0,143,204,80,0,26,98,True
M2|1h|50/200|s0.00,M2,60,50/200,"{""atr_period"": 14, ""slope_lookback"": 5, ""slope_threshold"": 0.0}",95,0.1368421052631579,-0.055829978330512134,-0.018925416383224456,-0.0019520857180431827,0.06013462483137809,13.0,5.712789358980919,0.37894736842105264,36.0,59.0,48.0,47.0,-1.0320973254227093,2.8098617688984877,2.86335628851033,286.335628851033,0.07670748043177976,37.89473684210527,62.10526315789474,0.0,86.5,1.09,15.52,0.943,0.405,-0.2318,0.3153,-0.28310653239819866,-0.09710761012606076,0.0614102636339176,700,405,2.898113429952517,0.34324115722957677,0.15724223495743883,340,0,0,0,141,199,80,0,24,95,True
M2|1h|50/200|s0.25,M2,60,50/200,"{""atr_period"": 14, ""slope_lookback"": 5, ""slope_threshold"": 0.25}",1,2.0,-0.030013455362877327,-0.010174052665382145,-0.029322157996146434,1.930490333975594,2.0,1.930490333975594,1.0,1.0,0.0,1.0,0.0,1.930490333975594,4.092468228831268,4.092468228831268,409.24682288312675,0.0695096660244059,100.0,0.0,0.0,1.0,,0.0,,,,,-0.5926573813826504,-1.085422189429868,0.3009703251721843,18,5,4.456364761708273,2.5231477153582444,3.0159125234054622,10,0,0,0,2,8,7,0,0,1,True
M2|1h|50/200|s0.50,M2,60,50/200,"{""atr_period"": 14, ""slope_lookback"": 5, ""slope_threshold"": 0.5}",0,,,,,,,,,,,,,,,,,,,,,,,,,,,,,,,0,0,,,,0,0,0,0,0,0,0,0,0,0,True
M3|1h|50/200|v1.2,M3,60,50/200,"{""atr_period"": 14, ""atr_ratio_threshold"": 1.2, ""baseline_window"": 20}",11,0.36363636363636365,-0.04026298021189056,-0.013648467868437476,0.004399353218701641,0.31412426877473726,4.0,3.4553669565221097,0.45454545454545453,5.0,6.0,6.0,5.0,-0.954229863208,3.255089188407343,3.3944064980616453,339.4406498061645,0.049512094861626395,45.45454545454545,54.54545454545454,0.0,10.0,1.556,3.05,,,,,-0.7622359139433578,-0.19642086513866286,0.3169905220871,99,54,2.7399210384674064,1.076360182718095,0.5105451339134002,42,0,0,0,13,29,18,0,0,11,True
M3|1h|50/200|v1.5,M3,60,50/200,"{""atr_period"": 14, ""atr_ratio_threshold"": 1.5, ""baseline_window"": 20}",1,-1.0,-0.04663541538461538,-0.015808615384615383,0.10821416756123077,-0.954229863208,-1.0,-0.954229863208,0.0,0.0,1.0,0.0,1.0,-0.954229863208,2.5626872733007415,2.5626872733007415,256.2687273300741,-0.04577013679200001,0.0,100.0,0.0,1.0,0.0,0.0,,,,,-0.2855808890192647,-1.0527131224650839,0.05306267547985196,19,5,4.059287484194352,-0.6686489741887353,0.0984832592570839,9,0,0,0,2,7,6,0,0,1,True
M4|1h|50/200|d0.25,M4,60,50/200,"{""arm_expiry_bars"": 10, ""atr_period"": 14, ""pullback_atr"": 0.25}",19,-0.21052631578947367,-0.17675183987880458,-0.05991587792501849,-0.003371452675146252,-0.450565486268443,-4.0,-8.560744239100417,0.2631578947368421,5.0,14.0,13.0,6.0,-1.0831017644715977,1.4903018807230324,1.00878801008788,100.878801008788,0.24003917047896933,26.31578947368421,73.68421052631578,0.0,19.0,0.519,9.88,,,,,-0.5039811727003782,-0.9387931354532025,1.3947649057398817,89,93,1.2402871855447601,0.05341568643193523,0.4882276491847595,32,0,0,0,12,20,0,0,1,19,True
M4|1h|50/200|d0.5,M4,60,50/200,"{""arm_expiry_bars"": 10, ""atr_period"": 14, ""pullback_atr"": 0.5}",30,-0.4,-0.16351730541690887,-0.055429595056579274,-0.00121535959541772,-0.6201622600689057,-12.0,-18.604867802067172,0.2,6.0,24.0,19.0,11.0,-1.1088740911910222,1.4528515852709607,1.0667812514634336,106.67812514634336,0.22016226006890585,20.0,80.0,0.0,28.9,0.37,21.83,-1.894,-2.639,-1.0706,-0.1735,-0.5432066422848562,-0.17371393258803308,0.24698458584561278,135,146,1.136559820452322,-0.07695561778404958,-0.44644832748087265,56,0,0,0,25,31,0,0,1,30,True
M5|1h|50/200,M5,60,50/200,"{""regime_fast"": 20, ""regime_slow"": 50, ""regime_tf"": 1440, ""regime_tf_name"": ""1D""}",44,0.36363636363636365,-0.0517561697882285,-0.017544464334992713,-0.0215092334531094,0.272826496060033,16.0,12.004365826641452,0.45454545454545453,20.0,24.0,21.0,23.0,-1.0335801586563225,2.7895281823792772,2.68422425604225,268.422425604225,0.0908098675763306,45.45454545454545,54.54545454545454,0.0,41.7,1.46,7.68,1.866,1.348,-0.1322,0.633,-0.041596777344103976,0.030443622109097505,0.3159840746032029,296,211,2.697785413582591,0.314423273404137,0.2423828739509355,141,0,0,0,63,78,31,0,3,44,True
