symbol,family,timeframe_min,confirm_min,spec_hash,bars,signals,status,trades,trades_per_day,days,rej_cost,rej_cooldown,initial_capital,total_pnl,final_equity,return_pct,max_dd_pct,total_fees,total_funding,optimistic_pnl,gross_win,gross_loss,avg_win,avg_loss,best_trade,worst_trade,profit_factor,win_rate,net_r,net_r_lo,net_r_hi,gross_r,cost_r,bars_held,median_r_bps,avg_leverage,ambiguous_pct
AKEUSD,atr_arm,1,1,56f6ae1069b6,30046,6636.0,ok,479.0,22.956799573986554,20.865277777777777,3675.0,1040.0,10000.0,-3568.337707118031,6431.662292881965,-35.68337707118031,38.31524417903186,1820.472125372,-4.153418253977701,-3572.4911253720156,7590.167965215307,-11158.505672333338,53.45188707898104,-33.11129279624136,99.73364912799973,-59.521971599999944,0.6802136583605947,0.2964509394572025,-0.18304144230045455,-0.28159607874590303,-0.0835847379909508,-0.08132938367776577,0.10171205862268876,13.10438413361169,149.3621244765054,0.3196763859223657,0.0
AKEUSD,atr_pullback,1,1,110100b16667,30046,411.0,ok,97.0,4.648871730013979,20.865277777777777,261.0,13.0,10000.0,-1385.858077090523,8614.141922909486,-13.85858077090523,14.886981358920467,417.55080923,-13.494732139484398,-1399.3528092299966,1537.7235296976341,-2923.581606788157,59.14321268067824,-41.17720572941066,96.78362831999985,-57.27448951999979,0.5259725010334072,0.26804123711340205,-0.30633674914653536,-0.5131658659576391,-0.08073488150955473,-0.20687149808036784,0.09946525106616742,11.412371134020619,160.03311029868192,0.3131114382725918,0.0
AKEUSD,atr_arm,5,1,5104b68fd7d7,6009,761.0,ok,143.0,6.853719420868697,20.864583333333332,23.0,200.0,10000.0,-1094.3049536660508,8905.695046333936,-10.943049536660508,13.302528109029637,452.590643644,-33.02968997795399,-978.0313992240117,3091.2503964803104,-4185.555350146362,79.26283067898233,-40.24572452063809,118.05977407618798,-55.460622600000605,0.7385520290329489,0.2727272727272727,-0.15961475916682857,-0.34910073485347864,0.03305622840434073,-0.08844556155301028,0.07116919761381828,14.258741258741258,260.39652460876056,0.22340446451820473,0.6993006993006993
AKEUSD,atr_pullback,5,1,f657e49360af,6009,25.0,ok,16.0,0.7668497254118822,20.864583333333332,1.0,2.0,10000.0,295.96122657863293,10295.961226578633,2.9596122657863293,1.0745322791999934,49.029014606000004,-8.8332411846337,287.12798539399955,679.8414026850771,-383.88017610644425,97.12020038358244,-42.65335290071603,100.27037423941972,-53.278846499999894,1.7709729363481568,0.4375,0.3732022887483576,-0.315985612077485,1.090481552884804,0.44919914968654423,0.07599686093818668,13.625,209.34168913568362,0.23779671125795504,0.0
AKEUSD,atr_arm,15,3,6f52cca22769,2002,180.0,ok,32.0,1.5344655344655345,20.854166666666668,0.0,24.0,10000.0,-896.3441754334036,9103.65582456659,-8.963441754334037,9.051718826987964,76.437734458,5.135440975403201,-742.1222468480046,307.414042416332,-1203.7582178497357,61.482808483266396,-44.58363769813836,95.8378308131113,-54.372601605056346,0.2553785617891468,0.15625,-0.5895915383688043,-0.8755425757326916,-0.24981623684168333,-0.5371502816930536,0.05244125667575078,12.5625,341.0732489929411,0.16452675003223927,3.125
AKEUSD,atr_pullback,15,3,a6e9ca369d7d,2002,9.0,ok,1.0,0.04795204795204795,20.854166666666668,0.0,0.0,10000.0,-51.044705640000075,9948.95529436,-0.5104470564000008,0.5104470564000075,2.26470564,0.0,-51.04470564000076,0.0,-51.044705640000075,,-51.044705640000075,-51.044705640000075,-51.044705640000075,0.0,0.0,-1.046426929889299,-1.046426929889299,-1.046426929889299,-0.9992100000000002,0.04721692988929882,3.0,334.62573778183935,0.14652272091587226,0.0
AKEUSD,atr_arm,30,6,c1286ae7a972,1000,51.0,ok,4.0,0.192,20.833333333333332,0.0,1.0,10000.0,-77.38838365212881,9922.611616347873,-0.7738838365212881,0.8692430179655163,7.7984336500000015,7.7949500021289,-69.59343364999768,9.619535283234987,-87.00791893536379,9.619535283234987,-29.002639645121263,9.619535283234987,-50.864934399999974,0.11055930771521062,0.25,-0.39783634000846513,-0.8679199079126785,0.07224722789574814,-0.3573320516284132,0.04050428838005196,24.0,386.40777803233107,0.12481968552927153,0.0
AKEUSD,atr_pullback,30,6,3494116be2ba,1000,3.0,ok,0.0,0.0,20.833333333333332,0.0,0.0,10000.0,0.0,10000.0,0.0,0.0,0.0,0.0,0.0,0.0,0.0,,,,,,,,,,,,0.0,,0.0,
AKEUSD,atr_arm,60,12,5487f1778e24,500,14.0,ok,1.0,0.048,20.833333333333332,0.0,0.0,10000.0,-52.518251293379926,9947.48174870662,-0.5251825129337993,0.5251825129338067,1.67481975,0.9184315433800001,-51.59981975000119,0.0,-52.518251293379926,,-52.518251293379926,-52.518251293379926,-52.518251293379926,0.0,0.0,-1.0519429402780172,-1.0519429402780172,-1.0519429402780172,-1.017606225205408,0.034336715072608964,1.0,460.1488513560214,0.1090703182381882,0.0
AKEUSD,atr_pullback,60,12,65d4c9d56bc9,500,2.0,ok,0.0,0.0,20.833333333333332,0.0,0.0,10000.0,0.0,10000.0,0.0,0.0,0.0,0.0,0.0,0.0,0.0,,,,,,,,,,,,0.0,,0.0,
AKEUSD,atr_arm,240,48,c9fa0fb9e041,124,,too_short,,,,,,,,,,,,,,,,,,,,,,,,,,,,,,
AKEUSD,atr_pullback,240,48,81c45fd8782e,124,,too_short,,,,,,,,,,,,,,,,,,,,,,,,,,,,,,
BANKUSD,atr_arm,1,1,56f6ae1069b6,30046,6780.0,ok,549.0,26.31165546162551,20.865277777777777,2967.0,1219.0,10000.0,-743.9189590566615,9256.081040943316,-7.439189590566615,23.6940199323275,2459.472101974,171.4138570826649,-572.5051019740149,14295.994548899947,-15039.91350795661,79.86589133463657,-40.64841488636922,117.6492536579999,-102.79576156645801,0.9505370188024616,0.32604735883424407,-0.024296449298097215,-0.12451272505112189,0.07970813567904489,0.06902207395577374,0.09331852325387095,13.448087431693988,168.78516357574313,0.29448503154173644,0.0
BANKUSD,atr_pullback,1,1,110100b16667,30046,357.0,ok,95.0,4.553018704652866,20.865277777777777,183.0,12.0,10000.0,-413.0709926288356,9586.929007371169,-4.130709926288356,11.77360267047767,360.68208295400007,27.596909674838,-385.4740829539951,2345.6151322731334,-2758.6861249019685,78.18717107577112,-42.44132499849182,102.46427378400014,-57.23386107000021,0.850265316920201,0.3157894736842105,-0.08481157329868445,-0.3343181319095427,0.1698254936592373,-0.0010177981189652752,0.08379377517971917,11.694736842105263,188.98056960340574,0.2644615215899429,0.0
BANKUSD,atr_arm,5,1,5104b68fd7d7,6009,641.0,ok,126.0,6.038941587618573,20.864583333333332,5.0,133.0,10000.0,-540.7679535488205,9459.232046451185,-5.407679535488205,7.428979984855869,396.5832919300001,2.6846616188241037,-538.0832919299901,3006.853204784683,-3547.621158333504,73.33788304352885,-41.73671950980593,100.8069436504542,-57.74930933802389,0.8475688554628965,0.3253968253968254,-0.08508599998944928,-0.29168186016835357,0.1441725874542071,-0.013434252357218119,0.07165174763223112,15.15079365079365,246.33396783064424,0.2260127628619139,0.0
BANKUSD,atr_pullback,5,1,f657e49360af,6009,21.0,ok,15.0,0.7189216175736396,20.864583333333332,3.0,1.0,10000.0,58.60136264154054,10058.601362641542,0.5860136264154053,3.100005253452478,45.848495416,-7.0128580575398,51.588504584002294,498.8168673351223,-440.21550469358175,99.76337346702446,-44.021550469358175,103.77479400712227,-55.46281124999974,1.1331197152683907,0.3333333333333333,0.08252410130686363,-0.5635743875114357,0.8096340909920526,0.15036447037149675,0.06784036906463303,9.533333333333333,211.24382081120245,0.214304919615998,0.0
BANKUSD,atr_arm,15,3,6f52cca22769,2002,167.0,ok,21.0,1.0069930069930069,20.854166666666668,0.0,15.0,10000.0,345.65854166110984,10345.65854166111,3.4565854166110985,1.9537998924875166,38.964567888,0.18289045088970468,345.84143211200353,811.4790758261456,-465.8205341650357,90.16434175846062,-38.81837784708631,115.15341102722076,-54.11714112000022,1.742042302365843,0.42857142857142855,0.33103498790053865,-0.2610298292287282,0.9310105910790656,0.37376009482277156,0.04272510692223296,19.047619047619047,422.6009806210614,0.13439830532212382,0.0
BANKUSD,atr_pullback,15,3,a6e9ca369d7d,2002,4.0,ok,1.0,0.04795204795204795,20.854166666666668,0.0,0.0,10000.0,-52.61872568236878,9947.38127431763,-0.5261872568236878,0.5261872568237049,2.2635712,0.7751544823687001,-51.84357120000095,0.0,-52.61872568236878,,-52.61872568236878,-52.61872568236878,-52.61872568236878,0.0,0.0,-1.0612893441381341,-1.0612893441381341,-1.0612893441381341,-1.0164244187649998,0.04486492537313425,14.0,352.1681997371885,0.14152971130550895,0.0
BANKUSD,atr_arm,30,6,c1286ae7a972,1000,46.0,ok,4.0,0.192,20.833333333333332,0.0,0.0,10000.0,-147.57747945027197,9852.422520549728,-1.4757747945027198,1.4757747945027222,7.09923309,1.3152463602720008,-146.26223309000125,0.0,-147.57747945027197,,-36.89436986256799,-22.040353687968,-51.68223060000015,0.0,0.0,-0.7426265443296958,-1.0377438193403299,-0.44750926931906143,-0.7070843394675498,0.035542204862145876,7.5,435.03459205568623,0.11273162757818679,0.0
BANKUSD,atr_pullback,30,6,3494116be2ba,1000,0.0,ok,0.0,0.0,20.833333333333332,0.0,0.0,10000.0,0.0,10000.0,0.0,0.0,0.0,0.0,0.0,0.0,0.0,,,,,,,,,,,,0.0,,0.0,
BANKUSD,atr_arm,60,12,5487f1778e24,500,14.0,ok,0.0,0.0,20.833333333333332,0.0,0.0,10000.0,0.0,10000.0,0.0,0.0,0.0,0.0,0.0,0.0,0.0,,,,,,,,,,,,0.0,,0.0,
BANKUSD,atr_pullback,60,12,65d4c9d56bc9,500,0.0,ok,0.0,0.0,20.833333333333332,0.0,0.0,10000.0,0.0,10000.0,0.0,0.0,0.0,0.0,0.0,0.0,0.0,,,,,,,,,,,,0.0,,0.0,
BANKUSD,atr_arm,240,48,c9fa0fb9e041,124,,too_short,,,,,,,,,,,,,,,,,,,,,,,,,,,,,,
BANKUSD,atr_pullback,240,48,81c45fd8782e,124,,too_short,,,,,,,,,,,,,,,,,,,,,,,,,,,,,,
BEATUSD,atr_arm,1,1,56f6ae1069b6,314854,62478.0,ok,2883.0,13.185539964555,218.6486111111111,37024.0,6611.0,10000.0,-8720.407107461398,1279.485101778585,-87.20407107461399,88.52382467837019,5581.036039142,192.3830683193977,-8490.208538828027,23286.36152888131,-32006.76863634271,26.49187887244745,-15.971441435300752,97.6109696639998,-59.151099426341624,0.7275449075618448,0.3048907388137357,-0.14137774315493598,-0.18487521551694108,-0.09783042924200348,-0.03217567935952979,0.10920206379540619,11.88935137010059,137.15405339211304,0.34051587987877424,0.0693721817551162
BEATUSD,atr_pullback,1,1,110100b16667,314854,4587.0,ok,609.0,2.7852909602545943,218.6486111111111,2836.0,86.0,10000.0,-5320.291412972109,4679.708587027903,-53.202914129721094,54.84784389951221,2250.33125805,19.347154922104295,-5300.944258049996,9496.774146043437,-14817.065559015546,58.26241807388612,-33.2221200874788,104.46401169036042,-60.921779921596034,0.6409348806764953,0.2676518883415435,-0.24806041545352897,-0.34165661949518145,-0.15814941866973142,-0.14284888992646697,0.10521152552706202,10.182266009852217,144.96732743946077,0.33158589407274286,0.0
BEATUSD,atr_arm,5,1,5104b68fd7d7,62961,7452.0,ok,1091.0,4.990517939676943,218.61458333333334,166.0,1279.0,10000.0,-4009.7035971404216,5990.29640285958,-40.09703597140422,43.44367565549599,2807.8078833480004,16.074713792423914,-3993.6288833480057,18790.938364891685,-22800.641962032107,53.99694932440139,-30.68727047379826,101.88317593529983,-60.100388276564814,0.8241407586761186,0.31897341888175984,-0.08994903795705625,-0.16314055331002514,-0.01864605647604592,-0.014215859316127068,0.07573317864092918,13.28230980751604,224.59893048128242,0.2384280544439374,0.0
BEATUSD,atr_pullback,5,1,f657e49360af,62961,432.0,ok,170.0,0.7776242435793587,218.61458333333334,6.0,10.0,10000.0,-23.835588900796722,9976.16441109919,-0.23835588900796723,7.457297776465591,552.734536454,36.224052446801096,12.388463545992636,4715.425602978184,-4739.26119187898,79.92246784708786,-42.6960467736845,105.9062769269232,-66.21225868043962,0.9949706108324141,0.34705882352941175,0.0004974750579232618,-0.19435894339998222,0.20000943645417005,0.07329097062844933,0.07279349557052611,10.870588235294118,230.03586552641713,0.22928305129201,0.0
BEATUSD,atr_arm,15,3,6f52cca22769,20970,2313.0,ok,232.0,1.0620886981402002,218.4375,0.0,184.0,10000.0,-1927.6480063239437,8072.351993676042,-19.276480063239436,23.76761422548467,465.02612476600007,72.805881557947,-1854.8421247660208,4180.507024319213,-6108.155030643156,64.31549268183404,-36.575778626605725,101.37243678670787,-60.95581316781198,0.6844140339180337,0.2801724137931034,-0.18114308308052374,-0.32155450625628146,-0.021806417970631157,-0.13069611492445293,0.0504469681560708,13.107758620689655,347.2646018716953,0.15870510355730114,0.0
BEATUSD,atr_pullback,15,3,a6e9ca369d7d,20970,104.0,ok,32.0,0.1464949928469242,218.4375,0.0,0.0,10000.0,-364.73434501799625,9635.265654982004,-3.647343450179962,5.874760544689821,66.92082811200001,10.735516905997201,-353.9988281119968,682.2559176505795,-1046.9902626685757,85.28198970632243,-43.62459427785732,98.30896138799986,-53.6171563678079,0.6516353990835034,0.25,-0.22836990456673778,-0.6053065551422391,0.22762909329893682,-0.1820786025450698,0.04629130202166794,8.71875,380.6703753709179,0.14574625313138798,0.0
BEATUSD,atr_arm,30,6,c1286ae7a972,10481,863.0,ok,52.0,0.23814521515122603,218.35416666666666,0.0,24.0,10000.0,33.98228040128711,10033.98228040129,0.3398228040128711,7.857397152337212,88.62958614000001,21.281133458714194,55.26341386000422,1480.9987333828951,-1447.0164529816077,87.11757255193501,-41.343327228045936,103.29947952105866,-56.99894513980094,1.023484377341575,0.3269230769230769,0.01821939250231957,-0.32823337918868556,0.3928654586124834,0.0574930214626866,0.03927362896036703,13.153846153846153,439.1331340721879,0.12326287050732286,0.0
BEATUSD,atr_pullback,30,6,3494116be2ba,10481,43.0,ok,4.0,0.018318862703940463,218.35416666666666,0.0,0.0,10000.0,10.66913258604108,10010.669132586041,0.1066913258604108,1.027855878475966,6.621142972000001,4.9937244419586,15.662857028000872,114.63298228068297,-103.96384969464188,57.31649114034148,-51.98192484732094,99.29976047238411,-52.04448609464184,1.1026234851573695,0.5,0.057080459436155084,-1.0393073470889367,1.2416255001505638,0.0931047361459571,0.036024276709802135,11.0,453.59950134432995,0.11310453428690817,0.0
BEATUSD,atr_arm,60,12,5487f1778e24,5237,184.0,ok,3.0,0.01374832919610464,218.20833333333334,0.0,2.0,10000.0,-6.390178756350835,9993.609821243648,-0.06390178756350835,1.0356980345235207,4.893325354,0.33185340235079996,-6.058325354000772,95.74983070528005,-102.14000946163088,95.74983070528005,-51.07000473081544,95.74983070528005,-51.46595176163085,0.9374370651615093,0.3333333333333333,-0.035183247820745,-1.038275164938737,1.965348851685788,0.0017849997785120604,0.036968247599257036,6.666666666666667,421.50007945336125,0.11550609391515486,0.0
BEATUSD,atr_pullback,60,12,65d4c9d56bc9,5237,12.0,ok,0.0,0.0,218.20833333333334,0.0,0.0,10000.0,0.0,10000.0,0.0,0.0,0.0,0.0,0.0,0.0,0.0,,,,,,,,,,,,0.0,,0.0,
BEATUSD,atr_arm,240,48,c9fa0fb9e041,1308,0.0,ok,0.0,0.0,218.0,0.0,0.0,10000.0,0.0,10000.0,0.0,0.0,0.0,0.0,0.0,0.0,0.0,,,,,,,,,,,,0.0,,0.0,
BEATUSD,atr_pullback,240,48,81c45fd8782e,1308,0.0,ok,0.0,0.0,218.0,0.0,0.0,10000.0,0.0,10000.0,0.0,0.0,0.0,0.0,0.0,0.0,0.0,,,,,,,,,,,,0.0,,0.0,
BTCUSD,atr_arm,1,1,56f6ae1069b6,847204,197476.0,ok,31.0,0.05269096935330806,588.3361111111111,197148.0,66.0,10000.0,-135.22740246300003,9864.772597536992,-1.3522740246300002,4.170119503910046,184.26590246300006,0.0,-135.22740246300782,611.4142966520001,-746.6416991150002,76.42678708150001,-32.462682570217396,92.760417864,-56.007613965,0.8188858154811255,0.25806451612903225,-0.0843349588371578,-0.4320365560035972,0.2937893936488379,0.04681081094767269,0.13114576978483047,17.903225806451612,115.82149055728352,0.4108294775110623,0.0
BTCUSD,atr_pullback,1,1,110100b16667,847204,9265.0,ok,0.0,0.0,588.3361111111111,9262.0,0.0,10000.0,0.0,10000.0,0.0,0.0,0.0,0.0,0.0,0.0,0.0,,,,,,,,,,,,0.0,,0.0,
BTCUSD,atr_arm,5,1,5104b68fd7d7,169474,25212.0,ok,119.0,0.2022257101384283,588.4513888888889,24598.0,158.0,10000.0,-703.3383259206164,9296.661674079378,-7.033383259206164,7.31076564293539,664.1289945239998,1.4208313966165498,-701.9174945240065,2340.391156330255,-3043.7294822508716,55.72359896024417,-39.52895431494638,93.258908286,-56.054177790000004,0.7689221956083659,0.35294117647058826,-0.12225466001464066,-0.30309834816867237,0.08444370676579963,0.00435875439243901,0.12661341440707966,19.831932773109244,117.67547141220037,0.39661121984320363,0.0
BTCUSD,atr_pullback,5,1,f657e49360af,169474,863.0,ok,6.0,0.010196254292693864,588.4513888888889,856.0,0.0,10000.0,-30.865338957549604,9969.134661042452,-0.30865338957549604,1.0941041640960734,33.649891554,-1.6655525964504,-32.53089155399903,156.84687552245038,-187.71221448,78.42343776122519,-46.92805362,95.010331806,-57.2876032,0.8355709614153095,0.3333333333333333,-0.10066361133797745,-1.0127953088838095,0.9142220657170244,0.018829076514212357,0.11949268785218985,22.666666666666668,131.27433897498565,0.3746360592408043,0.0
BTCUSD,atr_arm,15,3,6f52cca22769,56491,8215.0,ok,279.0,0.4741286222584129,588.4479166666666,6792.0,391.0,10000.0,-1539.938848792941,8460.06115120706,-15.399388487929407,20.448503827406476,1549.228987979,-6.465139186058948,-1546.4039879789962,5526.4676205506585,-7066.4064693436,55.82290525808746,-39.257813718575555,99.739786964481,-58.888280255,0.782076101130935,0.3548387096774194,-0.11813937576756314,-0.24301579659722847,0.011567600316599714,0.005704585768623172,0.12384396153618629,20.741935483870968,121.3393513173087,0.3878353487319795,0.0
BTCUSD,atr_pullback,15,3,a6e9ca369d7d,56491,247.0,ok,20.0,0.0339877148572339,588.4479166666666,221.0,0.0,10000.0,-113.27016238540831,9886.729837614594,-1.1327016238540832,4.343113691885837,111.895774198,10.0953881874083,-103.17477419799798,472.251422579079,-585.5215849644874,78.7085704298465,-41.82297035460624,97.828403726,-57.7374494,0.8065482720124172,0.3,-0.10638974776068814,-0.6152720770266475,0.4332347792433843,0.01663093115929668,0.1230206789199848,18.95,134.03945556576218,0.3853245008916936,0.0
BTCUSD,atr_arm,30,6,c1286ae7a972,28245,3990.0,ok,332.0,0.5642060541688795,588.4375,2399.0,485.0,10000.0,-1801.8734767496258,8198.126523250388,-18.01873476749626,21.258429541470917,1670.5039399979999,-4.7659632483742955,-1806.6394399979854,6547.35974928931,-8349.233226038934,59.52145226626645,-37.609158675851056,98.19423295856889,-58.1488022214144,0.7841869513082851,0.3313253012048193,-0.11737013521723441,-0.24336448402874308,0.013702815686603153,0.0020447148994688948,0.11941485011670332,18.460843373493976,126.37776750007954,0.3736539814618154,0.0
BTCUSD,atr_pullback,30,6,3494116be2ba,28245,110.0,ok,25.0,0.04248539564524695,588.4375,83.0,1.0,10000.0,350.34724179662635,10350.347241796626,3.5034724179662637,1.9430227542855523,132.057963906,3.4347942973736023,353.7820360939968,841.7615648500272,-491.41432305340095,76.52377862272975,-35.10102307524293,102.605851113804,-59.042235675,1.712936569735585,0.44,0.27844467145327856,-0.2016228292940903,0.7428414371286602,0.39474051554841244,0.11629584409513391,22.68,131.4208041207612,0.363846261276134,0.0
BTCUSD,atr_arm,60,12,5487f1778e24,14122,2003.0,ok,325.0,0.5523296983430109,588.4166666666666,517.0,502.0,10000.0,-2272.1601853368184,7727.839814663172,-22.721601853368185,27.637335693472654,1437.9928699949999,-13.122684658181797,-2285.282869995008,6383.8887209483855,-8656.048906285205,60.798940199508436,-39.34567684675093,99.2276234613202,-57.8055680658216,0.73750608274787,0.3230769230769231,-0.1565569284524203,-0.2800451153497013,-0.022585092741988173,-0.046274599128688164,0.11028232932373212,16.338461538461537,139.33259150244686,0.3444702438138674,0.0
BTCUSD,atr_pullback,60,12,65d4c9d56bc9,14122,54.0,ok,28.0,0.04758532785724402,588.4166666666666,24.0,0.0,10000.0,-476.3745505192967,9523.625449480707,-4.763745505192967,5.524825043002977,131.64666620600002,10.543384313296652,-465.83116620599867,398.89094974935745,-875.2655002686541,66.48182495822624,-39.784795466757004,96.08685742015021,-55.38633912,0.45573708734883506,0.21428571428571427,-0.3483910139396836,-0.7003807507073269,0.0805401349844826,-0.24679494120934556,0.10159607273033802,16.571428571428573,148.28458490168174,0.3170511154546901,0.0
BTCUSD,atr_arm,240,48,c9fa0fb9e041,3530,494.0,ok,124.0,0.21076487252124645,588.3333333333334,2.0,178.0,10000.0,742.2843402909407,10733.19608920071,7.4228434029094075,3.6959499128918667,400.412596021,-2.0849363119407114,737.1019676340056,3784.857174659223,-3042.572834368282,66.4010030641969,-45.411534841317646,116.8384670803875,-65.7159775571598,1.243966005318344,0.4596774193548387,0.1211651805531703,-0.08433584876622277,0.3386106836085936,0.1902149259546692,0.06904974540149894,11.0,245.05543447680355,0.2142402463819117,0.0
BTCUSD,atr_pullback,240,48,81c45fd8782e,3530,24.0,ok,14.0,0.023796033994334276,588.3333333333334,0.0,0.0,10000.0,67.53722950930113,10067.537229509302,0.6753722950930112,2.113434900639204,47.54416407000001,11.410106420698897,78.94733593000456,337.58828113178424,-270.05105162248316,56.26471352196404,-33.756381452810395,89.68976118072865,-54.198528885790395,1.2500905999200274,0.42857142857142855,0.10136166751455042,-0.4426607937890861,0.6530480907981465,0.17385607550582366,0.07249440799127325,15.071428571428571,229.62782562631443,0.2254766080207818,0.0
DOGEUSD,atr_arm,1,1,56f6ae1069b6,1435,295.0,ok,1.0,1.0034843205574913,0.9965277777777778,280.0,4.0,10000.0,-11.453647484734073,9988.546352515268,-0.11453647484734074,0.11453647484731845,5.9703665400000006,-0.5767190552661,-12.030366539998795,0.0,-11.453647484734073,,-11.453647484734073,-11.453647484734073,-11.453647484734073,0.0,0.0,-0.22965259283900594,-0.22965259283900594,-0.22965259283900594,-0.10984712503827751,0.11980546780072843,32.0,131.88045829661152,0.3786079441927703,0.0
DOGEUSD,atr_pullback,1,1,110100b16667,1435,9.0,ok,0.0,0.0,0.9965277777777778,9.0,0.0,10000.0,0.0,10000.0,0.0,0.0,0.0,0.0,0.0,0.0,0.0,,,,,,,,,,,,0.0,,0.0,
DOGEUSD,atr_arm,5,1,5104b68fd7d7,287,,too_short,,,,,,,,,,,,,,,,,,,,,,,,,,,,,,
DOGEUSD,atr_pullback,5,1,f657e49360af,287,,too_short,,,,,,,,,,,,,,,,,,,,,,,,,,,,,,
DOGEUSD,atr_arm,15,3,6f52cca22769,95,,too_short,,,,,,,,,,,,,,,,,,,,,,,,,,,,,,
DOGEUSD,atr_pullback,15,3,a6e9ca369d7d,95,,too_short,,,,,,,,,,,,,,,,,,,,,,,,,,,,,,
DOGEUSD,atr_arm,30,6,c1286ae7a972,47,,too_short,,,,,,,,,,,,,,,,,,,,,,,,,,,,,,
DOGEUSD,atr_pullback,30,6,3494116be2ba,47,,too_short,,,,,,,,,,,,,,,,,,,,,,,,,,,,,,
DOGEUSD,atr_arm,60,12,5487f1778e24,24,,too_short,,,,,,,,,,,,,,,,,,,,,,,,,,,,,,
DOGEUSD,atr_pullback,60,12,65d4c9d56bc9,24,,too_short,,,,,,,,,,,,,,,,,,,,,,,,,,,,,,
DOGEUSD,atr_arm,240,48,c9fa0fb9e041,6,,too_short,,,,,,,,,,,,,,,,,,,,,,,,,,,,,,
DOGEUSD,atr_pullback,240,48,81c45fd8782e,6,,too_short,,,,,,,,,,,,,,,,,,,,,,,,,,,,,,
ETHUSD,atr_arm,1,1,56f6ae1069b6,847218,199330.0,ok,150.0,0.25495209025303994,588.3458333333333,198129.0,258.0,10000.0,-459.42664745200227,9540.573352548014,-4.594266474520023,8.587230322619877,841.845432552,0.8597149000000002,-458.5669325519866,3284.1286006679998,-3743.555248120001,69.87507660995745,-36.34519658368933,95.2855931609999,-56.441181850000135,0.8772753126369048,0.31333333333333335,-0.05918662304708088,-0.2408390152293674,0.12956307675189593,0.06714504334150974,0.1263316663885906,18.093333333333334,119.660047508399,0.3986732283112108,0.0
ETHUSD,atr_pullback,1,1,110100b16667,847218,6628.0,ok,7.0,0.011897764211808532,588.3458333333333,6616.0,0.0,10000.0,-83.11295117141901,9916.88704882858,-0.8311295117141901,0.9421386333868258,44.51489711399999,-2.40294594258,-85.51589711400084,94.24243926100067,-177.3553904324197,47.121219630500335,-35.47107808648394,94.12966732600083,-56.56663537999927,0.5313762329479984,0.2857142857142857,-0.23663477927930007,-0.8312287090388571,0.5043373661506925,-0.1009321059785744,0.13570267330072563,16.142857142857142,113.97149176701726,0.4287294807917486,0.0
ETHUSD,atr_arm,5,1,5104b68fd7d7,169475,23918.0,ok,470.0,0.7987018734326597,588.4548611111111,21766.0,652.0,10000.0,-2320.7259659029673,7679.2740340970395,-23.207259659029674,25.124372819170098,2378.611714781,6.476751121941849,-2314.249214781021,9593.63756437019,-11914.363530273158,61.89443589916252,-37.82337628658146,96.58629497800028,-57.93266871500075,0.8052161191820071,0.32978723404255317,-0.1093597215937601,-0.2147933928518422,-0.0012721722720309633,0.015208543685781653,0.12456826527954178,17.74255319148936,122.15294024346225,0.39305353563999623,0.0
ETHUSD,atr_pullback,5,1,f657e49360af,169475,673.0,ok,21.0,0.0356866794512465,588.4548611111111,647.0,1.0,10000.0,246.1349906212318,10246.134990621233,2.461349906212318,1.489648714949999,112.751273765,-0.8997643862328,245.23522623499775,646.5923503448322,-400.45735972360046,71.84359448275913,-33.37144664363337,99.65402365911501,-58.740036720000006,1.6146347036576292,0.42857142857142855,0.23618273814961835,-0.24844783594960201,0.759235222678229,0.35502022868721594,0.11883749053759758,18.523809523809526,127.88563701342747,0.3743502630176118,0.0
ETHUSD,atr_arm,15,3,6f52cca22769,56491,7866.0,ok,775.0,1.3170239507178136,588.4479166666666,4283.0,1141.0,10000.0,-2036.715750526474,7963.284249473532,-20.36715750526474,33.80631087671154,4309.131996801,-9.008746274535348,-2045.7244968010082,20600.159084812563,-22636.874835339033,80.15626103039908,-43.70053057015257,116.06079187095098,-67.85222400000013,0.9100266372747311,0.33161290322580644,-0.055202845232609044,-0.14021679874013035,0.03159141558413687,0.06149234164882194,0.11669518688143098,17.75225806451613,129.75575387505816,0.3681280315031773,0.0
ETHUSD,atr_pullback,15,3,a6e9ca369d7d,56491,197.0,ok,62.0,0.10536191605742508,588.4479166666666,120.0,2.0,10000.0,-688.2909990609468,9311.709000939069,-6.882909990609468,9.203188457524087,324.2708702590001,-1.8913711980541503,-690.1823702589863,1285.5769098066253,-1973.8679088675722,80.34855686291408,-42.91017193190374,97.9955601120001,-58.08286712500001,0.6512983488060119,0.25806451612903225,-0.2275259729085757,-0.5008437270413292,0.07555290711594433,-0.11186771747621635,0.1156582554323594,15.903225806451612,132.68314673964238,0.36489897154401735,0.0
ETHUSD,atr_arm,30,6,c1286ae7a972,28245,3862.0,ok,668.0,1.1352097716409983,588.4375,873.0,975.0,10000.0,-1430.3946366641153,8569.605363335857,-14.303946366641155,18.837147494016687,2979.754163933,26.392972731115346,-1404.0016639330224,15907.880066518912,-17338.27470318303,69.46672518130529,-39.494930986749495,101.10858177599987,-59.0632721250006,0.9175007513059232,0.34281437125748504,-0.042964423056022154,-0.13747928038740087,0.04988907570742654,0.061944666047549286,0.10490908910357148,16.721556886227546,149.32320721185994,0.33055419715641754,0.0
ETHUSD,atr_pullback,30,6,3494116be2ba,28245,118.0,ok,68.0,0.1155602761550717,588.4375,33.0,0.0,10000.0,251.30434505569048,10251.304345055703,2.513043450556905,3.790174388267436,305.51292343200004,4.400231512306801,255.704576568005,1797.5528106968084,-1546.248465641118,71.90211242787234,-35.959266642816694,100.61952547379424,-56.55755755000058,1.1625252025401316,0.36764705882352944,0.07669170264008479,-0.20033918104003529,0.3719502646819192,0.17607248180686655,0.09938077916678166,22.86764705882353,161.9551522959448,0.3128965568379018,0.0
ETHUSD,atr_arm,60,12,5487f1778e24,14123,1901.0,ok,438.0,0.7443177795086029,588.4583333333334,72.0,637.0,10000.0,-1496.8039045851758,8503.196095414836,-14.968039045851759,15.886795226210658,1526.7181104280003,25.515294157176754,-1471.2886104279914,10287.755185357702,-11784.559089942877,73.48396560969788,-39.54550030182173,95.98190931260274,-56.370730735877764,0.8729860070995299,0.319634703196347,-0.07050859124094495,-0.18932507279054733,0.04899893027787458,0.015117145689882363,0.08562573693082733,14.639269406392694,189.86572406618245,0.2696212113224188,0.0
ETHUSD,atr_pullback,60,12,65d4c9d56bc9,14123,44.0,ok,40.0,0.06797422643914182,588.4583333333334,1.0,1.0,10000.0,-726.382543593164,9273.617456406842,-7.26382543593164,8.771397684258085,148.960382203,-2.153838609837452,-728.5363822029994,484.44653623013795,-1210.829079823302,44.04059420273981,-41.75272689045869,96.29416436700018,-54.21704147999989,0.40009489720946734,0.275,-0.37688888508433277,-0.6514448881285179,-0.07377642978176885,-0.2956721685865441,0.08121671649778864,17.425,198.00114738169023,0.2557966597298352,0.0
ETHUSD,atr_arm,240,48,c9fa0fb9e041,3530,371.0,ok,103.0,0.17507082152974504,588.3333333333334,0.0,139.0,10000.0,-365.29204623931,9634.707953760708,-3.6529204623930998,8.462554808636735,216.90719107100006,-5.266644831689549,-370.558691070999,2246.0859409799473,-2611.3779872192576,64.1738840279985,-38.40261745910673,103.38369712147782,-54.88395265999564,0.860115215787549,0.33980582524271846,-0.0697736313792254,-0.2796565859199977,0.15535745395274572,-0.023204777236032086,0.04656885414319333,11.650485436893204,374.14294874956795,0.1459776522403214,0.0
ETHUSD,atr_pullback,240,48,81c45fd8782e,3530,7.0,ok,7.0,0.011898016997167138,588.3333333333334,0.0,0.0,10000.0,52.3550741267656,10052.355074126772,0.523550741267656,0.5472911395194233,12.65483151,-6.625905636765551,45.72916849000103,210.7429678323228,-158.3878937055572,70.24765594410759,-39.5969734263893,101.74865988871372,-55.31840134279979,1.3305497213321973,0.42857142857142855,0.16027403117167832,-0.7500681781875425,1.0812866313711538,0.2010019584406572,0.0407279272689789,11.142857142857142,401.7897192069607,0.12680879174326126,0.0
SOLUSD,atr_arm,1,1,56f6ae1069b6,847348,201341.0,ok,207.0,0.35177990624867234,588.4361111111111,199886.0,422.0,10000.0,-1469.057337406677,8530.942662593297,-14.690573374066771,16.462627858478445,1095.0683725990002,-2.189535192322201,-1471.2468725990275,3951.8873932287115,-5420.944730635388,66.98114225811375,-36.628004936725596,95.24313060480056,-62.27573760000034,0.729003446741563,0.28502415458937197,-0.15528404419194414,-0.31137117780669127,0.0030849615747495737,-0.032045283559949324,0.12323876063199478,15.801932367149758,119.68987143775315,0.38164785014707686,0.0
SOLUSD,atr_pullback,1,1,110100b16667,847348,9340.0,ok,19.0,0.03228897690205205,588.4361111111111,9307.0,4.0,10000.0,-245.3564807039397,9754.643519296062,-2.4535648070393967,3.6360118316776533,109.85547175659998,-4.491391052660401,-249.8478717565995,313.5099368303998,-558.8664175343396,62.70198736607996,-39.919029823881395,92.67458839320004,-55.8557595119999,0.5609747284754969,0.2631578947368421,-0.26440924068696325,-0.7137452193167952,0.24509571676865954,-0.1365511614741816,0.1278580792127817,13.473684210526315,118.01261034047869,0.39548038029267946,0.0
SOLUSD,atr_arm,5,1,5104b68fd7d7,169475,24820.0,ok,684.0,1.162366130697743,588.4548611111111,21374.0,977.0,10000.0,-3170.2705797199515,6829.7294202800385,-31.702705797199513,32.34110013084571,3185.2999828494003,-11.26800312946842,-3181.5385828494236,13078.656136668738,-16248.926716388687,61.115215591909994,-34.572184502954656,94.35482026469408,-57.37861948800049,0.8048935394285205,0.3128654970760234,-0.11133170808701046,-0.20291666287135957,-0.021412839530409736,0.01095471911536407,0.12228642720237451,16.32456140350877,122.75355457031273,0.37796374739645955,0.0
SOLUSD,atr_pullback,5,1,f657e49360af,169475,782.0,ok,41.0,0.0696739932143384,588.4548611111111,726.0,1.0,10000.0,-589.7633946224294,9410.236605377562,-5.8976339462242935,7.587760501541957,226.53870577540002,-0.7564111529718001,-590.5198057754078,626.49787435257,-1216.261268975,48.19214418096692,-43.43790246339285,93.60251461439981,-57.168263138999805,0.5151013933713017,0.3170731707317073,-0.293959792587672,-0.5882063481861214,0.024041976081850006,-0.174329918285132,0.11962987430254003,18.5609756097561,127.50210509210534,0.37113288715974035,0.0
SOLUSD,atr_arm,15,3,6f52cca22769,56491,8224.0,ok,1002.0,1.7027845143474183,588.4479166666666,3428.0,1481.0,10000.0,-2387.4454014149715,7612.55459858502,-23.874454014149716,32.83928987180141,4996.8737755698,20.71662584516314,-2366.7287755698308,24406.546149710673,-26793.991551125648,71.36417002839379,-40.59695689564492,106.29724910528645,-63.330658762,0.9108962396715141,0.3413173652694611,-0.051396326471479535,-0.125517688621542,0.030101805211502606,0.06271296435958512,0.11410929083106465,16.342315369261478,132.76764972018844,0.35376316476262415,0.0
SOLUSD,atr_pullback,15,3,a6e9ca369d7d,56491,308.0,ok,120.0,0.20392628914340338,588.4479166666666,142.0,10.0,10000.0,-1082.5549520137292,8917.445047986266,-10.825549520137292,11.291389042131906,569.3466058276001,-5.1641538138735195,-1087.7191058276003,2270.1946777232934,-3352.749629737023,61.35661291144036,-40.39457385225329,93.93255688080009,-55.77866021999981,0.6771142878036374,0.30833333333333335,-0.19177234616849823,-0.37964048646145887,0.00541843709146113,-0.0805297743855788,0.11124257178291948,18.133333333333333,136.64476694059113,0.34429721886826214,0.0
SOLUSD,atr_arm,30,6,c1286ae7a972,28245,4077.0,ok,765.0,1.3000531067445567,588.4375,490.0,1163.0,10000.0,-913.2817701220243,9086.718229877963,-9.132817701220244,27.70563378369718,3229.0323951272003,36.43077499483391,-876.8509951271953,18767.52722689255,-19680.808997014577,71.0891182836839,-39.28305189024866,106.20359493878428,-59.3585522639991,0.9535953135737172,0.34509803921568627,-0.021367954744142978,-0.10899466451889189,0.06277682399928695,0.07806608917752113,0.09943404392166413,15.93202614379085,158.9170313269751,0.3072106329197429,0.0
SOLUSD,atr_pullback,30,6,3494116be2ba,28245,148.0,ok,91.0,0.1546468401486989,588.4375,22.0,3.0,10000.0,-57.345141112843244,9942.654858887165,-0.5734514111284325,6.718289957124618,376.89300222979995,-9.27466111696142,-66.61980222979764,2265.2351500044797,-2322.5802911173228,66.62456323542587,-40.7470226511811,95.81932175329636,-57.43996147999977,0.9753097271460717,0.37362637362637363,-0.009246056630209344,-0.2433544009167386,0.24488209979590614,0.0855056442100485,0.09475170084025786,19.725274725274726,173.8106527580202,0.2928811904447467,0.0
SOLUSD,atr_arm,60,12,5487f1778e24,14123,2017.0,ok,447.0,0.7596119804574099,588.4583333333334,35.0,642.0,10000.0,-1920.1979745593362,8079.802025440671,-19.201979745593363,21.994984401339295,1383.9462863976,33.44748816173711,-1886.750486397611,9442.965596611044,-11363.16357117038,68.42728693196409,-36.77399213970997,96.9558312811558,-54.85928544000018,0.8310155475160902,0.3087248322147651,-0.09360439284457008,-0.21052690946024735,0.015484291026922075,-0.016802569455549265,0.0768018233890208,14.46979865771812,214.49169704333792,0.23604909677929573,0.0
SOLUSD,atr_pullback,60,12,65d4c9d56bc9,14123,52.0,ok,41.0,0.06967358210012037,588.4583333333334,0.0,2.0,10000.0,-665.5589954256104,9334.441004574388,-6.655589954256104,6.895616687290803,138.586010598,-3.46161517239078,-669.0206105980014,586.4598036705239,-1252.0187990961342,53.31452760641127,-41.733959969871144,97.13939178773408,-53.98583007299997,0.4684113402242082,0.2682926829268293,-0.3464756799530919,-0.637070951323581,-0.01764682829136196,-0.2716975711796351,0.07477810877345685,15.878048780487806,213.64962041098102,0.23105248850527513,0.0
SOLUSD,atr_arm,240,48,c9fa0fb9e041,3530,324.0,ok,90.0,0.15297450424929177,588.3333333333334,0.0,95.0,10000.0,-3.3767141470311413,9996.623285852947,-0.033767141470311415,3.2092718119881276,165.306745083,14.400769064030188,11.02405491699028,2152.072090858249,-2155.44880500528,65.2143057835833,-37.81489131588211,96.85330624447595,-52.65139950462695,0.998433405544502,0.36666666666666664,0.007821688211521929,-0.2212765066086359,0.24262891152009688,0.049296140394334484,0.04147445218281251,11.544444444444444,418.0012342720113,0.12387300140639876,0.0
SOLUSD,atr_pullback,240,48,81c45fd8782e,3530,8.0,ok,7.0,0.011898016997167138,588.3333333333334,0.0,0.0,10000.0,194.44036437994723,10194.440364379941,1.9444036437994723,0.9779658607945619,12.1610184112,-0.7944827911471001,193.64588158879997,291.87396256794716,-97.43359818799996,58.37479251358943,-48.71679909399998,89.39127395694777,-52.14103694799987,2.9956192524551013,0.7142857142857143,0.598419305820377,-0.26826563282342303,1.4560850812767503,0.6395140497310362,0.04109474391065933,13.857142857142858,373.06505517424205,0.12141551942101593,0.0
XRPUSD,atr_arm,1,1,56f6ae1069b6,847359,202377.0,ok,245.0,0.41635245509872437,588.44375,191420.0,489.0,10000.0,-1605.0657440630548,8394.934255936936,-16.050657440630548,18.365066743538915,1280.8583274614002,-7.280883398338629,-1612.3466274614038,4957.696910672415,-6562.7626547354685,64.38567416457681,-39.06406342104445,96.55345144400029,-58.77997725599955,0.7554283419186442,0.3142857142857143,-0.13949560551243545,-0.28568738796430326,0.0027443353297501413,-0.017518606047407386,0.12197699946502806,12.816326530612244,120.20819563780621,0.3861806918758039,0.0
XRPUSD,atr_pullback,1,1,110100b16667,847359,9394.0,ok,28.0,0.0475831377255685,588.44375,8812.0,0.0,10000.0,-229.8624299922468,9770.137570007753,-2.298624299922468,2.9611119152314402,157.87620242519998,-4.332072432953121,-234.19450242519997,546.5714770128005,-776.4339070050473,54.65714770128005,-43.135217055835966,96.79611132199997,-57.66339039070399,0.7039510666414617,0.35714285714285715,-0.1630229929213355,-0.5525101079935888,0.27103530701731793,-0.04236329861787187,0.12065969430346365,16.785714285714285,119.9474167867784,0.38217887238668424,0.0
XRPUSD,atr_arm,5,1,5104b68fd7d7,169475,24588.0,ok,620.0,1.053606726655849,588.4548611111111,21051.0,842.0,10000.0,-3784.7467075915856,6215.2532924084335,-37.84746707591586,38.76233270488526,2895.0742748295997,2.260332761975671,-3782.4863748295975,11246.780607431803,-15031.527315023388,57.38153371138675,-35.4517153656212,96.8980879349999,-58.134941899999816,0.7482127645266701,0.3161290322580645,-0.15014575763311716,-0.23820399122411803,-0.05911940746346422,-0.029204838737010987,0.12094091889610614,15.772580645161291,123.51643863347084,0.3829043801250957,0.0
XRPUSD,atr_pullback,5,1,f657e49360af,169475,805.0,ok,50.0,0.08496828440772976,588.4548611111111,726.0,2.0,10000.0,-582.6188180343477,9417.381181965653,-5.826188180343476,5.826188180343469,260.51210292860003,0.22781510574481,-582.3910029286035,896.0931875832753,-1478.712005617623,68.93024519871348,-39.96518934101684,92.7115331508003,-56.70206213999958,0.6059957477717227,0.26,-0.23711552737833588,-0.5349305012034455,0.08593466960046817,-0.12157287352040733,0.11554265385792853,17.66,131.94250541704122,0.36590666232711144,0.0
XRPUSD,atr_arm,15,3,6f52cca22769,56491,8023.0,ok,791.0,1.3442141226036006,588.4479166666666,3884.0,1138.0,10000.0,-2942.0186104825734,7057.981389517406,-29.420186104825735,30.250810645254433,3230.8262088506,8.29800163197085,-2933.7206088506155,14779.57659016901,-17721.59520065158,57.06400227864483,-33.311269174157104,95.64165487499992,-56.77408486399967,0.8339868066518978,0.3274336283185841,-0.08461647670036314,-0.1712399956282738,-0.00249149417658282,0.02776077165468775,0.1123772483550509,16.572692793931733,133.98838767306884,0.3556444990612774,0.0
XRPUSD,atr_pullback,15,3,a6e9ca369d7d,56491,209.0,ok,57.0,0.0968649873431166,588.4479166666666,125.0,3.0,10000.0,196.23557393167346,10196.235573931666,1.9623557393167346,5.409377424162034,268.85187217320004,-4.70594610487569,191.5296278267906,1632.9294957061552,-1436.6939217744819,81.64647478530776,-38.829565453364374,101.23884795719977,-59.22147876500021,1.1365882955008955,0.3508771929824561,0.07195575550373035,-0.23054492252237077,0.41330802134762396,0.1748451998551001,0.10288944435136972,17.649122807017545,148.874598070741,0.325377096106875,0.0
XRPUSD,atr_arm,30,6,c1286ae7a972,28245,3963.0,ok,661.0,1.1233138608603292,588.4375,747.0,919.0,10000.0,-496.8432303179694,9503.15676968204,-4.968432303179695,13.26749480999318,2904.8615995970003,69.27073072096786,-427.5724995969831,16464.16287021558,-16961.00610053355,71.89590773019904,-39.26158819567951,98.48065947979995,-57.47048868990789,0.9707067359463812,0.3464447806354009,-0.011694931314834777,-0.10719440114905342,0.07967882837607478,0.09061597330760048,0.10231090462243526,16.2375189107413,149.4452149791968,0.32367351916979675,0.0
XRPUSD,atr_pullback,30,6,3494116be2ba,28245,103.0,ok,56.0,0.09516728624535316,588.4375,23.0,3.0,10000.0,-179.6190474433211,9820.380952556683,-1.7961904744332111,3.9549463029856513,243.985381438,-17.038333994680382,-196.657381437999,1344.0624407609903,-1523.681488204311,64.00297336957097,-43.53375680583746,100.26221719420978,-56.78607679500044,0.8821150950288138,0.375,-0.06128833441486546,-0.36662348591998295,0.2493884319029419,0.03396391649863907,0.0952522509135045,22.339285714285715,166.70026862807288,0.30136973825696056,0.0
XRPUSD,atr_arm,60,12,5487f1778e24,14123,1898.0,ok,401.0,0.6814416200523967,588.4583333333334,37.0,543.0,10000.0,-16.88471964746884,9979.57157830057,-0.1688471964746884,14.400850842656917,1539.8994855852002,78.08953406226739,57.66111236283177,11131.782247610823,-11148.666967258294,83.07300184784197,-41.75530699347676,111.53796077252686,-63.207650875373645,0.9984854943019593,0.3341645885286783,0.00309570615385975,-0.12113313454925272,0.1271108990877501,0.0878201237780508,0.08472441762419101,15.768079800498754,186.24377650746814,0.2680330530735071,0.0
XRPUSD,atr_pullback,60,12,65d4c9d56bc9,14123,36.0,ok,22.0,0.037385824541528,588.4583333333334,1.0,2.0,10000.0,-355.4217513328148,9644.578248667181,-3.554217513328148,4.313218132852356,69.6466947878,-1.9785434549852805,-357.4002947878016,356.3834976422502,-711.805248975065,50.91192823460717,-47.45368326500433,97.43240646183865,-54.50609549424633,0.5006755684302836,0.3181818181818182,-0.3261439904296321,-0.7463039687196121,0.12228960146788523,-0.258674693417103,0.06746929701252914,15.181818181818182,244.81506134379447,0.21373838208759086,0.0
XRPUSD,atr_arm,240,48,c9fa0fb9e041,3530,366.0,ok,84.0,0.14277620396600565,588.3333333333334,0.0,92.0,10000.0,-63.52576706231649,9939.865773269941,-0.635257670623165,4.86361899320281,176.81788847520002,16.61797858711796,-48.66190866220495,2064.6004487751093,-2128.1262158374257,68.82001495917031,-39.40974473773011,102.83557341550548,-58.9156392922542,0.9701494363494231,0.35714285714285715,-0.011928542867168056,-0.2490749867693059,0.22783958294251794,0.033161290489126825,0.0450898333562949,11.678571428571429,363.16245842404487,0.14258853405848088,0.0
XRPUSD,atr_pullback,240,48,81c45fd8782e,3530,5.0,ok,5.0,0.008498583569405098,588.3333333333334,0.0,0.0,10000.0,-14.837228724416086,9985.162771275584,-0.14837228724416085,1.0225168344950342,10.9758467982,-1.51371807378403,-16.350946798198493,140.36184613483022,-155.1990748592463,70.18092306741511,-51.7330249530821,98.66324228848784,-52.04432993882975,0.9043987295808797,0.4,-0.05508409009256972,-1.0328774351828465,1.1460056404287535,-0.007755757659132922,0.04732833243343674,7.8,324.3148891604111,0.1497321218222699,0.0
