strategy,universe,rebalance_d,days,gross_ann,cost_ann,ann_return,ann_vol,sharpe,gross_t,t_stat,p_value,bh_threshold,survives_bh
size_small,all,30,574,-28.226124432609414,0.7793837076694725,-29.005508140278884,15.850476034050471,-1.8299455535574054,-2.232241226032755,-2.2940295202846324,0.021788803144524985,0.000625,False
carry,all,30,574,-66.67631886292689,0.6685457742243239,-67.3448646371512,41.11664373038164,-1.6378979052560454,-2.0332511118563374,-2.0532775625839736,0.04004566568528824,0.00125,False
illiquidity,all,30,544,-20.019192977328867,0.5472095249735668,-20.56640250230243,16.274133815369602,-1.2637479042281885,-1.5015516406060812,-1.5422855369043142,0.12300422198035275,0.0018750000000000004,False
carry,tradeable_1m,30,574,-50.68570568113372,0.9998862680438032,-51.68559194917753,42.615206896818385,-1.2128438581636058,-1.4912222026628776,-1.5204275387944972,0.1284035575335868,0.0025,False
size_small,all,90,514,-17.941640639966277,0.30313867201519196,-18.244779311981475,14.74251145009648,-1.2375624990179044,-1.444643093310455,-1.4680930677820638,0.1420789443520117,0.003125,False
illiquidity,all,1,573,-18.91278461756226,1.3145738489308392,-20.227358466493097,17.275545743887204,-1.170866539695301,-1.370378377916463,-1.4665254154010792,0.1425052024560061,0.0037500000000000007,False
low_volatility,all,90,514,-22.068569848055255,0.33263542057900036,-22.401205268634254,18.321314973642,-1.222685451391551,-1.4294273260740245,-1.4504447546611947,0.14693453441754606,0.004375,False
low_volatility,all,30,544,-22.89860533817191,0.89515531646721,-23.79376065463912,20.671604393909046,-1.1510359912678103,-1.3517676306344788,-1.4047312409770936,0.16010121217636877,0.005,False
illiquidity,all,7,569,-17.39125895974035,0.8145536666916201,-18.205812626431975,16.67448556197523,-1.0918365402497814,-1.3015426208829064,-1.3627577029495759,0.17295888548237565,0.005625,False
carry,all,1,597,-46.9127696358183,3.1733818970846293,-50.086151532902925,47.18901682765735,-1.0613942586646044,-1.2709507683734513,-1.3569654413347012,0.17479219150954634,0.00625,False
illiquidity,all,90,514,-16.53322640563958,0.25101386833609596,-16.784240273975673,14.920385839161494,-1.1249199889939927,-1.3151447434855001,-1.334467745234791,0.18205061084559354,0.006875000000000001,False
illiquidity,tradeable_1m,90,514,36.48670885707747,0.41055210202006165,36.07615675505741,32.74387724933458,1.1017680185015517,1.3219642989501272,1.3070030738243203,0.19121166754167956,0.0075000000000000015,False
tsmom_30d,tradeable_1m,30,544,45.16149339256326,1.1037575735334808,44.05773581902978,42.737367443925734,1.03089493934872,1.2906593222493128,1.2581103792187138,0.2083518401744719,0.008125,False
momentum_30d,all,30,544,15.515753828809515,1.339658662450384,14.176095166359126,15.34230020605499,0.9239876013353193,1.2370498724270116,1.1276400214397966,0.2594719774612669,0.00875,False
illiquidity,tradeable_1m,30,544,30.06811239442539,1.049900827056675,29.01821156736872,32.74672373423248,0.8861409099388441,1.120867987234025,1.0814516918171149,0.27949623837499105,0.009375,False
carry,all,7,597,-37.8097998988509,1.8149393016670654,-39.62473920051796,47.43800651501646,-0.8352952012849607,-1.019567649255883,-1.0679035732513555,0.28556401052741304,0.01,False
carry,all,90,514,-34.475023344897174,0.28966579754956456,-34.76468914244674,39.18235761544147,-0.8872536329653179,-1.0439143794766648,-1.0525293946402863,0.29255673159998663,0.010625,False
tsmom_30d,all,30,544,43.67711380521273,1.0564417548471945,42.62067205036553,49.794451751695675,0.8559321480814205,1.0709270752047535,1.0445847373045805,0.29621493670317,0.01125,False
momentum_90d,all,7,513,-15.563338036468116,1.6537306452757052,-17.217068681743818,19.80359103609294,-0.8693912457778454,-0.9322830948375512,-1.0303359020001204,0.3028523512082825,0.011875,False
size_small,tradeable_1m,30,574,22.5929222790575,1.1218390102493325,21.471083268808165,27.27316623451941,0.7872603820245997,1.0388987604734232,0.9869138199243885,0.3236848886543381,0.0125,False
momentum_90d,all,1,513,-10.834617562811701,4.181379903368081,-15.015997466179781,18.258596114455194,-0.8224070115824362,-0.7035442487847604,-0.9746537870091879,0.32973202355446746,0.013125000000000001,False
reversal_1d,tradeable_1m,7,569,-27.223121877519617,5.909207907422834,-33.13232978494246,43.06087879488457,-0.7694299492298894,-0.7892044476540846,-0.9603512536347748,0.33687846276074773,0.013750000000000002,False
tsmom_250d,tradeable_1m,7,352,-37.86529918617259,1.3142635923062698,-39.179562778478875,40.236195707675236,-0.9737392437179441,-0.9239758039464171,-0.9559141553509981,0.339115606785658,0.014375000000000002,False
reversal_1d,all,90,514,13.287513866511595,0.46202885670129246,12.825485009810302,16.27109393532058,0.788237414201715,0.9690681388084074,0.935068640552961,0.3497529264706204,0.015000000000000003,False
tsmom_120d,all,30,454,33.98888024125679,0.6945554367818212,33.294324804474954,40.678399294904,0.8184767685449685,0.9318172768851741,0.9125132328919375,0.36149860674473727,0.015625,False
size_small,tradeable_1m,7,569,-19.409365549133717,2.226749018984091,-21.636114568117808,33.63096860780833,-0.6433390254211828,-0.7199962163141245,-0.8029729544499603,0.421990366836216,0.01625,False
tsmom_250d,all,30,334,30.68119835032792,0.6397725052644885,30.041425845063433,39.316215991829885,0.7640975889263146,0.746423737385324,0.7306795462262418,0.464974911737976,0.016875,False
carry,tradeable_1m,7,569,-24.126464777446632,2.345157792493096,-26.47162256993973,46.47159178698843,-0.5696302095972428,-0.6481393477361659,-0.7109745161888755,0.47710002775878396,0.0175,False
size_small,all,7,569,-8.012484009972296,1.1206098553193704,-9.133093865291666,16.227271947014295,-0.5628237386489411,-0.6151898019592136,-0.7024791321521966,0.482380411121433,0.018125000000000002,False
tsmom_120d,tradeable_1m,30,454,28.98970442782164,0.7541763670499442,28.235528060771685,44.870806390317526,0.629262773108185,0.7205842480445438,0.701560055819651,0.4829535694843954,0.01875,False
illiquidity,tradeable_1m,1,573,-17.810389347827307,3.4043099119939106,-21.21469925982122,38.704054806142004,-0.5481260133099705,-0.5764372304117975,-0.6865348885712699,0.4923758715263307,0.019375,False
momentum_90d,tradeable_1m,90,424,-20.970240498243726,0.5375428634602426,-21.507783361703964,34.442640605384696,-0.6244522192163593,-0.6559953837966148,-0.6728016213276378,0.5010735061472158,0.02,False
low_volatility,tradeable_1m,1,573,29.493795242315315,3.753239701757667,25.74055554055764,48.15957349680943,0.5344847072257181,0.7668318419825082,0.6694489770744502,0.503209117962436,0.020625,False
reversal_7d,all,30,574,-7.732830696789406,1.3454142604266137,-9.078244957216016,17.75458838308842,-0.5113182441257389,-0.5446011751362202,-0.6409912819560579,0.5215283471622896,0.02125,False
tsmom_30d,all,7,569,26.743979691769628,2.0881331285958744,24.655846563173753,53.71722522604222,0.4589933016722641,0.6215216626664519,0.5728848910964642,0.5667226352635123,0.021875,False
reversal_1d,tradeable_1m,30,574,18.795535996309702,1.6583618011090244,17.137174195200668,39.55853038792069,0.4332105876317779,0.5953549599618039,0.5430751065763748,0.5870780913632778,0.0225,False
reversal_7d,tradeable_1m,30,574,-12.879827208424357,1.5673433599465285,-14.447170568370886,36.15209919997484,-0.39962189991946406,-0.44619825525980106,-0.5009681482519165,0.6163935396678332,0.023125,False
reversal_7d,all,90,514,7.500548742500562,0.47539581303119105,7.025152929469371,17.598218586491384,0.39919682182274774,0.5055541358841104,0.4735583756486539,0.6358148638462525,0.02375,False
reversal_1d,all,7,597,12.819291939233727,5.612557218546852,7.206734720686879,20.43862124120167,0.3526037610677482,0.8017719316447186,0.45079489958383795,0.6521373776711389,0.024375,False
reversal_7d,tradeable_1m,7,569,-8.218906855046766,5.976329080077069,-14.195235935123831,40.91093443237845,-0.3469790199631615,-0.2512668462794777,-0.4330761197170765,0.6649594708162665,0.025,False
size_small,all,1,574,-3.935569296681107,1.601015309891734,-5.536584606572849,16.466298941077874,-0.33623734309602105,-0.2992053940616826,-0.4215089292601446,0.6733834922670888,0.025625000000000002,False
reversal_7d,all,1,596,21.461163334788193,14.711029120985957,6.7501342138022355,20.817026568696242,0.3242602487692839,1.317771807634321,0.41421109638778153,0.6787195160082717,0.026250000000000002,False
low_volatility,all,7,569,-6.069953408679104,1.3837483259198435,-7.453701734598947,22.645163640392354,-0.3291520367423497,-0.33438403196487315,-0.4108256657260823,0.6812003720245852,0.026875,False
momentum_90d,all,30,484,6.555706910147623,0.8395497413252091,5.716157168822414,16.655659984690065,0.3431960771339427,0.4534444680966669,0.39506620771707296,0.692794026944898,0.027500000000000004,False
momentum_30d,all,1,573,1.1337181357197545,7.119840744199275,-5.986122608479521,19.11710323958133,-0.31312916677069835,0.07425734150700622,-0.3921983127915626,0.6949116906705445,0.028125,False
reversal_7d,tradeable_1m,90,514,-10.679682085322622,0.5642015679481025,-11.24388365327073,35.29674368468839,-0.3185530017645308,-0.3590630495880695,-0.377892392491532,0.7055105340601143,0.028750000000000005,False
momentum_30d,tradeable_1m,30,544,-10.048432966821764,1.5364217532467532,-11.584854720068513,38.728504306780614,-0.2991299283933418,-0.3168814768954989,-0.3650599622541267,0.7150666468911981,0.029375000000000002,False
low_volatility,tradeable_1m,30,544,-11.48635317417736,1.0441297545935986,-12.530482928770956,42.69459056451112,-0.2934911135835233,-0.3283498166965927,-0.35817831877335965,0.7202098714674177,0.030000000000000006,False
low_volatility,tradeable_1m,90,514,-9.207279763655993,0.3614316618449644,-9.56871142550095,34.20918259800871,-0.27971178200726543,-0.31932648119718926,-0.33181591108950786,0.7400282690314429,0.030625000000000003,False
reversal_1d,tradeable_1m,90,514,9.884196355877252,0.5280219487467787,9.356174407130469,35.00879297588042,0.2672521275891025,0.334904562358838,0.31703529815660053,0.7512168186663407,0.03125,False
momentum_90d,tradeable_1m,30,484,10.978341770956625,1.14564486053719,9.832696910419434,36.493471116430825,0.2694371516222352,0.34651709317544366,0.310159470931082,0.7564396892523515,0.031875,False
carry,tradeable_1m,1,574,-7.18144396719677,4.386381607765058,-11.567825574961816,47.02093382606824,-0.24601437346505128,-0.1914176605676039,-0.3084049326200086,0.7577742290918055,0.0325,False
reversal_7d,tradeable_1m,1,574,26.724022252245316,15.912832592019626,10.811189660225685,45.50658981098854,0.23757415585588645,0.7360588571832345,0.2978242307431629,0.7658373198412658,0.033125,False
momentum_30d,all,90,514,-3.1545070813091924,0.4279115741514513,-3.582418655460644,14.548818579956462,-0.24623433413322304,-0.2572448994404762,-0.29210235384296923,0.7702083670267854,0.03375,False
carry,tradeable_1m,90,514,-10.347603391410209,0.41261169747081716,-10.760215088881024,44.21936255395392,-0.24333718234296184,-0.27768218769821124,-0.2886655266419429,0.7728373458767583,0.034375,False
tsmom_30d,tradeable_1m,7,569,12.293721247924912,2.378729118961887,9.91499212896303,44.62780407126734,0.22217073717383698,0.34390972760560695,0.27729872768717556,0.7815507364315483,0.035,False
reversal_7d,all,7,590,1.4308824611165547,5.553564370884032,-4.1226819097674765,19.838007392468775,-0.20781733912109515,0.09162516676931141,-0.2641269238336988,0.7916821181168794,0.035625000000000004,False
tsmom_60d,tradeable_1m,7,541,11.118898725397667,1.8181431504801528,9.300755574917517,43.90591319296036,0.2118337804304854,0.30822524850801686,0.2578093934157639,0.7965540145999996,0.036250000000000004,False
tsmom_250d,tradeable_1m,30,334,-9.54488502163901,0.7156417933250292,-10.260526814964038,38.15699071697565,-0.2689029355346734,-0.2392527234505825,-0.2571423830710807,0.7970688603126019,0.036875000000000005,False
tsmom_120d,all,7,478,11.229855824090786,1.3236123207212147,9.90624350336957,45.09031376359438,0.21969781703687777,0.28492578129195606,0.2513301426323818,0.801558872455949,0.0375,False
size_small,tradeable_1m,1,574,-2.435298022768877,4.095893324028615,-6.531191346797484,34.856634554580026,-0.18737297591282548,-0.08758442890475224,-0.23489176342541876,0.8142927425789586,0.038125000000000006,False
reversal_1d,tradeable_1m,1,574,46.45189974548364,38.258828294455256,8.193071451028377,43.84075055920653,0.1868825543933995,1.3284925738526674,0.23427696838916268,0.8147699649925015,0.03875,False
tsmom_250d,all,7,352,10.847856510685286,1.1185146934238437,9.729341817261444,41.70907397649249,0.23326679040500786,0.2554617605210194,0.22899665219411788,0.8188715181601764,0.03937500000000001,False
momentum_30d,tradeable_1m,90,514,6.999808627969073,0.5570932296667341,6.442715398302342,33.71411296425825,0.1910984698049904,0.2463292243758167,0.22669589536456017,0.8206602190583303,0.04,False
tsmom_60d,all,30,514,8.552427538131596,0.8924075625842968,7.660019975547305,45.95533697680643,0.16668401277121092,0.22081967747389414,0.1977335640452139,0.8432535278437344,0.040625,False
momentum_90d,tradeable_1m,1,513,-1.612237438970994,5.596003737352642,-7.208241176323642,44.41950511706486,-0.16227648546121276,-0.04301812253984611,-0.19231765885967095,0.8474933868108018,0.04125,False
tsmom_60d,tradeable_1m,30,514,7.770882150873673,0.9727982235683506,6.798083927305326,43.548928681781206,0.15610220809287825,0.2117347322217601,0.1851806027966206,0.8530873826926336,0.041875,False
tsmom_60d,all,7,541,8.207921877236995,1.6245357741410993,6.58338610309589,48.06066788812667,0.13698074522019504,0.20784062453894264,0.1667105348499722,0.8675978159332226,0.0425,False
momentum_30d,tradeable_1m,1,573,2.4726291735636314,8.100801260926392,-5.628172087362768,44.74632445704078,-0.12577953956343738,0.06921988497924349,-0.1575404926638598,0.8748188977754161,0.043125000000000004,False
illiquidity,tradeable_1m,7,569,6.342925561099559,1.912589367406173,4.430336193693387,36.57459044500181,0.12113153256918631,0.21632231917686487,0.15118831710924607,0.8798271659553402,0.04375,False
momentum_30d,all,7,569,4.594539389450375,2.6237907406213217,1.9707486488290569,18.719249394460448,0.10527925598407042,0.3067972858526874,0.13140256051539573,0.89545686322923,0.044375000000000005,False
low_volatility,all,1,573,4.131396130151259,2.5520033214340074,1.5793928087172517,24.4176165956797,0.0646825132390972,0.21185668317616801,0.08101568059314276,0.9354294821869474,0.045,False
reversal_1d,all,30,574,2.4813567776772976,1.3804861564258113,1.1008706212514827,17.52449677560594,0.0628189576766559,0.17720729210246208,0.07875018088030722,0.93723133081222,0.045625000000000006,False
momentum_90d,tradeable_1m,7,513,4.946238251698932,2.24245039160401,2.703787860094929,42.90089459223571,0.06302404380593653,0.13669737546586844,0.07469126856043556,0.9404603549477369,0.04625,False
tsmom_120d,tradeable_1m,7,478,4.305172993502164,1.4634870519304208,2.841685941571748,44.9775059364601,0.06318015822367315,0.10950182991684529,0.07227690466868322,0.9423815440219666,0.046875,False
reversal_1d,all,1,602,38.37407594376668,39.327837073797,-0.9537611300303233,20.667464146378993,-0.046147951353646126,2.386141506984036,-0.05924552597926308,0.9527565488134873,0.0475,False
low_volatility,tradeable_1m,7,569,4.055479017597461,1.9685108720585214,2.086968145538948,45.79314640112716,0.04557380982861617,0.11056164579689706,0.05688219628782312,0.954639036651856,0.048125,False
momentum_90d,all,90,424,-0.19752614496319365,0.45878444332168855,-0.6563105882848823,13.652722718303549,-0.04807177306875193,-0.015593930838427868,-0.05179382163352437,0.958692978567777,0.04875,False
momentum_30d,tradeable_1m,7,569,3.746396680900359,3.182324743274446,0.5640719376259102,42.59009707422149,0.013244204084412054,0.10982949173839875,0.016530534077326027,0.9868111427419616,0.049375,False
size_small,tradeable_1m,90,514,0.253959054173383,0.42677369450831276,-0.17281464033493046,25.847522833858743,-0.006685926595199805,0.011655173866752397,-0.007931367097744097,0.9936717509948076,0.05,False
