symbol,family,timeframe_min,confirm_min,spec_hash,bars,signals,status,trades,trades_per_day,days,rej_cost,rej_cooldown,initial_capital,total_pnl,final_equity,return_pct,max_dd_pct,total_fees,total_funding,optimistic_pnl,gross_win,gross_loss,avg_win,avg_loss,best_trade,worst_trade,profit_factor,win_rate,net_r,net_r_lo,net_r_hi,gross_r,cost_r,bars_held,median_r_bps,avg_leverage,ambiguous_pct,target_r,stop_mult
BEATUSD,atr_arm,5,1,ae190a209e26,62961,7452,ok,1165,5.3290131986467815,218.61458333333334,156,1339,10000.0,-1600.1555618131745,8399.844438186847,-16.001555618131743,22.62239600931979,3262.5657700439997,-78.70320823081819,-1678.8587700439784,25779.884059622793,-27380.039621435964,42.89498179637736,-48.54616954155313,63.37234633651731,-64.9047933725798,0.9415575877925172,0.5158798283261803,-0.02745759204287938,-0.08499343021053414,0.03235696172991404,0.0476970615312932,0.07515465357417257,11.944206008583691,225.88085580211546,0.23686037059633705,0.0,1.0,2.0
BEATUSD,atr_arm,5,1,fba2f87a03ea,62961,5618,ok,522,2.387763853814266,218.61458333333334,1,311,10000.0,-1904.6433988634712,8095.3566011365365,-19.04643398863471,26.171197769014544,915.9287542000002,50.9116446634748,-1853.7317541999828,10815.115776550218,-12719.759175413687,43.26046310620087,-46.763820497844435,59.606367003917995,-67.87396852290473,0.8502610487669454,0.4789272030651341,-0.07902217488240844,-0.16173539296856665,0.0079838875413976,-0.031794094539316815,0.04722808034309162,40.17624521072797,385.1539146583092,0.1486221229983874,0.0,1.0,4.0
BEATUSD,atr_arm,5,1,5104b68fd7d7,62961,7452,ok,876,4.007051984561872,218.61458333333334,118,944,10000.0,-1419.7565385209887,8580.243461479035,-14.197565385209888,29.793772581649524,2475.958927346,-25.028388825006786,-1444.784927345967,25030.369777114734,-26450.12631563572,82.33674268787742,-46.24147957278972,114.61219768902191,-66.6668893792597,0.9463232605554057,0.3470319634703196,-0.029525382024952206,-0.12316265866152194,0.07282366241095223,0.04458871081323414,0.07411409283818635,24.162100456621005,234.3635898078422,0.23351766866315551,0.0,2.0,2.0
BEATUSD,atr_arm,5,1,1245719458bf,62961,5618,ok,383,1.7519416781817314,218.61458333333334,1,178,10000.0,-1669.573562290029,8330.426437709988,-16.69573562290029,24.386117332124233,728.9714082380001,-139.9428459479706,-1809.5164082379724,10349.926206991182,-12019.49976928121,84.14574152025351,-46.228845266466195,115.0030155728078,-73.55391719476839,0.8610945884322878,0.32114882506527415,-0.09066827213017674,-0.21905484363509004,0.05174052641103254,-0.043288914079893055,0.04737935805028366,68.44647519582246,389.9939199166155,0.14915770830101352,0.0,2.0,4.0
BEATUSD,wpr_only,5,1,5536e003be2a,62961,24919,ok,1534,7.016915233239624,218.61458333333334,356,4146,10000.0,-4691.242734189236,5308.757265810754,-46.91242734189236,51.93446617574398,3488.885954002,-55.035219812769995,-4746.277954002023,24676.751658051908,-29367.994392241144,32.7712505419016,-37.603065803125666,62.01998042301595,-63.22311870017489,0.8402600234958968,0.4908735332464146,-0.08062440231570077,-0.13301233185074654,-0.03225827580316978,-0.002958964740005099,0.07766543757569569,12.069752281616688,217.867528921555,0.24451656592244886,0.0,1.0,2.0
BEATUSD,wpr_only,5,1,d4527a09260f,62961,19978,ok,662,3.0281602897031497,218.61458333333334,3,859,10000.0,-407.7175126178197,9592.282487382183,-4.077175126178196,12.70666236797223,1310.0640357800003,63.21347683782304,-344.50403577998077,16257.214978335995,-16664.932490953815,47.67511723852198,-51.915677541912196,60.4611686392831,-62.983296687242344,0.9755344035843445,0.5151057401812689,-0.010083332726121767,-0.08839864116779225,0.06796990129728932,0.038365219517614874,0.048448552243736634,39.57552870090635,385.3984458284075,0.15266383227228214,0.0,1.0,4.0
BEATUSD,wpr_only,5,1,461613bee59c,62961,24919,ok,1109,5.072854624291228,218.61458333333334,271,2775,10000.0,-3239.023758151435,6760.97624184852,-32.39023758151435,47.523609204204725,2849.7984486960004,149.2393094554364,-3089.7844486960394,26650.41664068914,-29889.44039884058,71.64090494808909,-40.55555006626944,112.57898257079081,-64.92985457961564,0.8916331749631191,0.33543733092876465,-0.06581687996844046,-0.1509177108980402,0.019453503613518476,0.010333731098428462,0.0761506110668689,23.52028854824166,223.57229647630498,0.23981400115988394,0.0,2.0,2.0
BEATUSD,wpr_only,5,1,247ec2c731ff,62961,19978,ok,458,2.0950111974079193,218.61458333333334,2,518,10000.0,680.1178181907981,10680.11781819078,6.801178181907981,9.61750048289747,972.561572582,220.09360922720123,900.2114274179785,15985.163626621663,-15305.045808430863,94.58676702142996,-52.958636015331706,117.53018762670419,-75.58965899985212,1.04443748987776,0.36899563318777295,0.034024415412071345,-0.09544638762776278,0.16482994272474355,0.08132392422426762,0.04729950881219626,71.05458515283843,397.9489360370342,0.14900791001957261,0.0,2.0,4.0
BEATUSD,adx_only,5,1,8822505d8858,62961,2722,ok,501,2.2917043884309334,218.61458333333334,35,257,10000.0,-1929.1910127209985,8070.80898727901,-19.291910127209984,23.75325386519607,1245.220580722,-3.6355680010001024,-1932.826580721995,10019.647895146682,-11948.838907867681,41.064130717814265,-46.49353660648903,54.89730670427988,-59.68881017987404,0.8385457342260486,0.4870259481037924,-0.08243237942249679,-0.16863459140239126,0.006616951723012712,-0.013981906617606467,0.06845047280489032,12.131736526946108,249.39467312348745,0.21562015294786796,0.0,1.0,2.0
BEATUSD,adx_only,5,1,88d2c6a947a0,62961,2128,ok,239,1.0932482012674511,218.61458333333334,0,53,10000.0,-1663.532907700782,8336.467092299219,-16.63532907700782,18.91647398388695,448.37663739000004,-1.9357296892179008,-1665.468637389993,4599.35318281391,-6262.886090514692,43.39012436616896,-47.089369101614224,55.97636682508201,-58.544547247616215,0.734382378402148,0.4435146443514644,-0.14979908337954173,-0.2733742132083224,-0.023992703434240297,-0.10101805229050699,0.048781031089034727,35.47280334728033,375.42057729768015,0.1536332739493796,0.0,1.0,4.0
BEATUSD,adx_only,5,1,b5acf63ba5bf,62961,2722,ok,419,1.9166150474103016,218.61458333333334,28,216,10000.0,-1728.4494152139955,8271.55058478599,-17.284494152139956,25.93488703214958,1094.679174222,2.1852409919971905,-1726.2641742220112,11216.441384555827,-12944.890799769824,81.87183492376516,-45.90386808429016,110.4547170729907,-60.06868603941527,0.8664763232112602,0.3269689737470167,-0.0850251014802507,-0.22341141179447355,0.05123274298669791,-0.01715706962548516,0.06786803185476557,24.474940334128878,251.99211973301084,0.21390283664208753,0.0,2.0,2.0
BEATUSD,adx_only,5,1,8f0add012268,62961,2128,ok,201,0.9194263115261828,218.61458333333334,0,43,10000.0,-809.3294092013439,9190.670590798652,-8.093294092013439,16.755676865962105,415.775480188,135.0969290133435,-674.2324801880077,5883.02961004696,-6692.359019248304,89.13681227343879,-49.573029772209665,105.63549092175681,-91.66242979495368,0.8790666479676924,0.3283582089552239,-0.07926626237541264,-0.2623164611898172,0.12151603114299923,-0.030130129742661844,0.04913613263275083,62.2636815920398,383.09225061486467,0.15481594812616406,0.0,2.0,4.0
AKEUSD,atr_arm,5,1,ae190a209e26,6009,761,ok,151,7.237144283574638,20.864583333333332,22,215,10000.0,-636.9293782392404,9363.070621760768,-6.369293782392403,7.680777900532389,424.559477722,-34.7360994827627,-671.6654777219956,3408.715456830243,-4045.6448350694836,46.69473228534579,-51.86724147524979,69.0573413801878,-57.23989057456265,0.842564188354339,0.48344370860927155,-0.08630929337016305,-0.24029313372309646,0.06398125647777135,-0.015914084142651174,0.0703952092275119,13.112582781456954,269.8992474199008,0.22092016698480496,0.0,1.0,2.0
AKEUSD,atr_arm,5,1,fba2f87a03ea,6009,455,ok,56,2.683974038941588,20.864583333333332,3,44,10000.0,-702.6459306319405,9294.91717853216,-7.0264593063194045,9.654479971368175,123.22800104199999,-4.457070410059302,-707.8705745220068,995.7379246397181,-1698.3838552716586,45.260814756350825,-49.95246633151937,58.0619120201559,-54.891591873475136,0.5862855570305976,0.39285714285714285,-0.2596598217202793,-0.5099969189956632,-0.010169110366886398,-0.20438299915996264,0.055276822560316644,33.839285714285715,341.5223249066353,0.17297701131373208,0.0,1.0,4.0
AKEUSD,atr_arm,5,1,5104b68fd7d7,6009,761,ok,123,5.895157264103845,20.864583333333332,18,167,10000.0,-1182.4050828830457,8817.594917116956,-11.824050828830456,15.129362985911174,353.89342315600004,-24.6483402729595,-1057.7501787359997,3340.2398940447533,-4522.644976927799,95.43542554413581,-51.39369291963408,119.93373874406394,-56.94091922559632,0.7385589430709096,0.2845528455284553,-0.20270218375615612,-0.42858673320171065,0.045307886598542194,-0.1359708415847533,0.06673134217140274,20.252032520325205,274.50689970130014,0.2094730356506469,0.8130081300813009,2.0,2.0
AKEUSD,atr_arm,5,1,1245719458bf,6009,455,ok,41,1.965052421367948,20.864583333333332,3,25,10000.0,-436.7064746099293,9560.750682778693,-4.367064746099293,7.090620502755239,94.404645488,-1.3431708780703002,-438.85059172801084,1025.1330647645052,-1461.839539374434,93.19391497859138,-48.727984645814466,106.31752100815586,-61.03990291244541,0.7012623732993233,0.2682926829268293,-0.21388582485450744,-0.6016739805179868,0.20233917876844987,-0.16057137342273003,0.05331445143177744,58.58536585365854,372.19674602675946,0.16692361884572052,0.0,2.0,4.0
AKEUSD,wpr_only,5,1,5536e003be2a,6009,2337,ok,189,9.058412381427859,20.864583333333332,71,643,10000.0,-1350.5061832478677,8649.49381675214,-13.505061832478676,18.021737056315974,487.17128989599996,-45.61610664813,-1102.7271046339883,3715.7799174957445,-5066.286100743613,43.715057852891114,-48.71428943022705,64.49472524930401,-57.93115633346002,0.7334327046690778,0.4497354497354497,-0.15256939433722166,-0.2896927291627563,-0.00746091410969687,-0.08396527534380623,0.06860411899341544,13.83068783068783,267.8974564792059,0.21503709404357746,1.5873015873015872,1.0,2.0
AKEUSD,wpr_only,5,1,d4527a09260f,6009,1492,ok,65,3.1153270094857715,20.864583333333332,0,131,10000.0,125.63740750085185,10125.637407500846,1.2563740750085186,4.602918983286269,129.677476702,-17.5978842028517,108.03952329799904,1689.0068167261732,-1563.3694092253218,48.257337620747805,-52.11231364084406,60.25891957178393,-57.00951107842956,1.0803632249418946,0.5384615384615384,0.042072494125926035,-0.2037541549373544,0.27969028719525096,0.09171334841153676,0.04964085428561069,42.01538461538462,376.54060640142603,0.15520931707154875,0.0,1.0,4.0
AKEUSD,wpr_only,5,1,461613bee59c,6009,2337,ok,139,6.662006989515727,20.864583333333332,36,465,10000.0,-1395.2467378889287,8604.753262111048,-13.952467378889285,19.749275370588002,367.32684001999996,-20.090102131071607,-1415.336840020018,3402.4048302770075,-4797.6515681659375,87.24114949428224,-47.97651568165938,107.69926917755201,-57.93115633346002,0.709181311300956,0.2805755395683453,-0.2148153009688833,-0.43114157435130596,0.016416577706819823,-0.14793133774943015,0.06688396321945313,24.489208633093526,284.97342815331973,0.209578047157423,0.0,2.0,2.0
AKEUSD,wpr_only,5,1,247ec2c731ff,6009,1492,ok,41,1.965052421367948,20.864583333333332,0,55,10000.0,-152.37599787563687,9848.642214526673,-1.5237599787563687,5.946281239134443,95.355272466,6.4177254096372955,-146.8271144659975,1237.3281430501625,-1389.7041409257993,95.17908792693558,-49.63229074734998,109.75123662778397,-56.64121632000006,0.8903536419096181,0.3170731707317073,-0.07409893529572044,-0.4958215065109717,0.3648960066218974,-0.020899043995834303,0.0531998912998862,69.39024390243902,458.4864373890431,0.16630604860526052,0.0,2.0,4.0
AKEUSD,adx_only,5,1,8822505d8858,6009,215,ok,74,3.546679980029955,20.864583333333332,4,42,10000.0,204.87717982751252,10204.877179827512,2.048771798275125,4.634609372683573,208.35705639999998,-25.663236227514,279.64583685199796,2000.2226446940806,-1795.345464866568,48.78591816327026,-54.40440802625963,74.06061603057577,-65.75394671811418,1.1141157419765668,0.5540540540540541,0.05946895441009606,-0.16923229808726084,0.30182853690568073,0.12739379907695128,0.06792484466685526,13.85135135135135,300.50054044507806,0.21313644209912527,1.3513513513513513,1.0,2.0
AKEUSD,adx_only,5,1,88d2c6a947a0,6009,134,ok,26,1.2461308037943086,20.864583333333332,0,9,10000.0,-335.03565893912383,9662.30985867404,-3.350356589391238,5.194496818187308,56.650506922000005,-0.6968479828755987,-336.57251392199396,471.45856250962464,-806.4942214487485,47.14585625096247,-50.40588884054678,57.74419656440396,-55.034966184108946,0.5845777315833938,0.38461538461538464,-0.2648251266579872,-0.6497352676055319,0.12976068959162423,-0.21126310478824667,0.05356202186974053,45.19230769230769,319.29378924870156,0.1673431322721251,0.0,1.0,4.0
AKEUSD,adx_only,5,1,b5acf63ba5bf,6009,215,ok,57,2.7319021467798303,20.864583333333332,4,28,10000.0,296.52288824531087,10296.522888245312,2.965228882453109,4.593184594380702,162.856289428,20.2498223266871,467.232477931997,2178.1153362208024,-1881.592447975491,99.00524255549102,-53.75978422787117,116.80179484101453,-62.78597131884424,1.1575914532205722,0.38596491228070173,0.1094861394787572,-0.26539007717911595,0.48674603983051035,0.17428236619269177,0.06479622671393462,32.35087719298246,302.5031410070554,0.20304969349324206,1.7543859649122806,2.0,2.0
AKEUSD,adx_only,5,1,8f0add012268,6009,134,ok,24,1.1502745881178233,20.864583333333332,0,4,10000.0,-346.01087210710074,9651.334645506056,-3.4601087210710078,4.331109992061501,56.880794056,2.8290780511013995,-344.02180105599655,574.3021239555072,-920.3129960626079,95.7170206592512,-51.128499781256,106.24974655240396,-55.034966184108946,0.624029136187965,0.25,-0.28945524547591045,-0.795393521770005,0.2424716344268799,-0.23539661235608209,0.05405863311982834,55.791666666666664,316.04003647327886,0.16918808753413514,0.0,2.0,4.0
BANKUSD,atr_arm,5,1,ae190a209e26,6009,641,ok,139,6.662006989515727,20.864583333333332,5,167,10000.0,-537.5940079267327,9462.405992073263,-5.375940079267327,7.717323215044882,393.820768894,-11.351760967267994,-548.9457688939983,3196.312537457544,-3733.906545384276,47.00459613908153,-52.59023303358135,56.42916961554169,-71.89237167423208,0.8560237109867447,0.4892086330935252,-0.07674671037002895,-0.245494880234986,0.09161887427858734,-0.007725923295156208,0.06902078707487276,13.510791366906474,259.50853028642865,0.21782565756914118,0.0,1.0,2.0
BANKUSD,atr_arm,5,1,fba2f87a03ea,6009,415,ok,51,2.4443334997503747,20.864583333333332,0,39,10000.0,84.71692154808093,10084.716921548088,0.8471692154808093,3.5697718616755534,95.91448216,-30.881403708083496,53.835517840005195,1339.6176209262198,-1254.900699378139,49.61546744171184,-52.287529140755794,59.806938548294205,-61.78346521043189,1.0675088647173931,0.5294117647058824,0.034917196212749614,-0.232067893387909,0.3207665277968571,0.07982765441656059,0.04491045820381095,41.64705882352941,405.7136340309051,0.14160782892525128,0.0,1.0,4.0
BANKUSD,atr_arm,5,1,5104b68fd7d7,6009,641,ok,103,4.9365951073389915,20.864583333333332,2,108,10000.0,-220.78020714861924,9779.21979285138,-2.207802071486192,7.915026120100767,314.71497475,-17.127767601381503,-237.90797475,3354.5741559185312,-3575.35436306715,95.84497588338661,-52.578740633340445,106.78997956176302,-73.64518174979662,0.9382494195738348,0.33980582524271846,-0.03850362216504251,-0.30938549231868256,0.24943641587657422,0.031970656633718904,0.0704742787987614,24.66990291262136,254.34279954941698,0.22237576839464873,0.0,2.0,2.0
BANKUSD,atr_arm,5,1,1245719458bf,6009,415,ok,33,1.581627558662007,20.864583333333332,0,16,10000.0,571.4646996405227,10571.464699640517,5.714646996405227,4.060062525524263,55.910717034,-51.502416674523104,519.9622829659984,1492.3555536459626,-920.8908540054401,99.49037024306418,-51.16060300030223,120.58017568847028,-56.77242826421116,1.6205563853250589,0.45454545454545453,0.3447852667759667,-0.17423394211984816,0.8346424472960575,0.3843536282544409,0.03956836147847414,86.36363636363636,424.9942568343682,0.12437507597318576,0.0,2.0,4.0
BANKUSD,wpr_only,5,1,5536e003be2a,6009,2081,ok,171,8.19570644033949,20.864583333333332,31,555,10000.0,-1222.3542912314365,8777.645708768561,-12.223542912314365,13.671399792667238,475.230045612,35.5592456194328,-1186.7950456120034,3456.4609734107366,-4678.815264642171,44.31360222321457,-50.30984155529217,52.810508310273,-65.38954408560808,0.7387470498207588,0.45614035087719296,-0.1508477189215032,-0.29774293173199573,0.00623620881839622,-0.0789539226989193,0.0718937962225839,12.32748538011696,256.64115263394916,0.2269386702111658,0.0,1.0,2.0
BANKUSD,wpr_only,5,1,d4527a09260f,6009,1398,ok,64,3.067398901647529,20.864583333333332,0,121,10000.0,-297.0130785842723,9702.986921415726,-2.970130785842723,5.636593698980958,130.99900323,-33.6439246457294,-330.6570032300042,1480.9997598690095,-1778.0128384532816,49.36665866230032,-52.29449524862593,60.0268169988394,-62.42153786018052,0.8329522306246968,0.46875,-0.09168794774022117,-0.34482171794259536,0.16439440058233462,-0.04269300302015825,0.048994944720062904,37.21875,398.84989272060295,0.15456461211856432,0.0,1.0,4.0
BANKUSD,wpr_only,5,1,461613bee59c,6009,2081,ok,125,5.99101347978033,20.864583333333332,26,391,10000.0,-1180.4495538930776,8819.5504461069,-11.804495538930777,16.55457055960669,371.39656172800005,-12.792007834923805,-1193.2415617280203,3330.0796521867833,-4510.529206079861,92.50221256074398,-50.68010343909956,105.69683084974292,-65.88538354628028,0.7382902315981196,0.288,-0.196483089093483,-0.44208281418763024,0.05145095679807057,-0.12458690021886844,0.07189618887461455,22.096,264.35357290375947,0.22713298351956454,0.0,2.0,2.0
BANKUSD,wpr_only,5,1,247ec2c731ff,6009,1398,ok,41,1.965052421367948,20.864583333333332,0,51,10000.0,71.43498134175215,10071.434981341758,0.7143498134175215,5.180904392927025,90.479381802,-3.9903631437523894,67.44461819800199,1489.5327936343044,-1418.0978122925521,99.30218624228696,-54.54222354971354,115.69627696427976,-68.67176964788396,1.050373804065227,0.36585365853658536,0.04330901486579728,-0.40317146456517006,0.5057620602956757,0.09135243085313643,0.04804341598733912,69.53658536585365,444.14075845575644,0.15164699711164897,0.0,2.0,4.0
BANKUSD,adx_only,5,1,8822505d8858,6009,162,ok,55,2.6360459311033453,20.864583333333332,3,33,10000.0,-118.09831286556818,9881.901687134441,-1.1809831286556818,3.8124646872832875,148.16262284799996,13.882690017567601,-104.21562284798893,1344.3328223731141,-1462.4311352386828,48.01188651332551,-54.16411611995122,55.93743649952546,-73.03542115223915,0.9192452143421482,0.509090909090909,-0.039674642259147214,-0.32938997447908996,0.22359991361025425,0.02600223857330934,0.06567688083245656,13.545454545454545,274.0341419586685,0.2071321836052414,0.0,1.0,2.0
BANKUSD,adx_only,5,1,88d2c6a947a0,6009,104,ok,23,1.1023464802795806,20.864583333333332,0,8,10000.0,12.569527163009262,10012.56952716301,0.12569527163009261,2.63461845899703,48.329415088000005,-13.000942251009,-0.4314150879981753,592.6756666455847,-580.1061394825754,49.38963888713206,-52.736921771143216,56.02540225364844,-64.76334300047914,1.0216676333993304,0.5217391304347826,0.01432495178423681,-0.4147957342757732,0.44392052779331537,0.06313843490280928,0.048813483118572434,44.30434782608695,389.1366031617345,0.1541924223805075,0.0,1.0,4.0
BANKUSD,adx_only,5,1,b5acf63ba5bf,6009,162,ok,48,2.3005491762356467,20.864583333333332,2,24,10000.0,166.03259149786035,10166.03259149787,1.6603259149786036,7.026792121437589,136.24042575800001,-10.346017255860302,155.68657424200683,1779.7498314983056,-1613.7172400004447,98.87499063879476,-53.790574666681486,112.27580612277339,-72.63412762942465,1.1028882801659943,0.375,0.07382635450671804,-0.3522374979426157,0.5203727315284536,0.13964071723085483,0.06581436272413682,25.0,262.868122949042,0.20749894021582374,0.0,2.0,2.0
BANKUSD,adx_only,5,1,8f0add012268,6009,104,ok,20,0.9585621567648528,20.864583333333332,0,6,10000.0,239.96043749654956,10239.960437496546,2.3996043749654956,2.2167570293641963,47.634167954,-13.3396054505492,226.6208320459973,840.0250988766988,-600.0646613801493,93.33612209741098,-54.55133285274085,104.66124233699504,-66.01119161320513,1.3998909666578936,0.45,0.2420659308761443,-0.36844154033688203,0.8799110639577358,0.29421522712436526,0.05214929624822097,77.3,316.684571958206,0.1646458691329116,0.0,2.0,4.0
ETHUSD,atr_arm,5,1,ae190a209e26,169475,23918,ok,511,0.8683758666469982,588.4548611111111,21530,693,10000.0,-3048.7489130422346,6951.251086957776,-30.487489130422347,31.399992401676734,2224.039583534,-3.4341704917910496,-3052.1830835340097,9527.744814857571,-12576.493727899804,38.730669979095815,-47.45846689773511,45.87470260799939,-57.320366150000794,0.7575835539695089,0.48140900195694714,-0.14033638043874988,-0.22932231591042,-0.05033681323182115,-0.016525814472719832,0.12381056596603006,18.031311154598825,121.96657612117376,0.3905753953502326,0.0,1.0,2.0
ETHUSD,atr_arm,5,1,fba2f87a03ea,169475,23895,ok,1437,2.4419884938781533,588.4548611111111,7293,1953,10000.0,-3871.2410965248628,6128.758903475122,-38.71241096524863,42.3995341667756,5620.618157965,-4.492061440127256,-3875.7331579650127,29718.165213884,-33589.40631040887,40.934111864853996,-47.24248426217844,50.564242587119466,-60.071386547421,0.8847481536068343,0.5052192066805845,-0.06585517260082996,-0.11713515510929173,-0.014056998731013872,0.04166048530056884,0.1075156579013988,65.86360473208073,141.19452615424038,0.3388535941412697,0.0,1.0,4.0
ETHUSD,atr_arm,5,1,5104b68fd7d7,169475,23918,ok,424,0.7205310517775484,588.4548611111111,20542,571,10000.0,-1729.413395795295,8270.586604204686,-17.29413395795295,22.050180630362973,2231.176034301,-5.375638505740852,-1734.7890343010513,13054.097718932182,-14783.51111472748,88.20336296575799,-53.56344606785319,100.28377671300014,-59.98373595000059,0.8830174116030908,0.3490566037735849,-0.08473768072498003,-0.21936466560498236,0.05146814765763949,0.039169636342125475,0.12390731706710555,41.9622641509434,122.27484391739489,0.39095436469405026,0.0,2.0,2.0
ETHUSD,atr_arm,5,1,1245719458bf,169475,23895,ok,1007,1.7112612479716773,588.4548611111111,5707,1358,10000.0,-3452.1475086452742,6547.852491354759,-34.52147508645274,40.53154736719375,4324.123449627001,34.4030590182856,-3417.7444496269654,26727.136271826817,-30179.28378047209,72.23550343736977,-47.377211586298415,104.02196090399987,-60.99889679999918,0.8856120134010923,0.36742800397219466,-0.08012438057415903,-0.16123552010678371,0.002758511870581354,0.02789573762190124,0.10802011819606029,112.15392254220457,138.87891195555875,0.3404357236674097,0.0,2.0,4.0
ETHUSD,wpr_only,5,1,5536e003be2a,169475,75623,ok,666,1.1317775483109604,588.4548611111111,66406,2688,10000.0,-1445.3198927002884,8554.680107299708,-14.453198927002884,16.426040523134088,3018.623324902,15.68006779827135,-1340.9712523330163,14454.779596318433,-15900.09948901872,41.064714762268274,-50.6372595191679,47.58874436205233,-57.320366150000794,0.909099946594769,0.5285285285285285,-0.04430676322575191,-0.12053501585489113,0.035521296991499425,0.0797430650334924,0.1240498282592443,20.683183183183182,120.11616446462396,0.3912231496687113,0.15015015015015015,1.0,2.0
ETHUSD,wpr_only,5,1,d4527a09260f,169475,75530,ok,1514,2.5728396518660572,588.4548611111111,19072,6037,10000.0,-4544.8376757842225,5455.162324215771,-45.448376757842226,48.386906051411124,5267.310373109,-0.9641973247637488,-4545.801873108983,27543.445576623435,-32088.28325240766,36.38500076172184,-42.388749342678544,49.84783593900014,-60.03883295999974,0.8583645737593888,0.5,-0.07804304681688334,-0.12649691402054547,-0.02695556946429488,0.027567853381255853,0.10561090019813921,72.61030383091149,146.86757774953946,0.3326394250531109,0.0,1.0,4.0
ETHUSD,wpr_only,5,1,461613bee59c,169475,75623,ok,517,0.8785720607759256,588.4548611111111,62123,2058,10000.0,-2506.6473286067817,7493.352671393211,-25.066473286067815,26.556914889354076,2394.550284723,12.258543883777197,-2494.388784723008,13611.188096727245,-16117.835425334028,77.77821769558426,-47.12817375828663,97.10693376999986,-57.81788400000068,0.8444799030106218,0.33849129593810445,-0.10708724275918699,-0.221774633745351,0.018788085869112067,0.01653747234612818,0.12362471510531518,48.63056092843327,120.12325690708727,0.38989855323049366,0.0,2.0,2.0
ETHUSD,wpr_only,5,1,247ec2c731ff,169475,75530,ok,1030,1.750346658799233,588.4548611111111,15783,4056,10000.0,-2698.9355867815348,7301.064413218455,-26.989355867815345,35.06040056313201,4169.300878656,21.306208125531,-2677.6293786560273,25885.57554964185,-28584.51113642339,66.37327064010731,-44.663298650661545,104.25075243979664,-60.582223459999426,0.9055804881916465,0.3786407766990291,-0.056898140392735407,-0.13544378233733073,0.0258189995349867,0.04852670168426955,0.10542484207700495,119.35533980582524,144.9404353620829,0.332097620139259,0.0,2.0,4.0
ETHUSD,adx_only,5,1,8822505d8858,169475,6843,ok,357,0.6066735506711904,588.4548611111111,6018,239,10000.0,-906.6751056877899,9093.324894312198,-9.0667510568779,15.904212092579126,1768.269813571,-9.102707883224848,-915.7778135710323,8626.08596472775,-9532.76107041554,46.12880195041578,-56.07506512009141,50.52745962000012,-60.45606220499987,0.9048885103706615,0.5238095238095238,-0.05077119799314078,-0.15439412743978317,0.052256366502223754,0.07049874100242699,0.12126993899556779,18.515406162464988,126.58850738740468,0.38262826973900615,0.0,1.0,2.0
ETHUSD,adx_only,5,1,88d2c6a947a0,169475,6829,ok,1113,1.8913940109160643,588.4548611111111,2181,779,10000.0,-2516.464080022939,7483.535919977096,-25.16464080022939,28.36124236485615,4380.571832452,16.590747570940653,-2499.873332451968,23798.03472676075,-26314.49880678369,41.82431410678515,-48.37224045364649,49.53568105400004,-58.05237004999975,0.9043696747370992,0.5112309074573226,-0.04971192620870317,-0.10917768226257339,0.0103015390378156,0.055121684381994815,0.10483361059069798,69.38903863432165,146.99921636447309,0.33039069943501054,0.0,1.0,4.0
ETHUSD,adx_only,5,1,b5acf63ba5bf,169475,6843,ok,305,0.5183065348871515,588.4548611111111,5815,238,10000.0,-1015.183036162922,8984.816963837053,-10.15183036162922,16.45829174329659,1533.0135547300001,-26.257018567095756,-1041.4400547300374,9341.287828641656,-10356.470864804578,87.30175540786594,-52.30540840810393,95.78247806399959,-58.2224216600004,0.901975967545767,0.35081967213114756,-0.06513152493715516,-0.2332834719880919,0.10317116066461293,0.0576468439992048,0.12277836893635993,42.34098360655738,124.55701480091771,0.3872883898608526,0.0,2.0,2.0
ETHUSD,adx_only,5,1,8f0add012268,169475,6829,ok,806,1.3696887446526036,588.4548611111111,1912,539,10000.0,-2565.9123547654845,7434.087645234522,-25.659123547654843,30.837980694028378,3313.270803177,11.311551588485454,-2554.6008031769816,20510.56456072125,-23076.47691548673,68.3685485357375,-45.605685603728716,100.79669692799993,-58.470012999999746,0.888808314884345,0.37220843672456577,-0.06954011117602937,-0.16106065424652327,0.026896493026083,0.03523684500889347,0.10477695618492285,118.3970223325062,146.8140396951796,0.33009100919314627,0.0,2.0,4.0
SOLUSD,atr_arm,5,1,ae190a209e26,169475,24820,ok,722,1.2269420268476177,588.4548611111111,21322,1013,10000.0,-2275.7586438379362,7724.241356162078,-22.757586438379363,25.05828100365191,3236.955385576,-4.5998417380937,-2280.358485576019,15485.833535770686,-17761.59217960862,41.74079120153824,-50.602826722531674,47.718641663999854,-57.49563603099965,0.8718719233712257,0.5138504155124654,-0.07056995200723873,-0.1439063772501354,0.002001364239623063,0.05032348667053454,0.12089343867777326,15.12742382271468,123.98156469649953,0.37459890984341154,0.0,1.0,2.0
SOLUSD,atr_arm,5,1,fba2f87a03ea,169475,24744,ok,1739,2.955196931700841,588.4548611111111,5790,2384,10000.0,-5180.001935174001,4819.998064826029,-51.80001935174001,54.42249271046889,5735.6148216868005,16.601913487187574,-5085.309449683994,30862.688224660793,-36042.69015983479,35.433625975500334,-41.52383658967142,51.03468505360001,-59.73507670374005,0.8562814842010189,0.5008625646923519,-0.08311383716590257,-0.13105153617868107,-0.03690270065315982,0.02179459109788672,0.10490842826378927,58.441633122484184,145.78127800444923,0.32305654907559905,0.05750431282346176,1.0,4.0
SOLUSD,atr_arm,5,1,5104b68fd7d7,169475,24820,ok,594,1.0094232187638295,588.4548611111111,20011,838,10000.0,-1699.7338707897875,8300.2661292102,-16.997338707897875,22.14616700783328,2994.5961039236,3.415166866167822,-1696.318703923631,18542.77236429727,-20242.506235087058,88.72139887223574,-52.577938272953396,101.0407056453882,-59.55131641500003,0.9160314512911658,0.35185185185185186,-0.05789693347725255,-0.1727305754979975,0.057749766199760404,0.06433713479097014,0.1222340682682227,37.294612794612796,122.53153904736402,0.379060615309438,0.0,2.0,2.0
SOLUSD,atr_arm,5,1,1245719458bf,169475,24744,ok,1151,1.955969907065939,588.4548611111111,4777,1565,10000.0,-2248.169112135188,7751.830887864831,-22.481691121351876,27.305956078955756,5012.516344469201,36.01346766597288,-2212.155644469194,33699.36710754095,-35947.53621967614,78.37062118032779,-49.85788657375332,100.02355049162458,-59.879807567999705,0.9374597163378157,0.3735881841876629,-0.03846431565937672,-0.11710519726373879,0.04220293754769128,0.06577012640724042,0.10423444206661713,102.92354474370113,147.37288428922557,0.3224169829117386,0.0,2.0,4.0
SOLUSD,wpr_only,5,1,5536e003be2a,169475,73308,ok,920,1.5634164331022276,588.4548611111111,60634,3708,10000.0,-2512.426070159576,7487.573929840455,-25.12426070159576,34.13360229882006,4262.4425711431995,9.516799016368502,-2417.861687967178,20491.853953392158,-23004.280023551735,42.95986153750977,-51.928397344360576,52.85244348960002,-64.35445468200037,0.8907844076151324,0.5184782608695652,-0.06157976410834942,-0.1298719795402537,0.006716055122214797,0.06046891108488426,0.12204867519323369,17.464130434782607,121.93035860532993,0.3785339634545925,0.10869565217391304,1.0,2.0
SOLUSD,wpr_only,5,1,d4527a09260f,169475,73048,ok,1845,3.135329694645228,588.4548611111111,14215,7039,10000.0,-3793.2674991208964,6206.73250087916,-37.93267499120896,42.48949522708635,6286.2317804350005,23.24451868591436,-3770.0229804349183,35289.64658364398,-39082.91408276488,37.14699640383577,-43.668060427670255,49.46026968640009,-59.56076871736431,0.9029430740223722,0.5149051490514905,-0.051295953416563865,-0.09731914981739362,-0.004068831969265213,0.05213204980790702,0.10342800322447088,62.28021680216802,150.23400370052366,0.3187291599042907,0.0,1.0,4.0
SOLUSD,wpr_only,5,1,461613bee59c,169475,73308,ok,718,1.2201445640949993,588.4548611111111,56370,2873,10000.0,-4157.9548986856025,5842.045101314413,-41.579548986856025,46.662343698609035,3137.8851297346,-6.090631049007739,-4164.045529734603,17830.075990269477,-21988.03088895508,77.18647614835271,-45.149960757607964,101.84314765440062,-60.90126541500023,0.8108991696580613,0.32172701949860727,-0.1471481326056686,-0.24958672910599197,-0.04787616435754152,-0.0246845031044305,0.12246362950123808,39.7075208913649,120.86305179360403,0.3791206479554215,0.0,2.0,2.0
SOLUSD,wpr_only,5,1,247ec2c731ff,169475,73048,ok,1219,2.0715267738604517,588.4548611111111,11489,4610,10000.0,-3779.293366611464,6220.706633388537,-37.79293366611464,47.924883799797335,4700.840637223,43.697129388480334,-3735.5962372229824,31256.836655946267,-35036.13002255773,71.03826512715061,-44.97577666567103,105.5800005391994,-61.56927176399961,0.8921315406645027,0.3609515996718622,-0.07654602843574888,-0.15500366669581164,0.005712523284023931,0.026018488673163566,0.10256451710891247,105.43560295324036,151.55891195757678,0.3162955309830041,0.0,2.0,4.0
SOLUSD,adx_only,5,1,8822505d8858,169475,6115,ok,424,0.7205310517775484,588.4548611111111,5139,294,10000.0,-2047.0756487890476,7952.924351210941,-20.470756487890476,30.5764694492623,1977.7887198172002,0.593828971838001,-2046.4818198172106,9206.74216534465,-11253.8178141337,43.841629358784054,-52.58793371090514,53.02512294640004,-64.10876015999969,0.8180994501067788,0.49528301886792453,-0.10836072286208516,-0.2032039488754271,-0.013114995988353086,0.011060005240232235,0.11942072810231742,18.07547169811321,125.26014878620907,0.37034910800486065,0.0,1.0,2.0
SOLUSD,adx_only,5,1,88d2c6a947a0,169475,6092,ok,1276,2.1683906180852635,588.4548611111111,1392,820,10000.0,-2398.883403436044,7601.11659656394,-23.988834034360437,29.25215870048863,4572.9896557898,20.542247646227736,-2378.341155789837,25624.116047208296,-28022.99945064434,38.47464871953198,-45.939343361712034,49.07178260997126,-57.9980920356801,0.9143959087013119,0.5219435736677116,-0.040987061937071106,-0.09266834934783044,0.013583617819289575,0.06249490634302982,0.10348196828010091,63.13479623824451,149.96059983591584,0.3192484605729881,0.0,1.0,4.0
SOLUSD,adx_only,5,1,b5acf63ba5bf,169475,6115,ok,376,0.6389614987461277,588.4548611111111,4976,249,10000.0,-2629.5160658264476,7370.483934173538,-26.29516065826448,32.935761898885154,1753.3092415044,8.162824322041802,-2621.353241504411,9938.75835693596,-12568.274422762406,84.22676573674542,-48.714241948691495,102.05913870640008,-60.459744757999914,0.7907814567555806,0.31382978723404253,-0.16111714235630584,-0.30935383896431423,-0.024570746636583374,-0.04129790270769307,0.11981923964861278,40.329787234042556,125.26014878620907,0.37086129835571163,0.0,2.0,2.0
SOLUSD,adx_only,5,1,8f0add012268,169475,6092,ok,901,1.5311284850272902,588.4548611111111,1182,538,10000.0,-1553.9393245245992,8446.06067547542,-15.539393245245991,26.295649249411213,3542.8423878656004,18.45203665900055,-1535.4872878655988,23705.930464945748,-25259.86978947035,68.9125885608888,-45.34985599545844,99.37665528959995,-60.364870056000264,0.9384818948998555,0.38179800221975585,-0.034832976797635994,-0.12625659446382403,0.05332893977083604,0.06797915347641462,0.10281213027405062,110.95227524972253,150.8675748641503,0.31730814143238456,0.0,2.0,4.0
BTCUSD,atr_arm,5,1,ae190a209e26,169474,25212,ok,134,0.22771634587016296,588.4513888888889,24447,180,10000.0,39.50636269044557,10039.50636269046,0.3950636269044557,3.8069317569497905,678.625368536,-5.1517312264456,34.3546314640098,3359.9520717648056,-3320.44570907436,45.40475772655143,-55.340761817906,51.744184709477,-60.682656266933996,1.0118979095434326,0.5522388059701493,0.008692737022392885,-0.15987898961628336,0.1839840910137493,0.13548135109809234,0.12678861407569944,23.559701492537314,117.21910762533591,0.3971127108116397,0.0,1.0,2.0
BTCUSD,atr_arm,5,1,fba2f87a03ea,169474,25207,ok,661,1.123287347911774,588.4513888888889,15363,923,10000.0,-2571.924360148699,7428.075639851322,-25.71924360148699,30.194277097902116,2718.417655337,-29.29779518830116,-2601.22215533698,12383.298313039457,-14955.222673188156,37.985577647360294,-44.64245574086017,46.860616475,-57.0897919200555,0.8280250039499802,0.49319213313161875,-0.08850221183954102,-0.16142096433458178,-0.014547161251274834,0.02761685241393599,0.11611906425347703,84.38275340393344,130.6015037593985,0.362993196944175,0.0,1.0,4.0
BTCUSD,atr_arm,5,1,5104b68fd7d7,169474,25212,ok,110,0.1869313286993875,588.4513888888889,23971,157,10000.0,-366.660173243314,9633.339826756692,-3.66660173243314,5.829069306789083,596.860400033,-10.86922678968605,-377.52940003300137,3436.712557181354,-3803.3727304246677,85.91781392953385,-54.33389614892383,100.6963769693312,-60.284411952562,0.9035960450811841,0.36363636363636365,-0.06344967577891185,-0.3331828156256206,0.20345435509201448,0.06298524420523559,0.1264349199841474,60.1,117.78673588139486,0.39636442226007323,0.0,2.0,2.0
BTCUSD,atr_arm,5,1,1245719458bf,169474,25207,ok,484,0.822497846277305,588.4513888888889,14019,695,10000.0,-2774.7974703326845,7225.202529667325,-27.747974703326843,31.000189058051248,2143.4718354650004,-0.8273651323155491,-2775.6248354650043,9939.545956221464,-12714.343426554147,54.91461854266002,-41.961529460574745,96.210684768,-56.27642086,0.7817584929680705,0.3739669421487603,-0.13302958445212415,-0.24644126251870332,-0.019490411794937084,-0.015395807736287999,0.11763377671583614,140.94628099173553,126.96175285222463,0.3674525014602548,0.0,2.0,4.0
BTCUSD,wpr_only,5,1,5536e003be2a,169474,73998,ok,172,0.2922926230572241,588.4513888888889,71127,668,10000.0,-528.4829672418412,9471.517032758165,-5.284829672418412,9.441569920973919,874.585877461,-7.602410219158949,-536.085377460995,3969.4057361457417,-4497.888703387582,44.10450817939713,-54.85230126082417,47.386284720000006,-58.99490636,0.882504214289737,0.5232558139534884,-0.060327011241528575,-0.21450843223499044,0.08858929849035944,0.06777853495401197,0.12810554619554054,26.563953488372093,116.32349710406979,0.4012835086085299,0.0,1.0,2.0
BTCUSD,wpr_only,5,1,d4527a09260f,169474,73970,ok,787,1.3374086880583451,588.4513888888889,40423,3054,10000.0,-3091.2486276298764,6908.751372370122,-30.91248627629876,33.79579200497917,3262.203147135,-5.520519505124102,-3096.769147134997,14579.049743984746,-17670.298371614623,38.16505168582394,-43.630366349665735,49.53784893784189,-59.20143994015,0.8250596247658373,0.48538754764930114,-0.09302510595654241,-0.16194054375003572,-0.024790761438730925,0.023930597800500077,0.11695570375704248,85.89199491740787,127.60739799851689,0.36526294622784844,0.0,1.0,4.0
BTCUSD,wpr_only,5,1,461613bee59c,169474,73998,ok,142,0.24131135159375477,588.4513888888889,69455,582,10000.0,-880.257173898201,9119.7428261018,-8.80257173898201,9.886559374529668,766.9218400889999,-4.477166190799048,-884.7343400889895,4150.344451108373,-5030.601625006573,84.70090716547699,-54.092490591468525,95.72121815490794,-59.2765134796022,0.8250195027325284,0.34507042253521125,-0.1246529599684954,-0.3526162975586601,0.11006394151112041,0.002241206118114317,0.1268941660866098,60.96478873239437,116.89681090004856,0.3977179302001113,0.0,2.0,2.0
BTCUSD,wpr_only,5,1,247ec2c731ff,169474,73970,ok,581,0.9873372906758558,588.4513888888889,36510,2311,10000.0,-3080.9942939601938,6919.0057060398185,-30.809942939601935,31.263487466602285,2658.7890889669998,-20.715295006806446,-3101.709588967009,12755.494664948192,-15836.488958908387,60.74045078546758,-42.68595406713851,96.37766625292291,-57.196702800000004,0.8054496610988343,0.3614457831325301,-0.12568220909619207,-0.2261757742265597,-0.02594702489895032,-0.007237153566707528,0.11844505552948453,136.0327022375215,125.43761565992685,0.36985497178279003,0.0,2.0,4.0
BTCUSD,adx_only,5,1,8822505d8858,169474,6539,ok,89,0.151244438674959,588.4513888888889,6312,65,10000.0,-351.66948821374484,9648.330511786251,-3.5166948821374486,5.284204290979272,434.016647535,-2.811659321255201,-354.4811475350016,2003.285122702911,-2354.9546109166554,44.517447171175796,-53.52169570265126,48.458187504001806,-56.56728675,0.85066825212531,0.5056179775280899,-0.07852174321102863,-0.2951020727066291,0.118802411607363,0.04369071993926917,0.12221246315029778,28.191011235955056,124.8333273271109,0.38279191187445055,0.0,1.0,2.0
BTCUSD,adx_only,5,1,88d2c6a947a0,169474,6536,ok,491,0.8343934762854479,588.4513888888889,4386,321,10000.0,-1710.1258658102774,8289.874134189735,-17.101258658102775,22.521851442737454,2099.108471909,-11.68260609872236,-1721.808471908982,9944.881712427947,-11655.007578238225,40.10032948559656,-47.9629941491285,47.783255616000005,-57.6359905,0.8532711493896101,0.505091649694501,-0.07411545590929254,-0.16334391975198717,0.00983662896778029,0.039052260783043496,0.11316771669233605,86.16496945010184,132.0848705614969,0.3537487381460168,0.0,1.0,4.0
BTCUSD,adx_only,5,1,b5acf63ba5bf,169474,6539,ok,81,0.13764943295136717,588.4513888888889,6261,59,10000.0,535.9794723066841,10535.97947230668,5.359794723066841,3.8118266795147577,447.7445840600001,-8.200056366684048,527.77941594,3117.8364124775608,-2581.856940170876,89.08104035650173,-56.12732478632339,101.23170257271036,-60.938624847309754,1.2075945665181633,0.43209876543209874,0.13549970262324407,-0.15028769472326708,0.4439564070008435,0.25919381812219255,0.12369411549894854,62.148148148148145,124.344993626965,0.38715751304534113,0.0,2.0,2.0
BTCUSD,adx_only,5,1,8f0add012268,169474,6536,ok,391,0.6644559047405502,588.4513888888889,3980,232,10000.0,-1202.2969417837714,8797.703058216217,-12.022969417837714,19.24452138148263,1920.696811188,9.554630595771096,-1192.7423111880144,10278.24279728871,-11480.539739072483,70.39892326910076,-46.859345873765236,99.41259772800001,-59.0949211909056,0.8952752249363403,0.3734015345268542,-0.06250244281572495,-0.19012617700318782,0.06832732503682269,0.051177358262233574,0.11367980107795857,138.693094629156,131.34344247569746,0.35531515976535905,0.0,2.0,4.0
XRPUSD,atr_arm,5,1,ae190a209e26,169475,24588,ok,679,1.1538693022569702,588.4548611111111,20918,898,10000.0,-4033.6034404580914,5966.396559541899,-40.336034404580914,42.610555200386926,2578.039918253,-0.388277794915989,-4033.991718253026,11368.32385349879,-15401.927293956882,35.30535358229438,-43.14265348447306,47.96922754919992,-57.46262445699997,0.7381104738729211,0.4742268041237113,-0.14953326704837394,-0.22529146165579728,-0.07171000783862533,-0.030201662648305382,0.11933160440006858,14.622974963181148,124.84299470939726,0.3777935541876484,0.0,1.0,2.0
XRPUSD,atr_arm,5,1,fba2f87a03ea,169475,24512,ok,1453,2.469178344888627,588.4548611111111,7357,1931,10000.0,-4308.271547567313,5691.7284524327415,-43.082715475673126,49.8840203206494,4613.0451753474,36.90317221990459,-4271.36837534737,24982.95358990798,-29291.22513747529,34.129718018999974,-40.625832368204286,51.51460404520005,-60.58007154179983,0.8529159662203649,0.503785271851342,-0.07505835585752547,-0.12844184695809693,-0.021833527943522578,0.029309869126485866,0.10436822498401135,63.432209222298695,147.25130890052333,0.330279412941517,0.0,1.0,4.0
XRPUSD,atr_arm,5,1,5104b68fd7d7,169475,24588,ok,530,0.9006638147219355,588.4548611111111,20068,705,10000.0,-3154.2712488883744,6845.7287511116365,-31.542712488883744,35.004714645927365,2340.246294761,1.6671541273641495,-3152.6040947609963,13497.81423543307,-16652.085484321447,78.4756641594946,-46.51420526346773,97.19733139380024,-58.243532952000585,0.8105780052679744,0.32452830188679244,-0.137991621348037,-0.26288074776116616,-0.016432671280445035,-0.01736652848444888,0.12062509286358815,34.11698113207547,123.9952113753913,0.38187177410528045,0.0,2.0,2.0
XRPUSD,atr_arm,5,1,1245719458bf,169475,24512,ok,1019,1.7316536362295325,588.4548611111111,6146,1368,10000.0,-3485.616681471454,6509.44067187829,-34.85616681471454,40.46915779677897,4115.1246400956,43.64864137584325,-3443.9335360006226,26863.157864285116,-30348.77454575657,73.79988424254152,-46.33400694008636,104.66623512300008,-60.70677023000006,0.8851480254592745,0.3572129538763494,-0.07951551192532327,-0.16214860031721465,0.005791224367477619,0.02524747493156942,0.10476298685689271,105.4170755642787,144.30686155851473,0.3315256831949035,0.0,2.0,4.0
XRPUSD,wpr_only,5,1,5536e003be2a,169475,74364,ok,858,1.4580557604366426,588.4548611111111,60280,3448,10000.0,-3579.9707208865857,6420.029279113424,-35.799707208865854,41.302276093811265,3453.0314569176,-21.11533603100894,-3601.0860569175766,16079.877764016517,-19659.8484849031,37.56980785985168,-45.720577871867675,47.8958670972001,-58.21177648799957,0.8179044602690778,0.4988344988344988,-0.10070353950189725,-0.17229912692173252,-0.03134125162271158,0.019401481018178852,0.12010502052007611,17.166666666666668,124.44284710312508,0.3801527218671564,0.0,1.0,2.0
XRPUSD,wpr_only,5,1,d4527a09260f,169475,74077,ok,1529,2.598330137188376,588.4548611111111,19229,5899,10000.0,-4584.179667571754,5415.820332428239,-45.841796675717546,49.911367998973965,5120.1870245764,41.34124299535518,-4542.838424576406,28153.61988249216,-32737.799550063915,36.610689053955994,-43.07605203955778,50.90882744000013,-60.06957659200018,0.859972883621532,0.5029431000654022,-0.07767745347898072,-0.12776130875249722,-0.02751161677279332,0.02525263853866478,0.10293009201764548,67.82275997383911,148.8195615514348,0.3257612632746648,0.0,1.0,4.0
XRPUSD,wpr_only,5,1,461613bee59c,169475,74364,ok,665,1.1300781826228057,588.4548611111111,56727,2636,10000.0,-4026.5238635833357,5973.476136416653,-40.265238635833356,46.430213130683754,2825.6803162598,-19.885452676467494,-4046.4093162598065,16196.292321590307,-20222.816185173644,75.33159219344329,-44.9395915226081,106.95832385280013,-63.03409054000029,0.8008920307283719,0.3233082706766917,-0.14999599679411155,-0.2602791034995202,-0.04525900282223209,-0.029790892236951548,0.12020510455715999,37.61954887218045,123.55658198614411,0.380569990729613,0.0,2.0,2.0
XRPUSD,wpr_only,5,1,247ec2c731ff,169475,74077,ok,1029,1.7486472931110784,588.4548611111111,15561,3993,10000.0,-3360.818586435079,6639.181413564918,-33.60818586435079,44.49564911445496,4229.6952839448,79.96940249028185,-3280.8491839448034,27224.733540044654,-30585.552126479735,73.1847675807652,-46.55335179068453,114.52614748438992,-65.43556649000097,0.8901174458928462,0.36151603498542273,-0.07509015219931811,-0.15598556016024856,0.007200003380343264,0.02894460036403289,0.10403475256335103,114.88532555879495,147.28112987517824,0.32927448385848274,0.0,2.0,4.0
XRPUSD,adx_only,5,1,8822505d8858,169475,6062,ok,411,0.6984392978315386,588.4548611111111,5052,260,10000.0,-2759.073477842835,7240.926522157195,-27.59073477842835,29.65811923929843,1688.4824762656,-3.62079842275684,-2762.69427626556,7675.020622075879,-10434.094099918715,39.76694622837243,-47.8628169721042,49.14811556473825,-58.75248257999931,0.7355713441510624,0.46958637469586373,-0.15451140866220547,-0.24984108837482988,-0.057839905796288525,-0.039224824144531364,0.1152865845176741,17.856447688564476,129.47199238049978,0.36497910242132814,0.0,1.0,2.0
XRPUSD,adx_only,5,1,88d2c6a947a0,169475,6019,ok,1075,1.8268181147661897,588.4548611111111,1951,671,10000.0,-2624.8399711441584,7375.160028855858,-26.248399711441582,32.00409900396973,3789.4623203264,61.0920508177597,-2563.74792032637,21212.185158410426,-23837.025129554582,38.427871663787,-45.57748590737014,48.313134765000065,-57.060309804960006,0.8898839113992576,0.5134883720930232,-0.0541335054139641,-0.11443341818621673,0.008068774941948412,0.04852987259746327,0.10266337801142734,63.96372093023256,148.27929622662393,0.3248453344182623,0.0,1.0,4.0
XRPUSD,adx_only,5,1,b5acf63ba5bf,169475,6062,ok,360,0.6117716477356543,588.4548611111111,4946,242,10000.0,-2941.8574046601593,7058.142595339826,-29.41857404660159,30.799373800428864,1633.8114859774,-13.0555813172354,-2954.912985977401,9210.959196198366,-12152.816600858525,83.73599269271241,-48.6112664034341,96.74552044065591,-57.92453431599931,0.7579279354505906,0.3055555555555556,-0.18870599307858393,-0.3364544205552224,-0.04268501807193032,-0.07182502197086046,0.11688097110772347,33.419444444444444,127.7316240048343,0.3701219386983638,0.0,2.0,2.0
XRPUSD,adx_only,5,1,8f0add012268,169475,6019,ok,786,1.3357014308895119,588.4548611111111,1696,474,10000.0,1434.706427678978,11434.706427678955,14.347064276789778,23.773626736540567,3911.7802679522,74.17260436883141,1508.879032047811,28740.274920148568,-27305.56849246959,91.82196460111363,-57.72847461410061,121.32293449920037,-70.2263191559999,1.0525426316641109,0.3982188295165394,0.038934302886366554,-0.04837987030997267,0.13753250945062556,0.14146647396160678,0.10253217107524025,108.9910941475827,148.32757114703614,0.32428872926295793,0.0,2.0,4.0
