st,adx,di,wpr,tr_trades,tr_n_eff,tr_win_rate,tr_gross_r,tr_cost_r,tr_net_r,tr_se,tr_t,tr_trades_per_day,va_trades,va_n_eff,va_win_rate,va_gross_r,va_cost_r,va_net_r,va_se,va_t,va_trades_per_day
0,0,0,wpr_A,9928,7158.9,0.3383,0.015,0.1591,-0.1441,0.0168,-8.59,28.13,2632,1573.7,0.318,-0.046,0.1616,-0.2075,0.0352,-5.9,22.38
0,0,0,wpr_B,9769,5702.4,0.338,0.014,0.1595,-0.1455,0.0188,-7.73,27.69,2579,1321.0,0.3346,0.0039,0.161,-0.1571,0.0389,-4.04,21.92
0,0,0,wpr_C,7716,4406.5,0.3239,-0.0284,0.1579,-0.1863,0.0212,-8.81,21.87,2091,798.6,0.3376,0.0129,0.1553,-0.1424,0.0502,-2.83,17.77
0,0,0,wpr_pullback,8989,4920.4,0.3272,-0.0185,0.1577,-0.1761,0.0201,-8.78,25.48,2385,890.0,0.3384,0.0151,0.156,-0.1409,0.0476,-2.96,20.27
0,0,0,wpr_band,8140,4580.6,0.3291,-0.0127,0.1582,-0.1709,0.0208,-8.2,23.07,2197,824.2,0.3332,-0.0005,0.1563,-0.1568,0.0493,-3.18,18.68
0,0,1,wpr_none,9972,6689.7,0.338,0.0141,0.1593,-0.1451,0.0174,-8.35,28.25,2606,1395.2,0.3262,-0.0215,0.1594,-0.1809,0.0376,-4.81,22.14
0,0,1,wpr_A,9723,7042.8,0.3376,0.0127,0.1595,-0.1469,0.0169,-8.68,27.55,2553,1208.4,0.3286,-0.0141,0.16,-0.1741,0.0405,-4.3,21.7
0,0,1,wpr_B,9469,5815.7,0.3367,0.01,0.1595,-0.1494,0.0186,-8.03,26.84,2508,1160.4,0.3285,-0.0144,0.1602,-0.1746,0.0414,-4.22,21.31
0,0,1,wpr_C,4883,3709.1,0.3391,0.0174,0.1574,-0.1399,0.0233,-6.0,13.84,1334,880.1,0.3306,-0.0082,0.1548,-0.163,0.0476,-3.42,11.34
0,0,1,wpr_pullback,5080,3651.0,0.3376,0.0128,0.1573,-0.1446,0.0235,-6.15,14.4,1378,930.8,0.3374,0.0123,0.1551,-0.1428,0.0465,-3.07,11.71
0,0,1,wpr_band,7345,5235.0,0.3325,-0.0026,0.1582,-0.1608,0.0195,-8.23,20.82,1999,1261.5,0.3412,0.0235,0.1543,-0.1307,0.0401,-3.26,17.0
0,1,0,wpr_none,9007,3793.1,0.3279,-0.0164,0.1602,-0.1766,0.0229,-7.72,25.53,2413,861.2,0.3195,-0.0414,0.1407,-0.1822,0.0478,-3.81,20.52
0,1,0,wpr_A,8719,6220.8,0.3375,0.0126,0.1592,-0.1466,0.018,-8.15,24.72,2377,1637.3,0.3437,0.0311,0.1612,-0.1301,0.0352,-3.7,20.21
0,1,0,wpr_B,8585,5622.1,0.3383,0.0148,0.1597,-0.1449,0.019,-7.64,24.34,2362,1243.9,0.3395,0.0186,0.1609,-0.1423,0.0403,-3.53,20.09
0,1,0,wpr_C,6672,3873.6,0.3221,-0.0337,0.1579,-0.1917,0.0225,-8.51,18.91,1846,861.2,0.3364,0.0092,0.1563,-0.1471,0.0484,-3.04,15.69
0,1,0,wpr_pullback,8245,4787.1,0.3281,-0.0158,0.1577,-0.1734,0.0204,-8.52,23.37,2221,941.5,0.339,0.0171,0.1555,-0.1384,0.0463,-2.99,18.88
0,1,0,wpr_band,7175,4338.0,0.3302,-0.0095,0.1581,-0.1675,0.0214,-7.82,20.33,1991,894.0,0.333,-0.001,0.1577,-0.1587,0.0473,-3.35,16.92
0,1,1,wpr_none,8772,5819.8,0.3397,0.0192,0.1591,-0.1399,0.0187,-7.5,24.86,2397,1205.0,0.3279,-0.0163,0.1598,-0.176,0.0406,-4.34,20.37
0,1,1,wpr_A,8507,5738.3,0.3404,0.0213,0.1597,-0.1384,0.0188,-7.37,24.12,2330,1051.7,0.3352,0.0056,0.1606,-0.155,0.0437,-3.55,19.81
0,1,1,wpr_B,8310,5600.0,0.3395,0.0184,0.1597,-0.1413,0.019,-7.43,23.56,2323,1084.3,0.3289,-0.0133,0.1603,-0.1736,0.0428,-4.06,19.75
0,1,1,wpr_C,3055,2631.7,0.3313,-0.0062,0.1575,-0.1637,0.0275,-5.95,8.66,897,818.3,0.3746,0.1237,0.1547,-0.031,0.0508,-0.61,7.63
0,1,1,wpr_pullback,3515,2841.4,0.3314,-0.0057,0.1572,-0.1629,0.0265,-6.15,9.96,1013,902.7,0.3623,0.0869,0.1552,-0.0684,0.0481,-1.42,8.62
0,1,1,wpr_band,6093,4709.4,0.333,-0.001,0.1581,-0.1591,0.0206,-7.72,17.27,1711,1296.7,0.3413,0.024,0.1552,-0.1312,0.0395,-3.32,14.54
1,0,0,wpr_none,9948,7041.7,0.3407,0.022,0.1593,-0.1373,0.017,-8.09,28.19,2641,1530.3,0.3306,-0.0083,0.1592,-0.1676,0.0361,-4.65,22.44
1,0,0,wpr_A,9707,7558.7,0.3352,0.0057,0.1597,-0.1541,0.0163,-9.45,27.5,2561,1225.5,0.3339,0.0016,0.1606,-0.159,0.0404,-3.94,21.76
1,0,0,wpr_B,9265,6835.0,0.338,0.0141,0.1596,-0.1455,0.0172,-8.46,26.25,2525,1171.6,0.3283,-0.015,0.161,-0.1761,0.0411,-4.28,21.46
1,0,0,wpr_C,6270,3999.5,0.3276,-0.0172,0.158,-0.1752,0.0223,-7.87,17.77,1709,773.7,0.3423,0.0269,0.1556,-0.1287,0.0512,-2.51,14.52
1,0,0,wpr_pullback,6600,4507.4,0.3267,-0.02,0.158,-0.178,0.021,-8.5,18.71,1765,860.5,0.3473,0.0419,0.1552,-0.1133,0.0487,-2.32,15.0
1,0,0,wpr_band,7685,4517.3,0.3256,-0.0233,0.1581,-0.1814,0.0209,-8.67,21.78,2024,894.5,0.3508,0.0524,0.156,-0.1036,0.0479,-2.16,17.21
1,0,1,wpr_none,9809,6768.6,0.3379,0.0136,0.1593,-0.1457,0.0173,-8.44,27.79,2652,1549.3,0.3269,-0.0192,0.1591,-0.1783,0.0357,-4.99,22.54
1,0,1,wpr_A,9568,7077.9,0.3371,0.0112,0.1596,-0.1484,0.0169,-8.79,27.11,2559,1373.6,0.3259,-0.0223,0.1614,-0.1836,0.0379,-4.84,21.75
1,0,1,wpr_B,9240,6465.2,0.3391,0.0172,0.1596,-0.1424,0.0177,-8.05,26.18,2501,1203.7,0.3315,-0.0056,0.161,-0.1666,0.0407,-4.09,21.25
1,0,1,wpr_C,4676,3562.6,0.3366,0.0098,0.1573,-0.1475,0.0238,-6.21,13.25,1274,758.2,0.3281,-0.0157,0.1555,-0.1712,0.0512,-3.34,10.83
1,0,1,wpr_pullback,4839,3697.8,0.3356,0.0068,0.1574,-0.1505,0.0233,-6.46,13.71,1308,776.9,0.331,-0.0069,0.1559,-0.1628,0.0507,-3.21,11.12
1,0,1,wpr_band,7109,4254.8,0.3245,-0.0264,0.1579,-0.1844,0.0215,-8.56,20.15,1931,874.3,0.3423,0.0269,0.1558,-0.1289,0.0482,-2.68,16.42
1,1,0,wpr_none,8757,6090.8,0.3402,0.0206,0.1592,-0.1386,0.0182,-7.6,24.83,2408,1171.6,0.3331,-0.0008,0.1597,-0.1605,0.0413,-3.88,20.46
1,1,0,wpr_A,8518,5937.5,0.3352,0.0055,0.1598,-0.1543,0.0184,-8.38,24.15,2322,1195.8,0.3471,0.0413,0.1609,-0.1195,0.0413,-2.89,19.73
1,1,0,wpr_B,8109,5393.9,0.3378,0.0133,0.1597,-0.1463,0.0193,-7.56,22.99,2312,1109.8,0.3335,0.0004,0.1609,-0.1605,0.0425,-3.78,19.65
1,1,0,wpr_C,5110,3497.0,0.3221,-0.0337,0.1581,-0.1917,0.0237,-8.09,14.49,1434,776.4,0.3563,0.069,0.1569,-0.0879,0.0516,-1.7,12.2
1,1,0,wpr_pullback,5661,3966.6,0.3183,-0.045,0.158,-0.203,0.0222,-9.15,16.05,1542,888.5,0.3599,0.0798,0.1559,-0.0761,0.0484,-1.57,13.11
1,1,0,wpr_band,6631,4188.7,0.3248,-0.0255,0.1581,-0.1836,0.0217,-8.45,18.79,1819,951.2,0.3458,0.0374,0.1563,-0.119,0.0463,-2.57,15.46
1,1,1,wpr_none,8563,5605.4,0.3426,0.0279,0.1591,-0.1312,0.019,-6.89,24.28,2423,1208.3,0.3298,-0.0107,0.1605,-0.1713,0.0406,-4.22,20.59
1,1,1,wpr_A,8260,5387.0,0.3383,0.0148,0.1597,-0.1449,0.0194,-7.48,23.42,2340,1140.5,0.3346,0.0038,0.1613,-0.1575,0.0419,-3.76,19.89
1,1,1,wpr_B,8015,5469.5,0.3404,0.0211,0.1596,-0.1385,0.0193,-7.2,22.72,2295,1152.3,0.3338,0.0013,0.1609,-0.1596,0.0417,-3.83,19.5
1,1,1,wpr_C,2941,2538.2,0.3312,-0.0065,0.1576,-0.1641,0.028,-5.85,8.34,873,773.5,0.3688,0.1065,0.1549,-0.0484,0.0521,-0.93,7.42
1,1,1,wpr_pullback,3312,2853.9,0.3306,-0.0082,0.1573,-0.1654,0.0264,-6.26,9.39,962,841.7,0.3534,0.0603,0.1564,-0.0961,0.0495,-1.94,8.18
1,1,1,wpr_band,5715,3895.1,0.3309,-0.0073,0.158,-0.1653,0.0226,-7.31,16.19,1635,954.6,0.3468,0.0404,0.1565,-0.1161,0.0462,-2.51,13.9
