day,carry,price,fees,total,n_legs
2025-07-02 00:00:00+00:00,0.00055002915,-4.498714538225812e-05,0.00079,-0.00028495799538225813,4
2025-07-03 00:00:00+00:00,0.0005049426250000001,-0.00550849233320394,0.0,-0.00500354970820394,4
2025-07-04 00:00:00+00:00,0.0006085222000000001,-0.007798760741113492,0.0,-0.0071902385411134915,4
2025-07-05 00:00:00+00:00,0.0007785338750000001,0.0030002468052094944,0.0,0.0037787806802094944,4
2025-07-06 00:00:00+00:00,0.0007143510999999999,0.005022442934639992,0.0,0.005736794034639992,4
2025-07-07 00:00:00+00:00,0.000523549,0.00022695739718109342,0.0,0.0007505063971810934,4
2025-07-08 00:00:00+00:00,0.00051838585,-0.00024348604773652416,0.0,0.0002748998022634758,4
2025-07-09 00:00:00+00:00,0.00046589090000000004,0.0030059448519094145,0.0,0.0034718357519094144,4
2025-07-10 00:00:00+00:00,0.00042633027500000003,-0.0012763328231280013,0.0,-0.0008500025481280013,4
2025-07-11 00:00:00+00:00,0.000293125375,0.012386181033244958,0.0,0.012679306408244958,4
2025-07-12 00:00:00+00:00,0.00015812340000000003,-0.013821918798600868,0.0,-0.013663795398600869,4
2025-07-13 00:00:00+00:00,0.000543117525,-0.002575229764139597,0.0,-0.002032112239139597,4
2025-07-14 00:00:00+00:00,0.00031702855,-0.004754318680684738,0.0,-0.004437290130684738,4
2025-07-15 00:00:00+00:00,0.00043021060000000003,-0.01255107752315196,0.0,-0.01212086692315196,4
2025-07-16 00:00:00+00:00,0.00044558375000000003,0.0017881590170846784,0.000395,0.0018387427670846783,4
2025-07-17 00:00:00+00:00,0.0001578756,-0.01775279270970931,0.0,-0.01759491710970931,4
2025-07-18 00:00:00+00:00,0.00075717715,0.027629443299999307,0.0,0.028386620449999306,4
2025-07-19 00:00:00+00:00,0.00037064400000000005,-0.003943882674953131,0.0,-0.003573238674953131,4
2025-07-20 00:00:00+00:00,0.000569651675,0.03010383358730645,0.0,0.03067348526230645,4
2025-07-21 00:00:00+00:00,0.000597691075,-0.01948562308933413,0.0,-0.01888793201433413,4
2025-07-22 00:00:00+00:00,0.00103996485,-0.007671268907782719,0.0,-0.006631304057782719,4
2025-07-23 00:00:00+00:00,0.001145821525,0.021575361032008356,0.00079,0.021931182557008357,4
2025-07-24 00:00:00+00:00,5.314955e-05,0.006507880777224917,0.0,0.006561030327224917,4
2025-07-25 00:00:00+00:00,4.617420000000001e-05,0.020402673955374262,0.0,0.02044884815537426,4
2025-07-26 00:00:00+00:00,5.585567500000001e-05,0.0011910964302077054,0.0,0.0012469521052077054,4
2025-07-27 00:00:00+00:00,0.0,0.009244765127177923,0.0,0.009244765127177923,4
2025-07-28 00:00:00+00:00,5.6843274999999997e-05,0.00867650794574465,0.0,0.008733351220744649,4
2025-07-29 00:00:00+00:00,0.00011612410000000001,-0.002781010970417469,0.0,-0.002664886870417469,4
2025-07-30 00:00:00+00:00,0.00027390855,-0.0053150830730516185,0.001185,-0.006226174523051619,4
2025-07-31 00:00:00+00:00,0.00029047535,-0.009921969737315989,0.0,-0.00963149438731599,4
2025-08-01 00:00:00+00:00,0.00022587475000000002,0.00539726867126103,0.0,0.005623143421261029,4
2025-08-02 00:00:00+00:00,0.0003554859,-0.0051281343210881625,0.0,-0.004772648421088163,4
2025-08-03 00:00:00+00:00,0.00039005120000000005,0.005862818384380852,0.0,0.006252869584380852,4
2025-08-04 00:00:00+00:00,0.000305514,0.0036012242460928268,0.0,0.0039067382460928265,4
2025-08-05 00:00:00+00:00,0.0002356317,-0.00877731709579202,0.0,-0.00854168539579202,4
2025-08-06 00:00:00+00:00,0.000608995975,0.00014744587204046367,0.00079,-3.355815295953636e-05,4
2025-08-07 00:00:00+00:00,0.0005244089750000001,0.011974497936312778,0.0,0.012498906911312778,4
2025-08-08 00:00:00+00:00,0.00035050057500000004,0.005657294233389509,0.0,0.006007794808389509,4
2025-08-09 00:00:00+00:00,0.000121283025,-0.001589479757983514,0.0,-0.0014681967329835141,4
2025-08-10 00:00:00+00:00,9.081277500000002e-05,-0.012805873235451987,0.0,-0.012715060460451986,4
2025-08-11 00:00:00+00:00,0.00024816112500000004,-0.021406592214518905,0.0,-0.021158431089518905,4
2025-08-12 00:00:00+00:00,0.00046027892500000004,0.005761917294832608,0.0,0.006222196219832608,4
2025-08-13 00:00:00+00:00,0.0001183236,0.00433219473563784,0.0,0.00445051833563784,4
2025-08-14 00:00:00+00:00,3.680794999999999e-05,-0.02629561950911158,0.0,-0.02625881155911158,4
2025-08-15 00:00:00+00:00,0.0003455937,0.016618420535298245,0.0,0.016964014235298246,4
2025-08-16 00:00:00+00:00,0.0005414397,0.005769945679949956,0.0,0.006311385379949956,4
2025-08-17 00:00:00+00:00,0.00040435807500000003,0.0036811321326740143,0.0,0.004085490207674014,4
2025-08-18 00:00:00+00:00,0.00048865175,-0.015201529560735672,0.0,-0.014712877810735672,4
2025-08-19 00:00:00+00:00,0.000520493,-0.007957599912945562,0.0,-0.007437106912945562,4
2025-08-20 00:00:00+00:00,0.000515473725,-0.012982429254598526,0.00079,-0.013256955529598527,4
2025-08-21 00:00:00+00:00,0.000308857375,0.009039849881902068,0.0,0.009348707256902069,4
2025-08-22 00:00:00+00:00,0.0004999421,0.0015656325969249374,0.0,0.0020655746969249376,4
2025-08-23 00:00:00+00:00,0.00010160225000000001,0.007450566313290524,0.0,0.007552168563290524,4
2025-08-24 00:00:00+00:00,5.886764999999997e-05,-0.00846687162918075,0.0,-0.00840800397918075,4
2025-08-25 00:00:00+00:00,0.0002037614,-0.007217561684669971,0.0,-0.0070138002846699705,4
2025-08-26 00:00:00+00:00,0.0007170942749999999,-0.00724200442370182,0.0,-0.00652491014870182,4
2025-08-27 00:00:00+00:00,0.000299732375,-0.004982214639016047,0.00079,-0.005472482264016047,4
2025-08-28 00:00:00+00:00,0.000316274775,-0.00511879967027562,0.0,-0.00480252489527562,4
2025-08-29 00:00:00+00:00,0.00035418512500000007,-0.005763939928458167,0.0,-0.005409754803458167,4
2025-08-30 00:00:00+00:00,0.0005595895500000001,0.006855870259558222,0.0,0.007415459809558222,4
2025-08-31 00:00:00+00:00,0.000548399275,-0.002713860504871629,0.0,-0.002165461229871629,4
2025-09-01 00:00:00+00:00,0.0005088882750000001,-0.0036470851286790062,0.0,-0.003138196853679006,4
2025-09-02 00:00:00+00:00,0.000464361475,-0.001747549652214353,0.0,-0.001283188177214353,4
2025-09-03 00:00:00+00:00,0.000389720625,0.00735749003352687,0.001185,0.00656221065852687,4
2025-09-04 00:00:00+00:00,0.00039800405,-0.005163296465484329,0.0,-0.004765292415484329,4
2025-09-05 00:00:00+00:00,0.0006615243749999999,0.009082773231000263,0.0,0.009744297606000263,4
2025-09-06 00:00:00+00:00,0.0006531124000000001,-0.007402512668117395,0.0,-0.006749400268117395,4
2025-09-07 00:00:00+00:00,0.00036957725000000003,-0.0006696398805512982,0.0,-0.00030006263055129816,4
2025-09-08 00:00:00+00:00,0.000357830425,0.00039209727842404174,0.0,0.0007499277034240417,4
2025-09-09 00:00:00+00:00,0.000315358175,0.0025954613748127298,0.0,0.00291081954981273,4
2025-09-10 00:00:00+00:00,0.0004747569,0.022126578823729703,0.000395,0.022206335723729705,4
2025-09-11 00:00:00+00:00,0.00035015275,-0.003883923915595805,0.0,-0.003533771165595805,4
2025-09-12 00:00:00+00:00,0.000460388475,-0.021290956827341417,0.0,-0.020830568352341417,4
2025-09-13 00:00:00+00:00,0.000420525475,0.0070026342504990735,0.0,0.0074231597254990735,4
2025-09-14 00:00:00+00:00,0.000432957025,0.0004565742870960565,0.0,0.0008895313120960565,4
2025-09-15 00:00:00+00:00,0.0006536098000000001,0.007363086788773204,0.0,0.008016696588773204,4
2025-09-16 00:00:00+00:00,0.00046996975,-0.008510540293916291,0.0,-0.00804057054391629,4
2025-09-17 00:00:00+00:00,0.000726927825,0.006868542749634388,0.00079,0.006805470574634388,4
2025-09-18 00:00:00+00:00,0.000182404,0.0317823988948035,0.0,0.031964802894803496,4
2025-09-19 00:00:00+00:00,4.317525000000009e-06,-0.013539002857049787,0.0,-0.013534685332049786,4
2025-09-20 00:00:00+00:00,0.0001556886,-0.021671738183653116,0.0,-0.021516049583653118,4
2025-09-21 00:00:00+00:00,0.000112126475,-0.0018479225061327764,0.0,-0.0017357960311327764,4
2025-09-22 00:00:00+00:00,0.0002061855,0.01268575492775989,0.0,0.012891940427759891,4
2025-09-23 00:00:00+00:00,0.00019505715000000002,-0.0017892535948154653,0.0,-0.0015941964448154653,4
2025-09-24 00:00:00+00:00,0.0003820515,0.0016137790413018605,0.00079,0.0012058305413018607,4
2025-09-25 00:00:00+00:00,0.0004408786,0.01068431077288362,0.0,0.01112518937288362,4
2025-09-26 00:00:00+00:00,0.00044329662500000003,0.0008503339844561641,0.0,0.0012936306094561642,4
2025-09-27 00:00:00+00:00,0.0004106739,-0.0066041110195559916,0.0,-0.006193437119555991,4
2025-09-28 00:00:00+00:00,0.000436088675,0.00044268296638316773,0.0,0.0008787716413831677,4
2025-09-29 00:00:00+00:00,0.00041415450000000003,-0.012521637638343186,0.0,-0.012107483138343186,4
2025-09-30 00:00:00+00:00,0.000387098025,0.009972178204140092,0.0,0.010359276229140091,4
2025-10-01 00:00:00+00:00,0.00033793415,0.014520352858385155,0.000395,0.014463287008385155,4
2025-10-02 00:00:00+00:00,0.000316721625,-0.017014596986280717,0.0,-0.016697875361280718,4
2025-10-03 00:00:00+00:00,0.00036296010000000004,-0.018619499608036744,0.0,-0.018256539508036743,4
2025-10-04 00:00:00+00:00,0.00036513005,-0.000775314624928608,0.0,-0.00041018457492860805,4
2025-10-05 00:00:00+00:00,0.00028823937500000005,-0.002613313580821175,0.0,-0.002325074205821175,4
2025-10-06 00:00:00+00:00,0.00032204145000000006,-0.0012282332160963305,0.0,-0.0009061917660963305,4
2025-10-07 00:00:00+00:00,0.00012023227500000002,-0.02909336680729152,0.0,-0.02897313453229152,4
2025-10-08 00:00:00+00:00,0.00036030635,0.006371129825990085,0.00079,0.005941436175990085,4
2025-10-09 00:00:00+00:00,0.000203307925,0.013066537898173192,0.0,0.013269845823173192,4
2025-10-10 00:00:00+00:00,0.00026481217499999996,-0.03505892076952433,0.0,-0.03479410859452433,4
2025-10-11 00:00:00+00:00,0.0001817508,0.0007898206104806349,0.0,0.0009715714104806349,4
2025-10-12 00:00:00+00:00,0.000575690675,-0.03110934025841572,0.0,-0.030533649583415718,4
2025-10-13 00:00:00+00:00,0.0008958731000000001,0.013455401387384214,0.0,0.014351274487384214,4
2025-10-14 00:00:00+00:00,0.00047704945000000005,0.008412328349470616,0.0,0.008889377799470615,4
2025-10-15 00:00:00+00:00,0.000554720825,-0.003151104794355958,0.000395,-0.0029913839693559577,4
2025-10-16 00:00:00+00:00,0.000598029625,-0.007237089907257049,0.0,-0.00663906028225705,4
2025-10-17 00:00:00+00:00,0.000609135575,-0.021405750597065537,0.0,-0.020796615022065538,4
2025-10-18 00:00:00+00:00,0.000571374425,-0.0030595268145702514,0.0,-0.0024881523895702515,4
2025-10-19 00:00:00+00:00,0.0005042256500000001,-0.002318456947116021,0.0,-0.001814231297116021,4
2025-10-20 00:00:00+00:00,0.000611699275,-0.003977008487936751,0.0,-0.0033653092129367506,4
2025-10-21 00:00:00+00:00,0.000631676225,0.002564955284819953,0.0,0.003196631509819953,4
2025-10-22 00:00:00+00:00,0.00067193685,0.001121541727861941,0.00079,0.001003478577861941,4
2025-10-23 00:00:00+00:00,0.0006241755750000001,-0.007621118474923694,0.0,-0.006996942899923694,4
2025-10-24 00:00:00+00:00,0.00052377915,0.008864668781953855,0.0,0.009388447931953856,4
2025-10-25 00:00:00+00:00,0.000697252975,0.0001658651841333625,0.0,0.0008631181591333625,4
2025-10-26 00:00:00+00:00,0.0007671127750000001,0.014609860770843586,0.0,0.015376973545843586,4
2025-10-27 00:00:00+00:00,0.00074028155,-0.0028908143281861087,0.0,-0.0021505327781861086,4
2025-10-28 00:00:00+00:00,0.000566526275,0.007306251870711183,0.0,0.007872778145711183,4
2025-10-29 00:00:00+00:00,0.000526149525,0.008065925308828686,0.000395,0.008197074833828687,4
2025-10-30 00:00:00+00:00,0.000548963925,-0.011273807706101091,0.0,-0.010724843781101091,4
2025-10-31 00:00:00+00:00,0.00059807005,-0.0056423171108789805,0.0,-0.005044247060878981,4
2025-11-01 00:00:00+00:00,0.00056100065,0.007713749437129769,0.0,0.00827475008712977,4
2025-11-02 00:00:00+00:00,0.0005790397,-0.011448385747664575,0.0,-0.010869346047664574,4
2025-11-03 00:00:00+00:00,0.000607566475,-0.010460363535273187,0.0,-0.009852797060273187,4
2025-11-04 00:00:00+00:00,0.000668973825,0.00783584936452933,0.0,0.00850482318952933,4
2025-11-05 00:00:00+00:00,0.00054499435,-0.00329648065310445,0.000395,-0.00314648630310445,4
2025-11-06 00:00:00+00:00,0.000621373575,-0.0013181449961010283,0.0,-0.0006967714211010283,4
2025-11-07 00:00:00+00:00,0.000628211225,0.032184914841903056,0.0,0.03281312606690306,4
2025-11-08 00:00:00+00:00,0.000423633225,-0.0069242546708950525,0.0,-0.0065006214458950525,4
2025-11-09 00:00:00+00:00,0.0006829048999999999,-0.011260502310564968,0.0,-0.010577597410564969,4
2025-11-10 00:00:00+00:00,0.00065627065,0.010581963011752876,0.0,0.011238233661752877,4
2025-11-11 00:00:00+00:00,0.0007274745249999999,-0.004480552448616837,0.0,-0.003753077923616837,4
2025-11-12 00:00:00+00:00,0.000786134125,-0.0015618615283774784,0.00079,-0.0015657274033774784,4
2025-11-13 00:00:00+00:00,0.000723774525,0.021390609990140447,0.0,0.022114384515140445,4
2025-11-14 00:00:00+00:00,0.000700807425,-0.010225917620620695,0.0,-0.009525110195620695,4
2025-11-15 00:00:00+00:00,0.000652486625,0.008510537544733243,0.0,0.009163024169733244,4
2025-11-16 00:00:00+00:00,0.0010406660999999998,-0.008406964213642398,0.0,-0.007366298113642399,4
2025-11-17 00:00:00+00:00,0.0009514531750000001,0.010633909775872391,0.0,0.011585362950872391,4
2025-11-18 00:00:00+00:00,0.0007530962249999999,-0.004551756564583287,0.0,-0.003798660339583287,4
2025-11-19 00:00:00+00:00,0.00148924715,-0.0064922393878073525,0.00079,-0.005792992237807352,4
2025-11-20 00:00:00+00:00,0.0014109100750000002,0.000392237138503726,0.0,0.0018031472135037262,4
2025-11-21 00:00:00+00:00,0.0014563318,0.031486084566198086,0.0,0.03294241636619809,4
2025-11-22 00:00:00+00:00,0.001658917925,0.01297544929868108,0.0,0.01463436722368108,4
2025-11-23 00:00:00+00:00,0.001371853925,-0.008926957172808697,0.0,-0.007555103247808698,4
2025-11-24 00:00:00+00:00,0.001394754525,-0.00835800084192928,0.0,-0.006963246316929281,4
2025-11-25 00:00:00+00:00,0.001322848975,-0.007756683122033398,0.0,-0.006433834147033398,4
2025-11-26 00:00:00+00:00,0.00128511075,-0.005064233387453876,0.00079,-0.004569122637453876,4
2025-11-27 00:00:00+00:00,0.000931025775,-0.0051655402610941425,0.0,-0.004234514486094142,4
2025-11-28 00:00:00+00:00,0.0014555042,0.0006398242387401498,0.0,0.0020953284387401497,4
2025-11-29 00:00:00+00:00,0.00155494645,0.0008387510374578966,0.0,0.0023936974874578963,4
2025-11-30 00:00:00+00:00,0.001411908925,0.002806226624309266,0.0,0.004218135549309266,4
2025-12-01 00:00:00+00:00,0.000817646775,-0.008903588140117463,0.0,-0.008085941365117463,4
2025-12-02 00:00:00+00:00,0.0007589889,0.0070187214090370875,0.0,0.007777710309037088,4
2025-12-03 00:00:00+00:00,0.003666655575,0.029500496958686173,0.001185,0.03198215253368617,4
2025-12-04 00:00:00+00:00,0.0026545387250000003,0.012340168667909351,0.0,0.014994707392909352,4
2025-12-05 00:00:00+00:00,0.0043594262499999994,-0.01944108249844681,0.0,-0.01508165624844681,4
2025-12-06 00:00:00+00:00,0.00448770265,0.014808428780566596,0.0,0.019296131430566597,4
2025-12-07 00:00:00+00:00,0.002705213525,0.010670883068016945,0.0,0.013376096593016945,4
2025-12-08 00:00:00+00:00,0.00384215125,-0.006628664986162158,0.0,-0.002786513736162158,4
2025-12-09 00:00:00+00:00,0.0033637964499999996,0.04365661463018719,0.0,0.04702041108018719,4
2025-12-10 00:00:00+00:00,0.001306003725,-0.009797899981092484,0.000395,-0.008886896256092484,4
2025-12-11 00:00:00+00:00,0.00126218545,-0.009426989777398531,0.0,-0.008164804327398531,4
2025-12-12 00:00:00+00:00,0.001480850525,0.006362192057562277,0.0,0.007843042582562278,4
2025-12-13 00:00:00+00:00,0.0014404636,-0.0019493423069441018,0.0,-0.0005088787069441017,4
2025-12-14 00:00:00+00:00,0.001347021475,-0.006334655274802425,0.0,-0.004987633799802426,4
2025-12-15 00:00:00+00:00,0.0012897855,-0.011690720295799178,0.0,-0.010400934795799179,4
2025-12-16 00:00:00+00:00,0.001574259425,-0.002693743042904595,0.0,-0.001119483617904595,4
2025-12-17 00:00:00+00:00,0.0015441910750000002,0.008124175483327112,0.000395,0.009273366558327112,4
2025-12-18 00:00:00+00:00,0.00075725195,0.010148526702197708,0.0,0.010905778652197707,4
2025-12-19 00:00:00+00:00,0.0015238895,0.02141374274468838,0.0,0.02293763224468838,4
2025-12-20 00:00:00+00:00,0.001261204975,-0.013971698015735556,0.0,-0.012710493040735557,4
2025-12-21 00:00:00+00:00,0.001433032925,-0.007062059965487755,0.0,-0.005629027040487755,4
2025-12-22 00:00:00+00:00,0.00180327105,0.0037358393984476823,0.0,0.0055391104484476825,4
2025-12-23 00:00:00+00:00,0.001399098425,-0.004883726008611977,0.0,-0.003484627583611977,4
2025-12-24 00:00:00+00:00,0.00108082275,-0.0033946857158184685,0.000395,-0.0027088629658184684,4
2025-12-25 00:00:00+00:00,0.00125018295,0.01886176032696979,0.0,0.02011194327696979,4
2025-12-26 00:00:00+00:00,0.001790524,0.005252665453807759,0.0,0.007043189453807759,4
2025-12-27 00:00:00+00:00,0.00135805595,0.008839373385492233,0.0,0.010197429335492232,4
2025-12-28 00:00:00+00:00,0.0014802444499999999,-0.011189023274977089,0.0,-0.00970877882497709,4
2025-12-29 00:00:00+00:00,0.0016596627749999998,-0.009823786157540149,0.0,-0.00816412338254015,4
2025-12-30 00:00:00+00:00,0.001212529475,-0.0073734976489114035,0.0,-0.006160968173911404,4
2025-12-31 00:00:00+00:00,0.001807059175,-0.011661143625801562,0.000395,-0.010249084450801561,4
2026-01-01 00:00:00+00:00,0.0016665555250000002,0.010699888884108028,0.0,0.012366444409108028,4
2026-01-02 00:00:00+00:00,0.001392518375,0.01766107096665226,0.0,0.019053589341652258,4
2026-01-03 00:00:00+00:00,0.0016841856750000003,0.01356415002440739,0.0,0.01524833569940739,4
2026-01-04 00:00:00+00:00,0.00187320635,-0.00392878626562379,0.0,-0.0020555799156237904,4
2026-01-05 00:00:00+00:00,0.001977542525,0.0035799404438355276,0.0,0.005557482968835528,4
2026-01-06 00:00:00+00:00,0.001437842525,-0.012218615228232033,0.0,-0.010780772703232033,4
2026-01-07 00:00:00+00:00,0.0016256947250000001,-0.00012382699406518483,0.0,0.0015018677309348153,4
2026-01-08 00:00:00+00:00,0.001542505775,-0.004538419603389576,0.0,-0.0029959138283895763,4
2026-01-09 00:00:00+00:00,0.0015311468250000001,0.0014604715954746605,0.0,0.002991618420474661,4
2026-01-10 00:00:00+00:00,0.001414500525,-0.001162730260368089,0.0,0.0002517702646319111,4
2026-01-11 00:00:00+00:00,0.001842694375,-0.0027774468331421,0.0,-0.0009347524581420998,4
2026-01-12 00:00:00+00:00,0.001539363275,-0.012797241780767327,0.0,-0.011257878505767326,4
2026-01-13 00:00:00+00:00,0.0014261289,-0.000406853229143439,0.0,0.0010192756708565609,4
2026-01-14 00:00:00+00:00,0.0032130667749999996,-0.043604565415493235,0.000395,-0.04078649864049323,4
2026-01-15 00:00:00+00:00,0.004153140374999999,-0.02874379812635433,0.0,-0.02459065775135433,4
2026-01-16 00:00:00+00:00,0.0041175867,-0.0017998754125320149,0.0,0.0023177112874679853,4
2026-01-17 00:00:00+00:00,0.00320763655,0.020343392780026698,0.0,0.023551029330026698,4
2026-01-18 00:00:00+00:00,0.0037791791999999998,-0.010487227768852636,0.0,-0.006708048568852636,4
2026-01-19 00:00:00+00:00,0.003747964775,0.009539666026765037,0.0,0.013287630801765036,4
2026-01-20 00:00:00+00:00,0.0027699049500000002,0.0018541018555336963,0.0,0.004624006805533697,4
2026-01-21 00:00:00+00:00,0.0046649484,0.028679093999962102,0.0,0.0333440423999621,4
2026-01-22 00:00:00+00:00,0.0023821362250000004,-0.014902034808993297,0.0,-0.012519898583993296,4
2026-01-23 00:00:00+00:00,0.0034292782749999998,0.004943362822704439,0.0,0.008372641097704438,4
2026-01-24 00:00:00+00:00,0.0030522900999999996,-0.007527612524567573,0.0,-0.004475322424567573,4
2026-01-25 00:00:00+00:00,0.0032523918249999996,0.00011346242001358808,0.0,0.0033658542450135877,4
2026-01-26 00:00:00+00:00,0.0035842599750000002,0.004784009126301336,0.0,0.008368269101301336,4
2026-01-27 00:00:00+00:00,0.0037908882500000004,0.0068583212506188596,0.0,0.01064920950061886,4
2026-01-28 00:00:00+00:00,0.0036383241250000004,0.020269069110201376,0.00079,0.02311739323520138,4
2026-01-29 00:00:00+00:00,0.0035073071499999997,-0.02601951636828906,0.0,-0.02251220921828906,4
2026-01-30 00:00:00+00:00,0.0038714977499999994,-0.005599927080746497,0.0,-0.001728429330746498,4
2026-01-31 00:00:00+00:00,0.004217712925,-0.003663503730133688,0.0,0.0005542091948663123,4
2026-02-01 00:00:00+00:00,0.0042570268,0.03927916961254599,0.0,0.04353619641254599,4
2026-02-02 00:00:00+00:00,0.002721184725,0.0012328974187820196,0.0,0.0039540821437820195,4
2026-02-03 00:00:00+00:00,0.0029116868,0.012379540888617702,0.0,0.015291227688617702,4
2026-02-04 00:00:00+00:00,0.002935896625,-0.017343456049421974,0.000395,-0.014802559424421973,4
2026-02-05 00:00:00+00:00,0.002617619825,-0.0252276018060483,0.0,-0.0226099819810483,4
2026-02-06 00:00:00+00:00,0.00304736855,-0.00037690361745013057,0.0,0.0026704649325498694,4
2026-02-07 00:00:00+00:00,0.0033913028749999997,0.003984778514955073,0.0,0.007376081389955073,4
2026-02-08 00:00:00+00:00,0.003158399625,-0.03647261467835608,0.0,-0.03331421505335608,4
2026-02-09 00:00:00+00:00,0.00223634655,-0.014125396087185216,0.0,-0.011889049537185215,4
2026-02-10 00:00:00+00:00,0.0029718328249999995,-0.010181764817217553,0.0,-0.007209931992217554,4
2026-02-11 00:00:00+00:00,0.0033962608750000003,-0.003624397072497898,0.000395,-0.0006231361974978976,4
2026-02-12 00:00:00+00:00,0.004463394125,-0.011624188689641574,0.0,-0.007160794564641574,4
2026-02-13 00:00:00+00:00,0.0045261119249999995,-0.06857597079009553,0.0,-0.06404985886509554,4
2026-02-14 00:00:00+00:00,0.004710514975,0.037221770565631696,0.0,0.04193228554063169,4
2026-02-15 00:00:00+00:00,0.004081094875,-0.05070679211590601,0.0,-0.04662569724090601,4
2026-02-16 00:00:00+00:00,0.0019146692249999999,0.053703261823173726,0.0,0.055617931048173724,4
2026-02-17 00:00:00+00:00,0.0010119750750000002,-0.006781489930205997,0.0,-0.005769514855205997,4
2026-02-18 00:00:00+00:00,0.003317028825,-0.027146061627817436,0.00079,-0.024619032802817437,4
2026-02-19 00:00:00+00:00,0.0032308847,0.0007757476224315996,0.0,0.0040066323224316,4
2026-02-20 00:00:00+00:00,0.002122588125,0.011080655894631058,0.0,0.013203244019631058,4
2026-02-21 00:00:00+00:00,0.0030611780749999996,-0.0020068096822238035,0.0,0.001054368392776196,4
2026-02-22 00:00:00+00:00,0.00448888115,0.0031769817629300756,0.0,0.007665862912930076,4
2026-02-23 00:00:00+00:00,0.0071729795249999995,-0.04019486526610788,0.0,-0.033021885741107884,4
2026-02-24 00:00:00+00:00,0.008101307700000001,0.02191155132326983,0.0,0.03001285902326983,4
2026-02-25 00:00:00+00:00,0.001617348575,0.04065610407035947,0.00079,0.041483452645359464,4
2026-02-26 00:00:00+00:00,0.0024413844500000004,-0.004334321073947184,0.0,-0.0018929366239471834,4
2026-02-27 00:00:00+00:00,0.002202613775,-0.0059838493697662865,0.0,-0.0037812355947662865,4
2026-02-28 00:00:00+00:00,0.0019440068000000001,0.005581506848370554,0.0,0.0075255136483705545,4
2026-03-01 00:00:00+00:00,0.002720876825,-0.004710792591565066,0.0,-0.0019899157665650663,4
2026-03-02 00:00:00+00:00,0.0021700957999999998,0.008185397315400467,0.0,0.010355493115400467,4
2026-03-03 00:00:00+00:00,0.0018398369,0.006441391564860122,0.0,0.00828122846486012,4
2026-03-04 00:00:00+00:00,0.00616413285,-0.002377845361560438,0.001185,0.002601287488439562,4
2026-03-05 00:00:00+00:00,0.005084760875,-0.102010138098617,0.0,-0.096925377223617,4
2026-03-06 00:00:00+00:00,0.005086894975,0.005157844631800745,0.0,0.010244739606800744,4
2026-03-07 00:00:00+00:00,0.005255776450000001,0.019544006833810773,0.0,0.024799783283810772,4
2026-03-08 00:00:00+00:00,0.0025674705499999996,0.031615150546700055,0.0,0.034182621096700054,4
2026-03-09 00:00:00+00:00,0.0018497323499999999,-0.0005984732443431173,0.0,0.0012512591056568826,4
2026-03-10 00:00:00+00:00,0.0013032576000000001,-0.022122300369541964,0.0,-0.020819042769541964,4
2026-03-11 00:00:00+00:00,0.0018678714499999998,0.004796252548504021,0.001185,0.005479123998504021,4
2026-03-12 00:00:00+00:00,0.0017875246,-0.007569447388454498,0.0,-0.005781922788454498,4
2026-03-13 00:00:00+00:00,0.001925986475,0.001819453313930075,0.0,0.003745439788930075,4
2026-03-14 00:00:00+00:00,0.002045241225,-0.0006088148127119664,0.0,0.0014364264122880338,4
2026-03-15 00:00:00+00:00,0.001644832125,0.004308233354388846,0.0,0.005953065479388847,4
2026-03-16 00:00:00+00:00,0.0020530961,0.009937924955365274,0.0,0.011991021055365274,4
2026-03-17 00:00:00+00:00,0.001903008125,0.004917108815343352,0.0,0.006820116940343352,4
2026-03-18 00:00:00+00:00,0.000694236625,-0.004519851961528154,0.000395,-0.004220615336528154,4
2026-03-19 00:00:00+00:00,0.00011235137500000003,0.002042726611980239,0.0,0.002155077986980239,4
2026-03-20 00:00:00+00:00,6.3566225e-05,0.001494398921675244,0.0,0.0015579651466752441,4
2026-03-21 00:00:00+00:00,0.0006163584750000001,-0.0031880862603100857,0.0,-0.0025717277853100854,4
2026-03-22 00:00:00+00:00,3.7391000000000876e-06,-0.0033305041718595385,0.0,-0.0033267650718595385,4
2026-03-23 00:00:00+00:00,-1.1339449999999985e-05,0.006291626592722643,0.0,0.0062802871427226434,4
2026-03-24 00:00:00+00:00,0.000536582025,0.00450093013605779,0.0,0.0050375121610577904,4
2026-03-25 00:00:00+00:00,-0.0015637467250000001,-0.00451880533998586,0.001185,-0.0072675520649858605,4
2026-03-26 00:00:00+00:00,0.002859326025,0.01125299257400078,0.0,0.014112318599000782,4
2026-03-27 00:00:00+00:00,-0.002468041775,-0.01292802669620055,0.0,-0.015396068471200551,4
2026-03-28 00:00:00+00:00,0.0010078976999999998,0.000614597717198434,0.0,0.0016224954171984338,4
2026-03-29 00:00:00+00:00,-0.0005289012499999998,0.022547618383618184,0.0,0.022018717133618186,4
2026-03-30 00:00:00+00:00,0.0015154380500000003,-0.015229321890777914,0.0,-0.013713883840777914,4
2026-03-31 00:00:00+00:00,-0.001194533725,-0.017084521076537823,0.0,-0.01827905480153782,4
2026-04-01 00:00:00+00:00,1.7068999999999873e-05,0.0051323433467499735,0.001185,0.003964412346749973,4
2026-04-02 00:00:00+00:00,0.005315136975,-0.007055448082717852,0.0,-0.0017403111077178525,4
2026-04-03 00:00:00+00:00,0.003798352325,-0.007812517036548894,0.0,-0.004014164711548893,4
2026-04-04 00:00:00+00:00,0.00105811825,0.001091155034800645,0.0,0.002149273284800645,4
2026-04-05 00:00:00+00:00,0.007668574475,0.012949569002097178,0.0,0.02061814347709718,4
2026-04-06 00:00:00+00:00,0.0007466523000000005,3.286657327228326e-05,0.0,0.0007795188732722838,4
2026-04-07 00:00:00+00:00,0.009686516474999999,-0.003013239054484973,0.0,0.006673277420515026,4
2026-04-08 00:00:00+00:00,0.005999755275000001,0.002986906786945992,0.000395,0.008591662061945993,4
2026-04-09 00:00:00+00:00,0.007543212875,0.03218055278996351,0.0,0.03972376566496351,4
2026-04-10 00:00:00+00:00,0.008186657324999999,0.003989867994522001,0.0,0.012176525319522,4
2026-04-11 00:00:00+00:00,0.008374908675,-0.19304017242313584,0.0,-0.18466526374813585,4
2026-04-12 00:00:00+00:00,0.001916779325,0.03979454960345025,0.0,0.041711328928450246,4
2026-04-13 00:00:00+00:00,0.0028922303999999997,0.03383912937481154,0.0,0.03673135977481154,4
2026-04-14 00:00:00+00:00,0.004041883675,0.0033813118576885293,0.0,0.007423195532688529,4
2026-04-15 00:00:00+00:00,0.004558958825000001,0.008132194872142645,0.000395,0.012296153697142646,4
2026-04-16 00:00:00+00:00,0.004727468675000001,-0.009249310753362938,0.0,-0.0045218420783629375,4
2026-04-17 00:00:00+00:00,0.00269133495,-0.0010328568361430701,0.0,0.00165847811385693,4
2026-04-18 00:00:00+00:00,0.00381045865,0.01866611989111583,0.0,0.02247657854111583,4
2026-04-19 00:00:00+00:00,0.0005379793999999999,0.03552825536129209,0.0,0.03606623476129209,4
2026-04-20 00:00:00+00:00,-0.0003127710750000001,-0.0015509527858021954,0.0,-0.0018637238608021954,4
2026-04-21 00:00:00+00:00,0.002266850775,-0.0008064304726757565,0.0,0.0014604203023242434,4
2026-04-22 00:00:00+00:00,0.0028556074999999998,-0.014423211724879148,0.00079,-0.01235760422487915,4
2026-04-23 00:00:00+00:00,0.001181041575,0.011008613498173947,0.0,0.012189655073173947,4
2026-04-24 00:00:00+00:00,0.002646451575,0.01661840266816675,0.0,0.01926485424316675,4
2026-04-25 00:00:00+00:00,0.00248131095,-0.007829016183842102,0.0,-0.005347705233842102,4
2026-04-26 00:00:00+00:00,0.0025653361999999997,-0.06590364513451391,0.0,-0.0633383089345139,4
2026-04-27 00:00:00+00:00,7.093344999999996e-05,-0.03609383014446557,0.0,-0.036022896694465574,4
2026-04-28 00:00:00+00:00,0.0005740875,-0.0076010487527904125,0.0,-0.007026961252790413,4
2026-04-29 00:00:00+00:00,0.001425217075,-0.009342908149635787,0.00079,-0.008707691074635787,4
2026-04-30 00:00:00+00:00,0.00153958565,0.017578600579580522,0.0,0.019118186229580524,4
2026-05-01 00:00:00+00:00,0.00164587355,0.019726406689978354,0.0,0.021372280239978354,4
2026-05-02 00:00:00+00:00,0.0012454472,0.0022636563781852637,0.0,0.003509103578185264,4
2026-05-03 00:00:00+00:00,0.001368328425,0.016257644532643695,0.0,0.017625972957643694,4
2026-05-04 00:00:00+00:00,0.001657007125,0.0030613109046273568,0.0,0.004718318029627357,4
2026-05-05 00:00:00+00:00,0.0012052185250000002,0.04897655319069022,0.0,0.05018177171569022,4
2026-05-06 00:00:00+00:00,0.0052110777750000005,0.015938396353417428,0.001185,0.01996447412841743,4
2026-05-07 00:00:00+00:00,0.007657190425,0.021768480316976452,0.0,0.029425670741976453,4
2026-05-08 00:00:00+00:00,0.00822382195,0.03672946157344764,0.0,0.04495328352344764,4
2026-05-09 00:00:00+00:00,0.010401586725,-0.036536769717302575,0.0,-0.026135182992302573,4
2026-05-10 00:00:00+00:00,0.008544709325,0.006760780564820823,0.0,0.015305489889820823,4
2026-05-11 00:00:00+00:00,0.007899772475,-0.09211652603940601,0.0,-0.08421675356440601,4
2026-05-12 00:00:00+00:00,0.0066651073499999994,0.02012684129702333,0.0,0.026791948647023327,4
2026-05-13 00:00:00+00:00,0.004128342325,-0.12324099507686229,0.000395,-0.11950765275186229,4
2026-05-14 00:00:00+00:00,0.002992645675,0.08128461418054375,0.0,0.08427725985554375,4
2026-05-15 00:00:00+00:00,0.0032663917249999997,0.04420743970395388,0.0,0.04747383142895388,4
2026-05-16 00:00:00+00:00,0.00036784070000000016,-0.010778701911396571,0.0,-0.01041086121139657,4
2026-05-17 00:00:00+00:00,0.0013999161,0.01952991383539282,0.0,0.02092982993539282,4
2026-05-18 00:00:00+00:00,0.0022890026749999995,-0.017075698971631276,0.0,-0.014786696296631277,4
2026-05-19 00:00:00+00:00,-0.0011917997,0.017449461753736878,0.0,0.01625766205373688,4
2026-05-20 00:00:00+00:00,0.002419929525,-0.033018878540617136,0.00158,-0.03217894901561714,4
2026-05-21 00:00:00+00:00,0.0022751486500000003,-0.023117081548641477,0.0,-0.020841932898641478,4
2026-05-22 00:00:00+00:00,0.00296303375,-0.003616682120899939,0.0,-0.000653648370899939,4
2026-05-23 00:00:00+00:00,0.003207751925,-0.00637800854411108,0.0,-0.00317025661911108,4
2026-05-24 00:00:00+00:00,0.0029965337,0.008465507180735382,0.0,0.011462040880735382,4
2026-05-25 00:00:00+00:00,0.002364866625,0.029233999351802598,0.0,0.0315988659768026,4
2026-05-26 00:00:00+00:00,0.0025167397000000003,0.029548478621325203,0.0,0.0320652183213252,4
2026-05-27 00:00:00+00:00,0.002663773175,-0.04475669765695994,0.000395,-0.04248792448195994,4
2026-05-28 00:00:00+00:00,0.003888672825,0.06356561780724737,0.0,0.06745429063224737,4
2026-05-29 00:00:00+00:00,0.004569059325,0.030283615807491948,0.0,0.03485267513249195,4
2026-05-30 00:00:00+00:00,0.003465145,0.07480044900806879,0.0,0.07826559400806879,4
2026-05-31 00:00:00+00:00,0.0034788713749999995,0.06228625166937235,0.0,0.06576512304437235,4
2026-06-01 00:00:00+00:00,-0.0025044279,0.12086674906335568,0.0,0.11836232116335568,4
2026-06-02 00:00:00+00:00,0.0031878498,0.018088861137241397,0.0,0.021276710937241396,4
2026-06-03 00:00:00+00:00,0.0033772771999999998,-0.023693988527622223,0.00079,-0.02110671132762222,4
2026-06-04 00:00:00+00:00,0.0036446693749999995,0.036360008521730575,0.0,0.040004677896730574,4
2026-06-05 00:00:00+00:00,0.0017831796500000002,0.06145106507890041,0.0,0.06323424472890041,4
2026-06-06 00:00:00+00:00,0.00276373245,0.02868125628715884,0.0,0.03144498873715884,4
2026-06-07 00:00:00+00:00,0.004009663575000001,-0.018665231905167334,0.0,-0.014655568330167333,4
2026-06-08 00:00:00+00:00,0.004486433975,-0.2152099048976749,0.0,-0.21072347092267488,4
2026-06-09 00:00:00+00:00,0.013604229025,0.08744414015410465,0.0,0.10104836917910465,4
2026-06-10 00:00:00+00:00,0.00451873475,-0.009077818056705128,0.00079,-0.005349083306705128,4
2026-06-11 00:00:00+00:00,0.0030447315,0.3072649772666169,0.0,0.3103097087666169,4
2026-06-12 00:00:00+00:00,0.00685639105,0.05347539547446137,0.0,0.06033178652446137,4
2026-06-13 00:00:00+00:00,0.00028560745000000016,0.05132475409938225,0.0,0.051610361549382255,4
2026-06-14 00:00:00+00:00,0.072307242275,0.05396151669973365,0.0,0.12626875897473366,4
2026-06-15 00:00:00+00:00,0.09602313635000001,-0.11948900421526781,0.0,-0.023465867865267803,4
2026-06-16 00:00:00+00:00,-0.0013891462,0.0617029939440884,0.0,0.060313847744088406,4
2026-06-17 00:00:00+00:00,0.0039564517750000005,0.06031313006251737,0.001185,0.06308458183751736,4
2026-06-18 00:00:00+00:00,0.00303953435,-0.020871061785569273,0.0,-0.01783152743556927,4
2026-06-19 00:00:00+00:00,-0.017696184825,0.007222530036463032,0.0,-0.010473654788536967,4
2026-06-20 00:00:00+00:00,-0.028169228349999995,0.03742421343420388,0.0,0.009254985084203884,4
2026-06-21 00:00:00+00:00,-0.038583664575,-0.0005812606113082819,0.0,-0.039164925186308285,4
2026-06-22 00:00:00+00:00,-0.016017239449999998,0.08603785174545381,0.0,0.07002061229545381,4
2026-06-23 00:00:00+00:00,-0.006059229875,0.03107593163498701,0.0,0.02501670175998701,4
2026-06-24 00:00:00+00:00,0.0016930437250000001,-0.08862768414158081,0.00079,-0.08772464041658082,4
2026-06-25 00:00:00+00:00,0.006656545500000001,-0.027819300975298444,0.0,-0.021162755475298445,4
2026-06-26 00:00:00+00:00,-0.0036074094749999996,0.0077544980731993896,0.0,0.0041470885981993895,4
2026-06-27 00:00:00+00:00,-0.0034457621250000006,0.002068653675100257,0.0,-0.0013771084498997435,4
2026-06-28 00:00:00+00:00,-0.0032729129249999996,0.01936461477559412,0.0,0.01609170185059412,4
2026-06-29 00:00:00+00:00,-0.004465603000000001,0.04280351215719275,0.0,0.03833790915719275,4
2026-06-30 00:00:00+00:00,-0.0035242927499999997,0.046635782697846545,0.0,0.04311148994784655,4
2026-07-01 00:00:00+00:00,0.00251007025,0.038090147755020926,0.00079,0.03981021800502093,4
2026-07-02 00:00:00+00:00,0.00232290085,0.025765372078538795,0.0,0.028088272928538795,4
2026-07-03 00:00:00+00:00,0.005250573775,0.01279868098619541,0.0,0.01804925476119541,4
2026-07-04 00:00:00+00:00,0.00337887415,-0.043533608346065816,0.0,-0.040154734196065814,4
2026-07-05 00:00:00+00:00,0.003314433775,0.04097173582872993,0.0,0.04428616960372993,4
2026-07-06 00:00:00+00:00,0.004573296725,0.005020531933158684,0.0,0.009593828658158684,4
2026-07-07 00:00:00+00:00,0.007972182725,0.0016959639705478036,0.0,0.009668146695547804,4
2026-07-08 00:00:00+00:00,0.007781293575000001,-0.010899289628594128,0.000395,-0.003512996053594127,4
2026-07-09 00:00:00+00:00,0.0085461182,-0.008454446445710667,0.0,9.167175428933215e-05,4
2026-07-10 00:00:00+00:00,0.005552361999999999,0.01891396456988023,0.0,0.02446632656988023,4
2026-07-11 00:00:00+00:00,0.0071732924,-0.0018662152924858177,0.0,0.005307077107514182,4
2026-07-12 00:00:00+00:00,0.005473221124999999,0.02451186285791307,0.0,0.02998508398291307,4
2026-07-13 00:00:00+00:00,0.008845218775,-0.009578835756777482,0.0,-0.0007336169817774817,4
2026-07-14 00:00:00+00:00,0.005810792550000001,0.01798253164103375,0.0,0.02379332419103375,4
2026-07-15 00:00:00+00:00,0.0046967484,0.03243226342504163,0.00079,0.03633901182504163,4
2026-07-16 00:00:00+00:00,0.006606028675,-0.013377984447762364,0.0,-0.006771955772762364,4
2026-07-17 00:00:00+00:00,0.007733151650000001,0.008027959685869834,0.0,0.015761111335869833,4
2026-07-18 00:00:00+00:00,0.00694365465,0.018977454167361213,0.0,0.02592110881736121,4
2026-07-19 00:00:00+00:00,0.008684064300000002,0.0021511811301577477,0.0,0.01083524543015775,4
2026-07-20 00:00:00+00:00,0.007348747125000001,-0.0003538513421238454,0.0,0.0069948957828761555,4
2026-07-21 00:00:00+00:00,0.005644985024999999,-0.006273526995036638,0.0,-0.0006285419700366385,4
2026-07-22 00:00:00+00:00,0.00622424595,-0.013768506970637168,0.0,-0.007544261020637167,4
2026-07-23 00:00:00+00:00,0.004552448675000001,-0.05763567492875374,0.0,-0.05308322625375374,4
2026-07-24 00:00:00+00:00,0.0028945132999999997,-0.026061469326844888,0.0,-0.02316695602684489,4
2026-07-25 00:00:00+00:00,0.0030006059249999993,-0.011418492351913612,0.0,-0.008417886426913612,4
2026-07-26 00:00:00+00:00,0.0030857139750000004,0.013097361151159725,0.0,0.016183075126159727,4
2026-07-27 00:00:00+00:00,0.003404718875,0.04294789148106601,0.0,0.046352610356066005,4
2026-07-28 00:00:00+00:00,0.0008995245999999998,-0.0819150143383423,0.0,-0.0810154897383423,4
2026-07-29 00:00:00+00:00,0.0061960085,0.04275083162663382,0.00079,0.04815684012663382,4
2026-07-30 00:00:00+00:00,0.0025009667500000003,-6.252265838560533e-05,0.0,0.002438444091614395,4
2026-07-31 00:00:00+00:00,0.0026409399750000006,0.01241047284863589,0.0,0.01505141282363589,4
2026-08-01 00:00:00+00:00,0.002433173375,0.011264021721069967,0.0,0.013697195096069967,4
2026-08-02 00:00:00+00:00,0.007155233475,-0.09006080937674721,0.0,-0.08290557590174721,4
2026-08-03 00:00:00+00:00,0.0028448793250000002,-0.02609152677370799,0.0,-0.02324664744870799,4
2026-08-04 00:00:00+00:00,0.0054422987499999995,-0.036150033519975366,0.0,-0.03070773476997537,4
2026-08-05 00:00:00+00:00,0.0027090426,0.0319457534741025,0.001185,0.033469796074102505,4
2026-08-06 00:00:00+00:00,0.002636515575,0.04122760619362276,0.0,0.043864121768622755,4
2026-08-07 00:00:00+00:00,0.00391518435,-0.020024818336310757,0.0,-0.016109633986310757,4
2026-08-08 00:00:00+00:00,0.004792479150000001,-0.08939604951642055,0.0,-0.08460357036642055,4
2026-08-09 00:00:00+00:00,0.0029175399249999996,-0.06860564399359925,0.0,-0.06568810406859925,4
2026-08-10 00:00:00+00:00,0.00346116375,0.1217090109148089,0.0,0.1251701746648089,4
2026-08-11 00:00:00+00:00,0.0049019757,0.10069499748447786,0.0,0.10559697318447786,4
2026-08-12 00:00:00+00:00,-0.0010129530000000002,0.01656765716654568,0.000395,0.01515970416654568,4
2026-08-13 00:00:00+00:00,0.0028829806,0.038012044014437,0.0,0.040895024614437,4
2026-08-14 00:00:00+00:00,0.0034363696750000002,0.06259868792593076,0.0,0.06603505760093076,4
2026-08-15 00:00:00+00:00,0.00660332555,0.10839116235488427,0.0,0.11499448790488427,4
2026-08-16 00:00:00+00:00,0.005286089525,0.001108134370471081,0.0,0.006394223895471081,4
2026-08-17 00:00:00+00:00,0.0057240272499999995,0.08720702557392968,0.0,0.09293105282392967,4
2026-08-18 00:00:00+00:00,0.005772563625,0.02750203665195372,0.0,0.03327460027695372,4
2026-08-19 00:00:00+00:00,0.008366951275000001,0.1315199623898281,0.000395,0.1394919136648281,4
2026-08-20 00:00:00+00:00,0.007466431375,0.0719079628058033,0.0,0.0793743941808033,4
2026-08-21 00:00:00+00:00,0.00962814835,-0.08940130331752372,0.0,-0.07977315496752371,4
2026-08-22 00:00:00+00:00,0.0118245094,0.04487019856083896,0.0,0.05669470796083896,4
2026-08-23 00:00:00+00:00,0.010412894,0.019228309760633555,0.0,0.029641203760633554,4
2026-08-24 00:00:00+00:00,0.009876040599999998,0.009857745757782116,0.0,0.019733786357782113,4
2026-08-25 00:00:00+00:00,0.005806048875000001,0.00915942515655796,0.0,0.01496547403155796,4
2026-08-26 00:00:00+00:00,0.006778005124999999,0.03153854447576046,0.000395,0.03792154960076046,4
2026-08-27 00:00:00+00:00,0.006227671675000001,0.009492477335060534,0.0,0.015720149010060535,4
