day,symbol,side,turnover
2025-07-02 00:00:00+00:00,BNBUSD,SHORT,2945702.4785
2025-07-02 00:00:00+00:00,ETHUSD,SHORT,545997673.1645
2025-07-02 00:00:00+00:00,BCHUSD,LONG,5686317.09295
2025-07-02 00:00:00+00:00,DOGEUSD,LONG,5592536.18
2025-07-09 00:00:00+00:00,BNBUSD,SHORT,2906033.4095
2025-07-09 00:00:00+00:00,ETHUSD,SHORT,522665520.07975006
2025-07-09 00:00:00+00:00,DOGEUSD,LONG,5496764.752
2025-07-09 00:00:00+00:00,BCHUSD,LONG,6523259.3444
2025-07-16 00:00:00+00:00,LINKUSD,SHORT,1858666.7505
2025-07-16 00:00:00+00:00,BNBUSD,SHORT,2769240.892
2025-07-16 00:00:00+00:00,DOGEUSD,LONG,5635259.089
2025-07-16 00:00:00+00:00,BCHUSD,LONG,6259744.63225
2025-07-23 00:00:00+00:00,LINKUSD,SHORT,1955275.9925
2025-07-23 00:00:00+00:00,ADAUSD,SHORT,2470552.7901999997
2025-07-23 00:00:00+00:00,UNIUSD,LONG,5379371.8265
2025-07-23 00:00:00+00:00,BCHUSD,LONG,5344756.584899999
2025-07-30 00:00:00+00:00,BNBUSD,SHORT,3233379.193
2025-07-30 00:00:00+00:00,LINKUSD,SHORT,2291172.2819999997
2025-07-30 00:00:00+00:00,AAVEUSD,LONG,4342593.055
2025-07-30 00:00:00+00:00,DOGEUSD,LONG,11998782.886
2025-08-06 00:00:00+00:00,BNBUSD,SHORT,3525343.3495000005
2025-08-06 00:00:00+00:00,ETHUSD,SHORT,851278282.5430001
2025-08-06 00:00:00+00:00,DOGEUSD,LONG,14445711.35
2025-08-06 00:00:00+00:00,AVAXUSD,LONG,5801100.483999999
2025-08-13 00:00:00+00:00,BNBUSD,SHORT,5300055.667
2025-08-13 00:00:00+00:00,ETHUSD,SHORT,880496388.26175
2025-08-13 00:00:00+00:00,DOGEUSD,LONG,14603390.6985
2025-08-13 00:00:00+00:00,AVAXUSD,LONG,6742268.398
2025-08-20 00:00:00+00:00,BNBUSD,SHORT,6665159.924000001
2025-08-20 00:00:00+00:00,SOLUSD,SHORT,225524501.6825
2025-08-20 00:00:00+00:00,BCHUSD,LONG,4109926.06575
2025-08-20 00:00:00+00:00,AVAXUSD,LONG,8551252.555
2025-08-27 00:00:00+00:00,SOLUSD,SHORT,229492067.83500004
2025-08-27 00:00:00+00:00,BTCUSD,SHORT,542270141.595
2025-08-27 00:00:00+00:00,AVAXUSD,LONG,8821824.423999999
2025-08-27 00:00:00+00:00,DOGEUSD,LONG,12648234.798500001
2025-09-03 00:00:00+00:00,BNBUSD,SHORT,5922798.314000001
2025-09-03 00:00:00+00:00,ETHUSD,SHORT,1032527911.08375
2025-09-03 00:00:00+00:00,BCHUSD,LONG,3274023.2601
2025-09-03 00:00:00+00:00,AVAXUSD,LONG,8551252.555
2025-09-10 00:00:00+00:00,BNBUSD,SHORT,5566221.811500001
2025-09-10 00:00:00+00:00,SOLUSD,SHORT,301101390.345
2025-09-10 00:00:00+00:00,AVAXUSD,LONG,8551252.555
2025-09-10 00:00:00+00:00,BCHUSD,LONG,3335829.32415
2025-09-17 00:00:00+00:00,BNBUSD,SHORT,5206852.606000001
2025-09-17 00:00:00+00:00,ETHUSD,SHORT,953755223.5135
2025-09-17 00:00:00+00:00,AAVEUSD,LONG,2619530.19
2025-09-17 00:00:00+00:00,AVAXUSD,LONG,8918197.394000001
2025-09-24 00:00:00+00:00,BNBUSD,SHORT,5416696.152000001
2025-09-24 00:00:00+00:00,ETHUSD,SHORT,858205232.3325
2025-09-24 00:00:00+00:00,ADAUSD,LONG,3705977.1476499997
2025-09-24 00:00:00+00:00,BCHUSD,LONG,4064986.5034500007
2025-10-01 00:00:00+00:00,BNBUSD,SHORT,8103710.424000001
2025-10-01 00:00:00+00:00,XRPUSD,SHORT,48140784.12675
2025-10-01 00:00:00+00:00,ADAUSD,LONG,3387429.87775
2025-10-01 00:00:00+00:00,BCHUSD,LONG,4205411.36895
2025-10-08 00:00:00+00:00,BNBUSD,SHORT,14775687.1065
2025-10-08 00:00:00+00:00,ETHUSD,SHORT,805003022.4402499
2025-10-08 00:00:00+00:00,AVAXUSD,LONG,23304135.667999998
2025-10-08 00:00:00+00:00,BCHUSD,LONG,3629614.5824
2025-10-15 00:00:00+00:00,ETHUSD,SHORT,885783456.5035
2025-10-15 00:00:00+00:00,BTCUSD,SHORT,625167091.5465
2025-10-15 00:00:00+00:00,BCHUSD,LONG,3076707.6924
2025-10-15 00:00:00+00:00,AVAXUSD,LONG,20766557.6505
2025-10-22 00:00:00+00:00,ETHUSD,SHORT,985771518.0480001
2025-10-22 00:00:00+00:00,SOLUSD,SHORT,350099672.288
2025-10-22 00:00:00+00:00,ADAUSD,LONG,2788511.4261
2025-10-22 00:00:00+00:00,BCHUSD,LONG,2834887.56105
2025-10-29 00:00:00+00:00,BTCUSD,SHORT,796690179.036
2025-10-29 00:00:00+00:00,ETHUSD,SHORT,983474920.4549999
2025-10-29 00:00:00+00:00,ADAUSD,LONG,2695120.3464
2025-10-29 00:00:00+00:00,BCHUSD,LONG,2889602.6077500004
2025-11-05 00:00:00+00:00,BTCUSD,SHORT,817451147.9335
2025-11-05 00:00:00+00:00,ETHUSD,SHORT,1016024203.9920001
2025-11-05 00:00:00+00:00,BCHUSD,LONG,2857023.9778500004
2025-11-05 00:00:00+00:00,AVAXUSD,LONG,8835167.204
2025-11-12 00:00:00+00:00,ETHUSD,SHORT,966673200.9875
2025-11-12 00:00:00+00:00,SOLUSD,SHORT,271260296.4465
2025-11-12 00:00:00+00:00,ADAUSD,LONG,2036905.25935
2025-11-12 00:00:00+00:00,BCHUSD,LONG,2931053.27435
2025-11-19 00:00:00+00:00,BNBUSD,SHORT,12102570.559500001
2025-11-19 00:00:00+00:00,SOLUSD,SHORT,256649724.4925
2025-11-19 00:00:00+00:00,LINKUSD,LONG,3573139.201
2025-11-19 00:00:00+00:00,BCHUSD,LONG,4046115.2420500005
2025-11-26 00:00:00+00:00,BNBUSD,SHORT,11453473.349000001
2025-11-26 00:00:00+00:00,SOLUSD,SHORT,250360825.0555
2025-11-26 00:00:00+00:00,ADAUSD,LONG,1882457.522
2025-11-26 00:00:00+00:00,UNIUSD,LONG,3105468.037
2025-12-03 00:00:00+00:00,ARCUSD,SHORT,1030696.0299999999
2025-12-03 00:00:00+00:00,BNBUSD,SHORT,10685401.164500002
2025-12-03 00:00:00+00:00,BCHUSD,LONG,4152660.44125
2025-12-03 00:00:00+00:00,AVAXUSD,LONG,4895341.222999999
2025-12-10 00:00:00+00:00,BNBUSD,SHORT,8969912.322999999
2025-12-10 00:00:00+00:00,SOLUSD,SHORT,213088353.558
2025-12-10 00:00:00+00:00,AVAXUSD,LONG,4005119.625
2025-12-10 00:00:00+00:00,BCHUSD,LONG,4689943.64505
2025-12-17 00:00:00+00:00,BNBUSD,SHORT,6813519.853500001
2025-12-17 00:00:00+00:00,SOLUSD,SHORT,207853870.3535
2025-12-17 00:00:00+00:00,ADAUSD,LONG,1883282.7776
2025-12-17 00:00:00+00:00,BCHUSD,LONG,4214167.24075
2025-12-24 00:00:00+00:00,BNBUSD,SHORT,5837751.021
2025-12-24 00:00:00+00:00,SOLUSD,SHORT,199972898.50949997
2025-12-24 00:00:00+00:00,AAVEUSD,LONG,1291090.65
2025-12-24 00:00:00+00:00,BCHUSD,LONG,4152660.44125
2025-12-31 00:00:00+00:00,BNBUSD,SHORT,4842243.4969999995
2025-12-31 00:00:00+00:00,SOLUSD,SHORT,182107064.609
2025-12-31 00:00:00+00:00,BCHUSD,LONG,4276882.833450001
2025-12-31 00:00:00+00:00,ADAUSD,LONG,1421661.74365
2026-01-07 00:00:00+00:00,BNBUSD,SHORT,4557180.8774999995
2026-01-07 00:00:00+00:00,SOLUSD,SHORT,151779776.99699998
2026-01-07 00:00:00+00:00,BCHUSD,LONG,3830374.64795
2026-01-07 00:00:00+00:00,ADAUSD,LONG,1512949.0950500001
2026-01-14 00:00:00+00:00,HUSD,SHORT,4426614.301
2026-01-14 00:00:00+00:00,BNBUSD,SHORT,4739987.4185
2026-01-14 00:00:00+00:00,ADAUSD,LONG,1512949.0950500001
2026-01-14 00:00:00+00:00,BCHUSD,LONG,4461037.38975
2026-01-21 00:00:00+00:00,HUSD,SHORT,4140372.8100000005
2026-01-21 00:00:00+00:00,BNBUSD,SHORT,4562273.696
2026-01-21 00:00:00+00:00,ADAUSD,LONG,1519490.89515
2026-01-21 00:00:00+00:00,BCHUSD,LONG,3696420.8518000003
2026-01-28 00:00:00+00:00,HUSD,SHORT,1919462.809
2026-01-28 00:00:00+00:00,BNBUSD,SHORT,4269565.4855
2026-01-28 00:00:00+00:00,AVAXUSD,LONG,2355280.0420000004
2026-01-28 00:00:00+00:00,UNIUSD,LONG,1697738.2850000001
2026-02-04 00:00:00+00:00,HUSD,SHORT,1337978.318
2026-02-04 00:00:00+00:00,BNBUSD,SHORT,4485839.7524999995
2026-02-04 00:00:00+00:00,ADAUSD,LONG,1238736.2578
2026-02-04 00:00:00+00:00,UNIUSD,LONG,1341372.148
2026-02-11 00:00:00+00:00,HUSD,SHORT,1397295.46
2026-02-11 00:00:00+00:00,BNBUSD,SHORT,3695793.8465
2026-02-11 00:00:00+00:00,UNIUSD,LONG,1101718.9925
2026-02-11 00:00:00+00:00,HYPEUSD,LONG,1018819.8981
2026-02-18 00:00:00+00:00,BNBUSD,SHORT,2753981.8225000002
2026-02-18 00:00:00+00:00,AAVEUSD,SHORT,1241460.25
2026-02-18 00:00:00+00:00,UNIUSD,LONG,1057204.2655
2026-02-18 00:00:00+00:00,HUSD,LONG,1272011.892
2026-02-25 00:00:00+00:00,BNBUSD,SHORT,1704778.741
2026-02-25 00:00:00+00:00,DOGEUSD,SHORT,2511542.9919999996
2026-02-25 00:00:00+00:00,UNIUSD,LONG,1100377.1405
2026-02-25 00:00:00+00:00,LINKUSD,LONG,1625563.1665
2026-03-04 00:00:00+00:00,HUSD,SHORT,1272011.892
2026-03-04 00:00:00+00:00,ARCUSD,SHORT,1910671.06395
2026-03-04 00:00:00+00:00,UNIUSD,LONG,1135027.964
2026-03-04 00:00:00+00:00,LTCUSD,LONG,2776075.4620000003
2026-03-11 00:00:00+00:00,BNBUSD,SHORT,1309316.1150000002
2026-03-11 00:00:00+00:00,DOGEUSD,SHORT,1596715.0720000002
2026-03-11 00:00:00+00:00,XRPUSD,LONG,44427349.95365
2026-03-11 00:00:00+00:00,LTCUSD,LONG,2137814.8545000004
2026-03-18 00:00:00+00:00,BNBUSD,SHORT,1218108.6179999998
2026-03-18 00:00:00+00:00,DOGEUSD,SHORT,1596715.0720000002
2026-03-18 00:00:00+00:00,LTCUSD,LONG,2086635.276
2026-03-18 00:00:00+00:00,LINKUSD,LONG,1764083.688
2026-03-25 00:00:00+00:00,SOLUSD,SHORT,125311263.4315
2026-03-25 00:00:00+00:00,BCHUSD,SHORT,1354964.4794
2026-03-25 00:00:00+00:00,LTCUSD,LONG,1972318.2745000003
2026-03-25 00:00:00+00:00,AINUSD,LONG,1443197.495
2026-04-01 00:00:00+00:00,AINUSD,SHORT,1373014.7510000002
2026-04-01 00:00:00+00:00,BNBUSD,SHORT,1144414.48
2026-04-01 00:00:00+00:00,DOGEUSD,LONG,2112626.3655000003
2026-04-01 00:00:00+00:00,LTCUSD,LONG,1661779.312
2026-04-08 00:00:00+00:00,AINUSD,SHORT,1924325.7125
2026-04-08 00:00:00+00:00,BNBUSD,SHORT,1271282.9840000002
2026-04-08 00:00:00+00:00,LTCUSD,LONG,1457417.742
2026-04-08 00:00:00+00:00,ZECUSD,LONG,1762847.034
2026-04-15 00:00:00+00:00,AINUSD,SHORT,2107355.045
2026-04-15 00:00:00+00:00,BNBUSD,SHORT,1670768.699
2026-04-15 00:00:00+00:00,BTCUSD,LONG,1142720978.5615
2026-04-15 00:00:00+00:00,LTCUSD,LONG,1428161.2155
2026-04-22 00:00:00+00:00,BNBUSD,SHORT,2158135.9800000004
2026-04-22 00:00:00+00:00,AINUSD,SHORT,1064546.43
2026-04-22 00:00:00+00:00,LINKUSD,LONG,1035280.6980000001
2026-04-22 00:00:00+00:00,ZECUSD,LONG,2156949.2600000002
2026-04-29 00:00:00+00:00,BNBUSD,SHORT,1972661.1665
2026-04-29 00:00:00+00:00,SOLUSD,SHORT,87689875.243
2026-04-29 00:00:00+00:00,ZECUSD,LONG,2698957.455
2026-04-29 00:00:00+00:00,AAVEUSD,LONG,2077482.63
2026-05-06 00:00:00+00:00,HUSD,SHORT,1792214.2774999999
2026-05-06 00:00:00+00:00,AINUSD,SHORT,1241292.4545
2026-05-06 00:00:00+00:00,LTCUSD,LONG,1499576.7645
2026-05-06 00:00:00+00:00,ZECUSD,LONG,3555690.8175000004
2026-05-13 00:00:00+00:00,AINUSD,SHORT,1241292.4545
2026-05-13 00:00:00+00:00,HUSD,SHORT,1792214.2774999999
2026-05-13 00:00:00+00:00,BTCUSD,LONG,933623903.36
2026-05-13 00:00:00+00:00,ZECUSD,LONG,4186995.9164999994
2026-05-20 00:00:00+00:00,AAVEUSD,SHORT,1693632.045
2026-05-20 00:00:00+00:00,ZECUSD,SHORT,5457458.427000001
2026-05-20 00:00:00+00:00,ETHUSD,LONG,489397016.4075
2026-05-20 00:00:00+00:00,HUSD,LONG,1963665.912
2026-05-27 00:00:00+00:00,AAVEUSD,SHORT,1522298.21
2026-05-27 00:00:00+00:00,DOGEUSD,SHORT,3983717.586
2026-05-27 00:00:00+00:00,ETHUSD,LONG,459053348.0905
2026-05-27 00:00:00+00:00,HUSD,LONG,1795504.35
2026-06-03 00:00:00+00:00,AAVEUSD,SHORT,1409387.365
2026-06-03 00:00:00+00:00,ZECUSD,SHORT,6285576.038000001
2026-06-03 00:00:00+00:00,HYPEUSD,LONG,1556087.8595
2026-06-03 00:00:00+00:00,HUSD,LONG,1889416.186
2026-06-10 00:00:00+00:00,AAVEUSD,SHORT,1310168.8050000002
2026-06-10 00:00:00+00:00,DOGEUSD,SHORT,4001644.2555
2026-06-10 00:00:00+00:00,ETHUSD,LONG,484591634.079
2026-06-10 00:00:00+00:00,HUSD,LONG,6310870.736
2026-06-17 00:00:00+00:00,HUSD,SHORT,16646307.105
2026-06-17 00:00:00+00:00,BNBUSD,SHORT,2368454.02
2026-06-17 00:00:00+00:00,BTCUSD,LONG,909248677.503
2026-06-17 00:00:00+00:00,ETHUSD,LONG,527921215.16925
2026-06-24 00:00:00+00:00,DOGEUSD,SHORT,3491971.1789999995
2026-06-24 00:00:00+00:00,BNBUSD,SHORT,2644693.6380000003
2026-06-24 00:00:00+00:00,ETHUSD,LONG,529356609.38400006
2026-06-24 00:00:00+00:00,HUSD,LONG,22948590.844
2026-07-01 00:00:00+00:00,HUSD,SHORT,23969517.7015
2026-07-01 00:00:00+00:00,DOGEUSD,SHORT,3318780.9924999997
2026-07-01 00:00:00+00:00,ETHUSD,LONG,590229477.6675
2026-07-01 00:00:00+00:00,HYPEUSD,LONG,1381873.6295
2026-07-08 00:00:00+00:00,HUSD,SHORT,21147300.633
2026-07-08 00:00:00+00:00,RIVERUSD,SHORT,1018232.0075000001
2026-07-08 00:00:00+00:00,ETHUSD,LONG,529356609.38400006
2026-07-08 00:00:00+00:00,HYPEUSD,LONG,1266891.405
2026-07-15 00:00:00+00:00,HUSD,SHORT,8433907.7175
2026-07-15 00:00:00+00:00,BEATUSD,SHORT,14193250.511999998
2026-07-15 00:00:00+00:00,BTCUSD,LONG,936164524.461
2026-07-15 00:00:00+00:00,ETHUSD,LONG,520933214.31125
2026-07-22 00:00:00+00:00,HUSD,SHORT,4057657.4175000004
2026-07-22 00:00:00+00:00,BEATUSD,SHORT,8003771.9125
2026-07-22 00:00:00+00:00,BTCUSD,LONG,928788243.7620001
2026-07-22 00:00:00+00:00,ETHUSD,LONG,505530462.97249997
2026-07-29 00:00:00+00:00,HUSD,SHORT,1206156.267
2026-07-29 00:00:00+00:00,DOGEUSD,SHORT,2457749.392
2026-07-29 00:00:00+00:00,ETHUSD,LONG,505530462.97249997
2026-07-29 00:00:00+00:00,BEATUSD,LONG,8394091.4745
2026-08-05 00:00:00+00:00,BEATUSD,SHORT,9415642.6885
2026-08-05 00:00:00+00:00,AAVEUSD,SHORT,1948326.065
2026-08-05 00:00:00+00:00,BTCUSD,LONG,815347058.3297501
2026-08-05 00:00:00+00:00,ETHUSD,LONG,490311129.56799996
2026-08-12 00:00:00+00:00,BEATUSD,SHORT,12017279.084
2026-08-12 00:00:00+00:00,DOGEUSD,SHORT,2149869.579
2026-08-12 00:00:00+00:00,BTCUSD,LONG,754698262.9365001
2026-08-12 00:00:00+00:00,ETHUSD,LONG,455426025.57275003
2026-08-19 00:00:00+00:00,BEATUSD,SHORT,16746035.558
2026-08-19 00:00:00+00:00,BLESSUSD,SHORT,1520267.392
2026-08-19 00:00:00+00:00,BTCUSD,LONG,719217278.0074999
2026-08-19 00:00:00+00:00,ETHUSD,LONG,415825242.48975
2026-08-26 00:00:00+00:00,BEATUSD,SHORT,15386715.601
2026-08-26 00:00:00+00:00,HUSD,SHORT,2021917.2799999998
2026-08-26 00:00:00+00:00,BTCUSD,LONG,760683760.8655
2026-08-26 00:00:00+00:00,ETHUSD,LONG,448259069.3495
